-- phpMyAdmin SQL Dump
-- version 5.2.1
-- https://www.phpmyadmin.net/
--
-- Máy chủ: 127.0.0.1
-- Thời gian đã tạo: Th10 18, 2025 lúc 10:32 AM
-- Phiên bản máy phục vụ: 10.4.32-MariaDB
-- Phiên bản PHP: 8.4.13

SET SQL_MODE = "NO_AUTO_VALUE_ON_ZERO";
START TRANSACTION;
SET time_zone = "+00:00";


/*!40101 SET @OLD_CHARACTER_SET_CLIENT=@@CHARACTER_SET_CLIENT */;
/*!40101 SET @OLD_CHARACTER_SET_RESULTS=@@CHARACTER_SET_RESULTS */;
/*!40101 SET @OLD_COLLATION_CONNECTION=@@COLLATION_CONNECTION */;
/*!40101 SET NAMES utf8mb4 */;

--
-- Cơ sở dữ liệu: `weblt`
--

-- --------------------------------------------------------

--
-- Cấu trúc bảng cho bảng `binhluan`
--

CREATE TABLE `binhluan` (
  `id` bigint(20) UNSIGNED NOT NULL,
  `sanpham_id` int(10) UNSIGNED NOT NULL,
  `user_id` int(11) NOT NULL,
  `noidung` text NOT NULL,
  `created_at` timestamp NULL DEFAULT NULL,
  `updated_at` timestamp NULL DEFAULT NULL,
  `trangthai` enum('pending','duyệt') NOT NULL DEFAULT 'pending'
) ENGINE=InnoDB DEFAULT CHARSET=utf8mb4 COLLATE=utf8mb4_unicode_ci;

--
-- Đang đổ dữ liệu cho bảng `binhluan`
--

INSERT INTO `binhluan` (`id`, `sanpham_id`, `user_id`, `noidung`, `created_at`, `updated_at`, `trangthai`) VALUES
(1, 6, 2, 'alabama', '2025-11-06 13:00:00', '2025-11-18 07:41:41', 'pending');

-- --------------------------------------------------------

--
-- Cấu trúc bảng cho bảng `cache`
--

CREATE TABLE `cache` (
  `key` varchar(255) NOT NULL,
  `value` mediumtext NOT NULL,
  `expiration` int(11) NOT NULL
) ENGINE=InnoDB DEFAULT CHARSET=utf8mb4 COLLATE=utf8mb4_unicode_ci;

--
-- Đang đổ dữ liệu cho bảng `cache`
--

INSERT INTO `cache` (`key`, `value`, `expiration`) VALUES
('laravel-cache-chat_history_guest_127.0.0.1', 'a:2:{i:0;a:2:{s:4:\"user\";s:16:\"tìm laptop dell\";s:3:\"bot\";s:182:\"Mình tìm thấy **5 mẫu laptop** phù hợp với nhu cầu của bạn!\n\nBạn có thể chọn mẫu dưới đây hoặc nói rõ hơn để mình lọc chính xác hơn nhé!\";}i:1;a:2:{s:4:\"user\";s:16:\"tìm laptop asus\";s:3:\"bot\";s:182:\"Mình tìm thấy **5 mẫu laptop** phù hợp với nhu cầu của bạn!\n\nBạn có thể chọn mẫu dưới đây hoặc nói rõ hơn để mình lọc chính xác hơn nhé!\";}}', 1763405613),
('laravel-cache-search_84de913561c962764108218ad424e717', 'O:39:\"Illuminate\\Database\\Eloquent\\Collection\":2:{s:8:\"\0*\0items\";a:4:{i:0;O:18:\"App\\Models\\SanPham\":33:{s:13:\"\0*\0connection\";s:5:\"mysql\";s:8:\"\0*\0table\";s:7:\"sanpham\";s:13:\"\0*\0primaryKey\";s:4:\"masp\";s:10:\"\0*\0keyType\";s:3:\"int\";s:12:\"incrementing\";b:1;s:7:\"\0*\0with\";a:0:{}s:12:\"\0*\0withCount\";a:0:{}s:19:\"preventsLazyLoading\";b:0;s:10:\"\0*\0perPage\";i:15;s:6:\"exists\";b:1;s:18:\"wasRecentlyCreated\";b:0;s:28:\"\0*\0escapeWhenCastingToString\";b:0;s:13:\"\0*\0attributes\";a:11:{s:4:\"masp\";i:4;s:5:\"tensp\";s:21:\"HP 15-dw3033dx (2022)\";s:10:\"anhdaidien\";s:9:\"hp15s.jpg\";s:4:\"mota\";s:284:\"HP 15-dw3033dx trang bị CPU i5-1135G7 và đồ họa Iris Xe, đáp ứng tốt các tác vụ văn phòng và học tập. Màn hình 15.6 inch rộng rãi, phù hợp đọc tài liệu. SSD NVMe cho tốc độ mở máy nhanh. Thiết kế đơn giản, bền và ổn định.\";s:12:\"hinhanhkhac1\";s:9:\"hp15s.jpg\";s:6:\"giamoi\";s:11:\"11490000.00\";s:5:\"giacu\";s:11:\"13213500.00\";s:9:\"trangthai\";i:1;s:7:\"hang_id\";i:4;s:10:\"danhmuc_id\";i:2;s:12:\"chuyenmuc_id\";i:3;}s:11:\"\0*\0original\";a:11:{s:4:\"masp\";i:4;s:5:\"tensp\";s:21:\"HP 15-dw3033dx (2022)\";s:10:\"anhdaidien\";s:9:\"hp15s.jpg\";s:4:\"mota\";s:284:\"HP 15-dw3033dx trang bị CPU i5-1135G7 và đồ họa Iris Xe, đáp ứng tốt các tác vụ văn phòng và học tập. Màn hình 15.6 inch rộng rãi, phù hợp đọc tài liệu. SSD NVMe cho tốc độ mở máy nhanh. Thiết kế đơn giản, bền và ổn định.\";s:12:\"hinhanhkhac1\";s:9:\"hp15s.jpg\";s:6:\"giamoi\";s:11:\"11490000.00\";s:5:\"giacu\";s:11:\"13213500.00\";s:9:\"trangthai\";i:1;s:7:\"hang_id\";i:4;s:10:\"danhmuc_id\";i:2;s:12:\"chuyenmuc_id\";i:3;}s:10:\"\0*\0changes\";a:0:{}s:11:\"\0*\0previous\";a:0:{}s:8:\"\0*\0casts\";a:2:{s:6:\"giamoi\";s:9:\"decimal:2\";s:5:\"giacu\";s:9:\"decimal:2\";}s:17:\"\0*\0classCastCache\";a:0:{}s:21:\"\0*\0attributeCastCache\";a:0:{}s:13:\"\0*\0dateFormat\";N;s:10:\"\0*\0appends\";a:0:{}s:19:\"\0*\0dispatchesEvents\";a:0:{}s:14:\"\0*\0observables\";a:0:{}s:12:\"\0*\0relations\";a:1:{s:4:\"hang\";O:15:\"App\\Models\\Hang\":33:{s:13:\"\0*\0connection\";s:5:\"mysql\";s:8:\"\0*\0table\";s:4:\"hang\";s:13:\"\0*\0primaryKey\";s:2:\"id\";s:10:\"\0*\0keyType\";s:3:\"int\";s:12:\"incrementing\";b:1;s:7:\"\0*\0with\";a:0:{}s:12:\"\0*\0withCount\";a:0:{}s:19:\"preventsLazyLoading\";b:0;s:10:\"\0*\0perPage\";i:15;s:6:\"exists\";b:1;s:18:\"wasRecentlyCreated\";b:0;s:28:\"\0*\0escapeWhenCastingToString\";b:0;s:13:\"\0*\0attributes\";a:5:{s:2:\"id\";i:4;s:7:\"tenhang\";s:2:\"HP\";s:7:\"hinhanh\";s:7:\"HP.webp\";s:10:\"created_at\";N;s:10:\"updated_at\";s:19:\"2025-11-08 13:25:44\";}s:11:\"\0*\0original\";a:5:{s:2:\"id\";i:4;s:7:\"tenhang\";s:2:\"HP\";s:7:\"hinhanh\";s:7:\"HP.webp\";s:10:\"created_at\";N;s:10:\"updated_at\";s:19:\"2025-11-08 13:25:44\";}s:10:\"\0*\0changes\";a:0:{}s:11:\"\0*\0previous\";a:0:{}s:8:\"\0*\0casts\";a:0:{}s:17:\"\0*\0classCastCache\";a:0:{}s:21:\"\0*\0attributeCastCache\";a:0:{}s:13:\"\0*\0dateFormat\";N;s:10:\"\0*\0appends\";a:0:{}s:19:\"\0*\0dispatchesEvents\";a:0:{}s:14:\"\0*\0observables\";a:0:{}s:12:\"\0*\0relations\";a:0:{}s:10:\"\0*\0touches\";a:0:{}s:27:\"\0*\0relationAutoloadCallback\";N;s:26:\"\0*\0relationAutoloadContext\";N;s:10:\"timestamps\";b:1;s:13:\"usesUniqueIds\";b:0;s:9:\"\0*\0hidden\";a:0:{}s:10:\"\0*\0visible\";a:0:{}s:11:\"\0*\0fillable\";a:2:{i:0;s:7:\"tenhang\";i:1;s:7:\"hinhanh\";}s:10:\"\0*\0guarded\";a:1:{i:0;s:1:\"*\";}}}s:10:\"\0*\0touches\";a:0:{}s:27:\"\0*\0relationAutoloadCallback\";N;s:26:\"\0*\0relationAutoloadContext\";N;s:10:\"timestamps\";b:0;s:13:\"usesUniqueIds\";b:0;s:9:\"\0*\0hidden\";a:0:{}s:10:\"\0*\0visible\";a:0:{}s:11:\"\0*\0fillable\";a:10:{i:0;s:5:\"tensp\";i:1;s:10:\"anhdaidien\";i:2;s:12:\"chuyenmuc_id\";i:3;s:4:\"mota\";i:4;s:7:\"hang_id\";i:5;s:10:\"danhmuc_id\";i:6;s:12:\"hinhanhkhac1\";i:7;s:6:\"giamoi\";i:8;s:5:\"giacu\";i:9;s:9:\"trangthai\";}s:10:\"\0*\0guarded\";a:1:{i:0;s:1:\"*\";}}i:1;O:18:\"App\\Models\\SanPham\":33:{s:13:\"\0*\0connection\";s:5:\"mysql\";s:8:\"\0*\0table\";s:7:\"sanpham\";s:13:\"\0*\0primaryKey\";s:4:\"masp\";s:10:\"\0*\0keyType\";s:3:\"int\";s:12:\"incrementing\";b:1;s:7:\"\0*\0with\";a:0:{}s:12:\"\0*\0withCount\";a:0:{}s:19:\"preventsLazyLoading\";b:0;s:10:\"\0*\0perPage\";i:15;s:6:\"exists\";b:1;s:18:\"wasRecentlyCreated\";b:0;s:28:\"\0*\0escapeWhenCastingToString\";b:0;s:13:\"\0*\0attributes\";a:11:{s:4:\"masp\";i:3;s:5:\"tensp\";s:21:\"HP 14-ep0112TU (2023)\";s:10:\"anhdaidien\";s:9:\"hp14s.jpg\";s:4:\"mota\";s:323:\"HP 14-ep0112TU dùng CPU i5-1335U tiết kiệm điện, phù hợp cho học tập, văn phòng và giải trí nhẹ. Màn hình 14 inch FHD hiển thị ổn định. SSD NVMe cho tốc độ phản hồi nhanh. Máy gọn nhẹ, dễ mang theo hàng ngày. Lựa chọn tốt cho sinh viên và nhân viên văn phòng.\";s:12:\"hinhanhkhac1\";s:9:\"hp14s.jpg\";s:6:\"giamoi\";s:11:\"13590000.00\";s:5:\"giacu\";s:11:\"15628500.00\";s:9:\"trangthai\";i:1;s:7:\"hang_id\";i:4;s:10:\"danhmuc_id\";i:2;s:12:\"chuyenmuc_id\";i:4;}s:11:\"\0*\0original\";a:11:{s:4:\"masp\";i:3;s:5:\"tensp\";s:21:\"HP 14-ep0112TU (2023)\";s:10:\"anhdaidien\";s:9:\"hp14s.jpg\";s:4:\"mota\";s:323:\"HP 14-ep0112TU dùng CPU i5-1335U tiết kiệm điện, phù hợp cho học tập, văn phòng và giải trí nhẹ. Màn hình 14 inch FHD hiển thị ổn định. SSD NVMe cho tốc độ phản hồi nhanh. Máy gọn nhẹ, dễ mang theo hàng ngày. Lựa chọn tốt cho sinh viên và nhân viên văn phòng.\";s:12:\"hinhanhkhac1\";s:9:\"hp14s.jpg\";s:6:\"giamoi\";s:11:\"13590000.00\";s:5:\"giacu\";s:11:\"15628500.00\";s:9:\"trangthai\";i:1;s:7:\"hang_id\";i:4;s:10:\"danhmuc_id\";i:2;s:12:\"chuyenmuc_id\";i:4;}s:10:\"\0*\0changes\";a:0:{}s:11:\"\0*\0previous\";a:0:{}s:8:\"\0*\0casts\";a:2:{s:6:\"giamoi\";s:9:\"decimal:2\";s:5:\"giacu\";s:9:\"decimal:2\";}s:17:\"\0*\0classCastCache\";a:0:{}s:21:\"\0*\0attributeCastCache\";a:0:{}s:13:\"\0*\0dateFormat\";N;s:10:\"\0*\0appends\";a:0:{}s:19:\"\0*\0dispatchesEvents\";a:0:{}s:14:\"\0*\0observables\";a:0:{}s:12:\"\0*\0relations\";a:1:{s:4:\"hang\";r:52;}s:10:\"\0*\0touches\";a:0:{}s:27:\"\0*\0relationAutoloadCallback\";N;s:26:\"\0*\0relationAutoloadContext\";N;s:10:\"timestamps\";b:0;s:13:\"usesUniqueIds\";b:0;s:9:\"\0*\0hidden\";a:0:{}s:10:\"\0*\0visible\";a:0:{}s:11:\"\0*\0fillable\";a:10:{i:0;s:5:\"tensp\";i:1;s:10:\"anhdaidien\";i:2;s:12:\"chuyenmuc_id\";i:3;s:4:\"mota\";i:4;s:7:\"hang_id\";i:5;s:10:\"danhmuc_id\";i:6;s:12:\"hinhanhkhac1\";i:7;s:6:\"giamoi\";i:8;s:5:\"giacu\";i:9;s:9:\"trangthai\";}s:10:\"\0*\0guarded\";a:1:{i:0;s:1:\"*\";}}i:2;O:18:\"App\\Models\\SanPham\":33:{s:13:\"\0*\0connection\";s:5:\"mysql\";s:8:\"\0*\0table\";s:7:\"sanpham\";s:13:\"\0*\0primaryKey\";s:4:\"masp\";s:10:\"\0*\0keyType\";s:3:\"int\";s:12:\"incrementing\";b:1;s:7:\"\0*\0with\";a:0:{}s:12:\"\0*\0withCount\";a:0:{}s:19:\"preventsLazyLoading\";b:0;s:10:\"\0*\0perPage\";i:15;s:6:\"exists\";b:1;s:18:\"wasRecentlyCreated\";b:0;s:28:\"\0*\0escapeWhenCastingToString\";b:0;s:13:\"\0*\0attributes\";a:11:{s:4:\"masp\";i:6;s:5:\"tensp\";s:35:\"Dell G15 5515 (R7 5800H / RTX 3050)\";s:10:\"anhdaidien\";s:12:\"dell-g15.jpg\";s:4:\"mota\";s:331:\"Dell G15 5515 sử dụng CPU Ryzen 7 5800H và RTX 3050, đáp ứng tốt game eSports và các tựa game phổ biến. Màn hình 120Hz cho độ mượt ổn định. Tản nhiệt hai quạt giúp duy trì hiệu suất lâu dài. Máy có thiết kế bền bỉ, phù hợp game thủ cần sự ổn định và mát mẻ.\";s:12:\"hinhanhkhac1\";s:12:\"dell-g15.jpg\";s:6:\"giamoi\";s:11:\"18990000.00\";s:5:\"giacu\";s:11:\"21838500.00\";s:9:\"trangthai\";i:1;s:7:\"hang_id\";i:2;s:10:\"danhmuc_id\";i:18;s:12:\"chuyenmuc_id\";i:1;}s:11:\"\0*\0original\";a:11:{s:4:\"masp\";i:6;s:5:\"tensp\";s:35:\"Dell G15 5515 (R7 5800H / RTX 3050)\";s:10:\"anhdaidien\";s:12:\"dell-g15.jpg\";s:4:\"mota\";s:331:\"Dell G15 5515 sử dụng CPU Ryzen 7 5800H và RTX 3050, đáp ứng tốt game eSports và các tựa game phổ biến. Màn hình 120Hz cho độ mượt ổn định. Tản nhiệt hai quạt giúp duy trì hiệu suất lâu dài. Máy có thiết kế bền bỉ, phù hợp game thủ cần sự ổn định và mát mẻ.\";s:12:\"hinhanhkhac1\";s:12:\"dell-g15.jpg\";s:6:\"giamoi\";s:11:\"18990000.00\";s:5:\"giacu\";s:11:\"21838500.00\";s:9:\"trangthai\";i:1;s:7:\"hang_id\";i:2;s:10:\"danhmuc_id\";i:18;s:12:\"chuyenmuc_id\";i:1;}s:10:\"\0*\0changes\";a:0:{}s:11:\"\0*\0previous\";a:0:{}s:8:\"\0*\0casts\";a:2:{s:6:\"giamoi\";s:9:\"decimal:2\";s:5:\"giacu\";s:9:\"decimal:2\";}s:17:\"\0*\0classCastCache\";a:0:{}s:21:\"\0*\0attributeCastCache\";a:0:{}s:13:\"\0*\0dateFormat\";N;s:10:\"\0*\0appends\";a:0:{}s:19:\"\0*\0dispatchesEvents\";a:0:{}s:14:\"\0*\0observables\";a:0:{}s:12:\"\0*\0relations\";a:1:{s:4:\"hang\";O:15:\"App\\Models\\Hang\":33:{s:13:\"\0*\0connection\";s:5:\"mysql\";s:8:\"\0*\0table\";s:4:\"hang\";s:13:\"\0*\0primaryKey\";s:2:\"id\";s:10:\"\0*\0keyType\";s:3:\"int\";s:12:\"incrementing\";b:1;s:7:\"\0*\0with\";a:0:{}s:12:\"\0*\0withCount\";a:0:{}s:19:\"preventsLazyLoading\";b:0;s:10:\"\0*\0perPage\";i:15;s:6:\"exists\";b:1;s:18:\"wasRecentlyCreated\";b:0;s:28:\"\0*\0escapeWhenCastingToString\";b:0;s:13:\"\0*\0attributes\";a:5:{s:2:\"id\";i:2;s:7:\"tenhang\";s:4:\"Dell\";s:7:\"hinhanh\";s:9:\"Dell.webp\";s:10:\"created_at\";N;s:10:\"updated_at\";N;}s:11:\"\0*\0original\";a:5:{s:2:\"id\";i:2;s:7:\"tenhang\";s:4:\"Dell\";s:7:\"hinhanh\";s:9:\"Dell.webp\";s:10:\"created_at\";N;s:10:\"updated_at\";N;}s:10:\"\0*\0changes\";a:0:{}s:11:\"\0*\0previous\";a:0:{}s:8:\"\0*\0casts\";a:0:{}s:17:\"\0*\0classCastCache\";a:0:{}s:21:\"\0*\0attributeCastCache\";a:0:{}s:13:\"\0*\0dateFormat\";N;s:10:\"\0*\0appends\";a:0:{}s:19:\"\0*\0dispatchesEvents\";a:0:{}s:14:\"\0*\0observables\";a:0:{}s:12:\"\0*\0relations\";a:0:{}s:10:\"\0*\0touches\";a:0:{}s:27:\"\0*\0relationAutoloadCallback\";N;s:26:\"\0*\0relationAutoloadContext\";N;s:10:\"timestamps\";b:1;s:13:\"usesUniqueIds\";b:0;s:9:\"\0*\0hidden\";a:0:{}s:10:\"\0*\0visible\";a:0:{}s:11:\"\0*\0fillable\";a:2:{i:0;s:7:\"tenhang\";i:1;s:7:\"hinhanh\";}s:10:\"\0*\0guarded\";a:1:{i:0;s:1:\"*\";}}}s:10:\"\0*\0touches\";a:0:{}s:27:\"\0*\0relationAutoloadCallback\";N;s:26:\"\0*\0relationAutoloadContext\";N;s:10:\"timestamps\";b:0;s:13:\"usesUniqueIds\";b:0;s:9:\"\0*\0hidden\";a:0:{}s:10:\"\0*\0visible\";a:0:{}s:11:\"\0*\0fillable\";a:10:{i:0;s:5:\"tensp\";i:1;s:10:\"anhdaidien\";i:2;s:12:\"chuyenmuc_id\";i:3;s:4:\"mota\";i:4;s:7:\"hang_id\";i:5;s:10:\"danhmuc_id\";i:6;s:12:\"hinhanhkhac1\";i:7;s:6:\"giamoi\";i:8;s:5:\"giacu\";i:9;s:9:\"trangthai\";}s:10:\"\0*\0guarded\";a:1:{i:0;s:1:\"*\";}}i:3;O:18:\"App\\Models\\SanPham\":33:{s:13:\"\0*\0connection\";s:5:\"mysql\";s:8:\"\0*\0table\";s:7:\"sanpham\";s:13:\"\0*\0primaryKey\";s:4:\"masp\";s:10:\"\0*\0keyType\";s:3:\"int\";s:12:\"incrementing\";b:1;s:7:\"\0*\0with\";a:0:{}s:12:\"\0*\0withCount\";a:0:{}s:19:\"preventsLazyLoading\";b:0;s:10:\"\0*\0perPage\";i:15;s:6:\"exists\";b:1;s:18:\"wasRecentlyCreated\";b:0;s:28:\"\0*\0escapeWhenCastingToString\";b:0;s:13:\"\0*\0attributes\";a:11:{s:4:\"masp\";i:8;s:5:\"tensp\";s:20:\"HP Victus 16-d0294TX\";s:10:\"anhdaidien\";s:16:\"HP-VICTUS-16.jpg\";s:4:\"mota\";s:304:\"HP Victus 16-d0294TX dùng CPU i5-11400H và RTX 3050, đáp ứng tốt gaming eSports và đồ họa nhẹ. Màn hình 16.1 inch 144Hz rộng rãi. Tản nhiệt lớn hơn dòng Pavilion giúp hiệu năng ổn định. Thiết kế đơn giản nhưng bền bỉ, phù hợp game thủ phổ thông.\";s:12:\"hinhanhkhac1\";s:16:\"HP-VICTUS-16.jpg\";s:6:\"giamoi\";s:11:\"19990000.00\";s:5:\"giacu\";s:11:\"22988500.00\";s:9:\"trangthai\";i:1;s:7:\"hang_id\";i:4;s:10:\"danhmuc_id\";i:18;s:12:\"chuyenmuc_id\";i:2;}s:11:\"\0*\0original\";a:11:{s:4:\"masp\";i:8;s:5:\"tensp\";s:20:\"HP Victus 16-d0294TX\";s:10:\"anhdaidien\";s:16:\"HP-VICTUS-16.jpg\";s:4:\"mota\";s:304:\"HP Victus 16-d0294TX dùng CPU i5-11400H và RTX 3050, đáp ứng tốt gaming eSports và đồ họa nhẹ. Màn hình 16.1 inch 144Hz rộng rãi. Tản nhiệt lớn hơn dòng Pavilion giúp hiệu năng ổn định. Thiết kế đơn giản nhưng bền bỉ, phù hợp game thủ phổ thông.\";s:12:\"hinhanhkhac1\";s:16:\"HP-VICTUS-16.jpg\";s:6:\"giamoi\";s:11:\"19990000.00\";s:5:\"giacu\";s:11:\"22988500.00\";s:9:\"trangthai\";i:1;s:7:\"hang_id\";i:4;s:10:\"danhmuc_id\";i:18;s:12:\"chuyenmuc_id\";i:2;}s:10:\"\0*\0changes\";a:0:{}s:11:\"\0*\0previous\";a:0:{}s:8:\"\0*\0casts\";a:2:{s:6:\"giamoi\";s:9:\"decimal:2\";s:5:\"giacu\";s:9:\"decimal:2\";}s:17:\"\0*\0classCastCache\";a:0:{}s:21:\"\0*\0attributeCastCache\";a:0:{}s:13:\"\0*\0dateFormat\";N;s:10:\"\0*\0appends\";a:0:{}s:19:\"\0*\0dispatchesEvents\";a:0:{}s:14:\"\0*\0observables\";a:0:{}s:12:\"\0*\0relations\";a:1:{s:4:\"hang\";r:52;}s:10:\"\0*\0touches\";a:0:{}s:27:\"\0*\0relationAutoloadCallback\";N;s:26:\"\0*\0relationAutoloadContext\";N;s:10:\"timestamps\";b:0;s:13:\"usesUniqueIds\";b:0;s:9:\"\0*\0hidden\";a:0:{}s:10:\"\0*\0visible\";a:0:{}s:11:\"\0*\0fillable\";a:10:{i:0;s:5:\"tensp\";i:1;s:10:\"anhdaidien\";i:2;s:12:\"chuyenmuc_id\";i:3;s:4:\"mota\";i:4;s:7:\"hang_id\";i:5;s:10:\"danhmuc_id\";i:6;s:12:\"hinhanhkhac1\";i:7;s:6:\"giamoi\";i:8;s:5:\"giacu\";i:9;s:9:\"trangthai\";}s:10:\"\0*\0guarded\";a:1:{i:0;s:1:\"*\";}}}s:28:\"\0*\0escapeWhenCastingToString\";b:0;}', 1763024698),
('laravel-cache-search_cf43efd769bdc4ed4f930f98d7a9d722', 'O:39:\"Illuminate\\Database\\Eloquent\\Collection\":2:{s:8:\"\0*\0items\";a:5:{i:0;O:18:\"App\\Models\\SanPham\":33:{s:13:\"\0*\0connection\";s:5:\"mysql\";s:8:\"\0*\0table\";s:7:\"sanpham\";s:13:\"\0*\0primaryKey\";s:4:\"masp\";s:10:\"\0*\0keyType\";s:3:\"int\";s:12:\"incrementing\";b:1;s:7:\"\0*\0with\";a:0:{}s:12:\"\0*\0withCount\";a:0:{}s:19:\"preventsLazyLoading\";b:0;s:10:\"\0*\0perPage\";i:15;s:6:\"exists\";b:1;s:18:\"wasRecentlyCreated\";b:0;s:28:\"\0*\0escapeWhenCastingToString\";b:0;s:13:\"\0*\0attributes\";a:11:{s:4:\"masp\";i:6;s:5:\"tensp\";s:35:\"Dell G15 5515 (R7 5800H / RTX 3050)\";s:10:\"anhdaidien\";s:12:\"dell-g15.jpg\";s:4:\"mota\";s:331:\"Dell G15 5515 sử dụng CPU Ryzen 7 5800H và RTX 3050, đáp ứng tốt game eSports và các tựa game phổ biến. Màn hình 120Hz cho độ mượt ổn định. Tản nhiệt hai quạt giúp duy trì hiệu suất lâu dài. Máy có thiết kế bền bỉ, phù hợp game thủ cần sự ổn định và mát mẻ.\";s:12:\"hinhanhkhac1\";s:12:\"dell-g15.jpg\";s:6:\"giamoi\";s:11:\"18990000.00\";s:5:\"giacu\";s:11:\"21838500.00\";s:9:\"trangthai\";i:1;s:7:\"hang_id\";i:2;s:10:\"danhmuc_id\";i:18;s:12:\"chuyenmuc_id\";i:1;}s:11:\"\0*\0original\";a:11:{s:4:\"masp\";i:6;s:5:\"tensp\";s:35:\"Dell G15 5515 (R7 5800H / RTX 3050)\";s:10:\"anhdaidien\";s:12:\"dell-g15.jpg\";s:4:\"mota\";s:331:\"Dell G15 5515 sử dụng CPU Ryzen 7 5800H và RTX 3050, đáp ứng tốt game eSports và các tựa game phổ biến. Màn hình 120Hz cho độ mượt ổn định. Tản nhiệt hai quạt giúp duy trì hiệu suất lâu dài. Máy có thiết kế bền bỉ, phù hợp game thủ cần sự ổn định và mát mẻ.\";s:12:\"hinhanhkhac1\";s:12:\"dell-g15.jpg\";s:6:\"giamoi\";s:11:\"18990000.00\";s:5:\"giacu\";s:11:\"21838500.00\";s:9:\"trangthai\";i:1;s:7:\"hang_id\";i:2;s:10:\"danhmuc_id\";i:18;s:12:\"chuyenmuc_id\";i:1;}s:10:\"\0*\0changes\";a:0:{}s:11:\"\0*\0previous\";a:0:{}s:8:\"\0*\0casts\";a:2:{s:6:\"giamoi\";s:9:\"decimal:2\";s:5:\"giacu\";s:9:\"decimal:2\";}s:17:\"\0*\0classCastCache\";a:0:{}s:21:\"\0*\0attributeCastCache\";a:0:{}s:13:\"\0*\0dateFormat\";N;s:10:\"\0*\0appends\";a:0:{}s:19:\"\0*\0dispatchesEvents\";a:0:{}s:14:\"\0*\0observables\";a:0:{}s:12:\"\0*\0relations\";a:1:{s:4:\"hang\";O:15:\"App\\Models\\Hang\":33:{s:13:\"\0*\0connection\";s:5:\"mysql\";s:8:\"\0*\0table\";s:4:\"hang\";s:13:\"\0*\0primaryKey\";s:2:\"id\";s:10:\"\0*\0keyType\";s:3:\"int\";s:12:\"incrementing\";b:1;s:7:\"\0*\0with\";a:0:{}s:12:\"\0*\0withCount\";a:0:{}s:19:\"preventsLazyLoading\";b:0;s:10:\"\0*\0perPage\";i:15;s:6:\"exists\";b:1;s:18:\"wasRecentlyCreated\";b:0;s:28:\"\0*\0escapeWhenCastingToString\";b:0;s:13:\"\0*\0attributes\";a:5:{s:2:\"id\";i:2;s:7:\"tenhang\";s:4:\"Dell\";s:7:\"hinhanh\";s:9:\"Dell.webp\";s:10:\"created_at\";N;s:10:\"updated_at\";N;}s:11:\"\0*\0original\";a:5:{s:2:\"id\";i:2;s:7:\"tenhang\";s:4:\"Dell\";s:7:\"hinhanh\";s:9:\"Dell.webp\";s:10:\"created_at\";N;s:10:\"updated_at\";N;}s:10:\"\0*\0changes\";a:0:{}s:11:\"\0*\0previous\";a:0:{}s:8:\"\0*\0casts\";a:0:{}s:17:\"\0*\0classCastCache\";a:0:{}s:21:\"\0*\0attributeCastCache\";a:0:{}s:13:\"\0*\0dateFormat\";N;s:10:\"\0*\0appends\";a:0:{}s:19:\"\0*\0dispatchesEvents\";a:0:{}s:14:\"\0*\0observables\";a:0:{}s:12:\"\0*\0relations\";a:0:{}s:10:\"\0*\0touches\";a:0:{}s:27:\"\0*\0relationAutoloadCallback\";N;s:26:\"\0*\0relationAutoloadContext\";N;s:10:\"timestamps\";b:1;s:13:\"usesUniqueIds\";b:0;s:9:\"\0*\0hidden\";a:0:{}s:10:\"\0*\0visible\";a:0:{}s:11:\"\0*\0fillable\";a:2:{i:0;s:7:\"tenhang\";i:1;s:7:\"hinhanh\";}s:10:\"\0*\0guarded\";a:1:{i:0;s:1:\"*\";}}}s:10:\"\0*\0touches\";a:0:{}s:27:\"\0*\0relationAutoloadCallback\";N;s:26:\"\0*\0relationAutoloadContext\";N;s:10:\"timestamps\";b:0;s:13:\"usesUniqueIds\";b:0;s:9:\"\0*\0hidden\";a:0:{}s:10:\"\0*\0visible\";a:0:{}s:11:\"\0*\0fillable\";a:10:{i:0;s:5:\"tensp\";i:1;s:10:\"anhdaidien\";i:2;s:12:\"chuyenmuc_id\";i:3;s:4:\"mota\";i:4;s:7:\"hang_id\";i:5;s:10:\"danhmuc_id\";i:6;s:12:\"hinhanhkhac1\";i:7;s:6:\"giamoi\";i:8;s:5:\"giacu\";i:9;s:9:\"trangthai\";}s:10:\"\0*\0guarded\";a:1:{i:0;s:1:\"*\";}}i:1;O:18:\"App\\Models\\SanPham\":33:{s:13:\"\0*\0connection\";s:5:\"mysql\";s:8:\"\0*\0table\";s:7:\"sanpham\";s:13:\"\0*\0primaryKey\";s:4:\"masp\";s:10:\"\0*\0keyType\";s:3:\"int\";s:12:\"incrementing\";b:1;s:7:\"\0*\0with\";a:0:{}s:12:\"\0*\0withCount\";a:0:{}s:19:\"preventsLazyLoading\";b:0;s:10:\"\0*\0perPage\";i:15;s:6:\"exists\";b:1;s:18:\"wasRecentlyCreated\";b:0;s:28:\"\0*\0escapeWhenCastingToString\";b:0;s:13:\"\0*\0attributes\";a:11:{s:4:\"masp\";i:101;s:5:\"tensp\";s:20:\"Dell G15 5530 (2023)\";s:10:\"anhdaidien\";s:13:\"image_271.png\";s:4:\"mota\";s:295:\"Dell G15 5530 dùng CPU i5-13450HX/i7-13650HX và GPU RTX 4050/4060, mang lại hiệu năng tốt cho gaming tầm trung. Màn hình 165Hz mượt mà. Tản nhiệt nâng cấp giúp máy ổn định trong tải cao. Thiết kế bền bỉ, phù hợp người cần laptop gaming tin cậy.\";s:12:\"hinhanhkhac1\";s:7:\"g15.jpg\";s:6:\"giamoi\";s:11:\"28490000.00\";s:5:\"giacu\";s:11:\"32763500.00\";s:9:\"trangthai\";i:1;s:7:\"hang_id\";i:2;s:10:\"danhmuc_id\";i:18;s:12:\"chuyenmuc_id\";i:4;}s:11:\"\0*\0original\";a:11:{s:4:\"masp\";i:101;s:5:\"tensp\";s:20:\"Dell G15 5530 (2023)\";s:10:\"anhdaidien\";s:13:\"image_271.png\";s:4:\"mota\";s:295:\"Dell G15 5530 dùng CPU i5-13450HX/i7-13650HX và GPU RTX 4050/4060, mang lại hiệu năng tốt cho gaming tầm trung. Màn hình 165Hz mượt mà. Tản nhiệt nâng cấp giúp máy ổn định trong tải cao. Thiết kế bền bỉ, phù hợp người cần laptop gaming tin cậy.\";s:12:\"hinhanhkhac1\";s:7:\"g15.jpg\";s:6:\"giamoi\";s:11:\"28490000.00\";s:5:\"giacu\";s:11:\"32763500.00\";s:9:\"trangthai\";i:1;s:7:\"hang_id\";i:2;s:10:\"danhmuc_id\";i:18;s:12:\"chuyenmuc_id\";i:4;}s:10:\"\0*\0changes\";a:0:{}s:11:\"\0*\0previous\";a:0:{}s:8:\"\0*\0casts\";a:2:{s:6:\"giamoi\";s:9:\"decimal:2\";s:5:\"giacu\";s:9:\"decimal:2\";}s:17:\"\0*\0classCastCache\";a:0:{}s:21:\"\0*\0attributeCastCache\";a:0:{}s:13:\"\0*\0dateFormat\";N;s:10:\"\0*\0appends\";a:0:{}s:19:\"\0*\0dispatchesEvents\";a:0:{}s:14:\"\0*\0observables\";a:0:{}s:12:\"\0*\0relations\";a:1:{s:4:\"hang\";r:52;}s:10:\"\0*\0touches\";a:0:{}s:27:\"\0*\0relationAutoloadCallback\";N;s:26:\"\0*\0relationAutoloadContext\";N;s:10:\"timestamps\";b:0;s:13:\"usesUniqueIds\";b:0;s:9:\"\0*\0hidden\";a:0:{}s:10:\"\0*\0visible\";a:0:{}s:11:\"\0*\0fillable\";a:10:{i:0;s:5:\"tensp\";i:1;s:10:\"anhdaidien\";i:2;s:12:\"chuyenmuc_id\";i:3;s:4:\"mota\";i:4;s:7:\"hang_id\";i:5;s:10:\"danhmuc_id\";i:6;s:12:\"hinhanhkhac1\";i:7;s:6:\"giamoi\";i:8;s:5:\"giacu\";i:9;s:9:\"trangthai\";}s:10:\"\0*\0guarded\";a:1:{i:0;s:1:\"*\";}}i:2;O:18:\"App\\Models\\SanPham\":33:{s:13:\"\0*\0connection\";s:5:\"mysql\";s:8:\"\0*\0table\";s:7:\"sanpham\";s:13:\"\0*\0primaryKey\";s:4:\"masp\";s:10:\"\0*\0keyType\";s:3:\"int\";s:12:\"incrementing\";b:1;s:7:\"\0*\0with\";a:0:{}s:12:\"\0*\0withCount\";a:0:{}s:19:\"preventsLazyLoading\";b:0;s:10:\"\0*\0perPage\";i:15;s:6:\"exists\";b:1;s:18:\"wasRecentlyCreated\";b:0;s:28:\"\0*\0escapeWhenCastingToString\";b:0;s:13:\"\0*\0attributes\";a:11:{s:4:\"masp\";i:111;s:5:\"tensp\";s:20:\"Dell G15 5530 (2023)\";s:10:\"anhdaidien\";s:13:\"image_269.png\";s:4:\"mota\";s:295:\"Dell G15 5530 dùng CPU i5-13450HX/i7-13650HX và GPU RTX 4050/4060, mang lại hiệu năng tốt cho gaming tầm trung. Màn hình 165Hz mượt mà. Tản nhiệt nâng cấp giúp máy ổn định trong tải cao. Thiết kế bền bỉ, phù hợp người cần laptop gaming tin cậy.\";s:12:\"hinhanhkhac1\";s:7:\"g15.jpg\";s:6:\"giamoi\";s:11:\"28490000.00\";s:5:\"giacu\";s:11:\"32763500.00\";s:9:\"trangthai\";i:1;s:7:\"hang_id\";i:2;s:10:\"danhmuc_id\";i:18;s:12:\"chuyenmuc_id\";i:2;}s:11:\"\0*\0original\";a:11:{s:4:\"masp\";i:111;s:5:\"tensp\";s:20:\"Dell G15 5530 (2023)\";s:10:\"anhdaidien\";s:13:\"image_269.png\";s:4:\"mota\";s:295:\"Dell G15 5530 dùng CPU i5-13450HX/i7-13650HX và GPU RTX 4050/4060, mang lại hiệu năng tốt cho gaming tầm trung. Màn hình 165Hz mượt mà. Tản nhiệt nâng cấp giúp máy ổn định trong tải cao. Thiết kế bền bỉ, phù hợp người cần laptop gaming tin cậy.\";s:12:\"hinhanhkhac1\";s:7:\"g15.jpg\";s:6:\"giamoi\";s:11:\"28490000.00\";s:5:\"giacu\";s:11:\"32763500.00\";s:9:\"trangthai\";i:1;s:7:\"hang_id\";i:2;s:10:\"danhmuc_id\";i:18;s:12:\"chuyenmuc_id\";i:2;}s:10:\"\0*\0changes\";a:0:{}s:11:\"\0*\0previous\";a:0:{}s:8:\"\0*\0casts\";a:2:{s:6:\"giamoi\";s:9:\"decimal:2\";s:5:\"giacu\";s:9:\"decimal:2\";}s:17:\"\0*\0classCastCache\";a:0:{}s:21:\"\0*\0attributeCastCache\";a:0:{}s:13:\"\0*\0dateFormat\";N;s:10:\"\0*\0appends\";a:0:{}s:19:\"\0*\0dispatchesEvents\";a:0:{}s:14:\"\0*\0observables\";a:0:{}s:12:\"\0*\0relations\";a:1:{s:4:\"hang\";r:52;}s:10:\"\0*\0touches\";a:0:{}s:27:\"\0*\0relationAutoloadCallback\";N;s:26:\"\0*\0relationAutoloadContext\";N;s:10:\"timestamps\";b:0;s:13:\"usesUniqueIds\";b:0;s:9:\"\0*\0hidden\";a:0:{}s:10:\"\0*\0visible\";a:0:{}s:11:\"\0*\0fillable\";a:10:{i:0;s:5:\"tensp\";i:1;s:10:\"anhdaidien\";i:2;s:12:\"chuyenmuc_id\";i:3;s:4:\"mota\";i:4;s:7:\"hang_id\";i:5;s:10:\"danhmuc_id\";i:6;s:12:\"hinhanhkhac1\";i:7;s:6:\"giamoi\";i:8;s:5:\"giacu\";i:9;s:9:\"trangthai\";}s:10:\"\0*\0guarded\";a:1:{i:0;s:1:\"*\";}}i:3;O:18:\"App\\Models\\SanPham\":33:{s:13:\"\0*\0connection\";s:5:\"mysql\";s:8:\"\0*\0table\";s:7:\"sanpham\";s:13:\"\0*\0primaryKey\";s:4:\"masp\";s:10:\"\0*\0keyType\";s:3:\"int\";s:12:\"incrementing\";b:1;s:7:\"\0*\0with\";a:0:{}s:12:\"\0*\0withCount\";a:0:{}s:19:\"preventsLazyLoading\";b:0;s:10:\"\0*\0perPage\";i:15;s:6:\"exists\";b:1;s:18:\"wasRecentlyCreated\";b:0;s:28:\"\0*\0escapeWhenCastingToString\";b:0;s:13:\"\0*\0attributes\";a:11:{s:4:\"masp\";i:131;s:5:\"tensp\";s:20:\"Dell G15 5530 (2023)\";s:10:\"anhdaidien\";s:13:\"image_292.png\";s:4:\"mota\";s:295:\"Dell G15 5530 dùng CPU i5-13450HX/i7-13650HX và GPU RTX 4050/4060, mang lại hiệu năng tốt cho gaming tầm trung. Màn hình 165Hz mượt mà. Tản nhiệt nâng cấp giúp máy ổn định trong tải cao. Thiết kế bền bỉ, phù hợp người cần laptop gaming tin cậy.\";s:12:\"hinhanhkhac1\";s:7:\"g15.jpg\";s:6:\"giamoi\";s:11:\"28490000.00\";s:5:\"giacu\";s:11:\"32763500.00\";s:9:\"trangthai\";i:1;s:7:\"hang_id\";i:2;s:10:\"danhmuc_id\";i:18;s:12:\"chuyenmuc_id\";i:2;}s:11:\"\0*\0original\";a:11:{s:4:\"masp\";i:131;s:5:\"tensp\";s:20:\"Dell G15 5530 (2023)\";s:10:\"anhdaidien\";s:13:\"image_292.png\";s:4:\"mota\";s:295:\"Dell G15 5530 dùng CPU i5-13450HX/i7-13650HX và GPU RTX 4050/4060, mang lại hiệu năng tốt cho gaming tầm trung. Màn hình 165Hz mượt mà. Tản nhiệt nâng cấp giúp máy ổn định trong tải cao. Thiết kế bền bỉ, phù hợp người cần laptop gaming tin cậy.\";s:12:\"hinhanhkhac1\";s:7:\"g15.jpg\";s:6:\"giamoi\";s:11:\"28490000.00\";s:5:\"giacu\";s:11:\"32763500.00\";s:9:\"trangthai\";i:1;s:7:\"hang_id\";i:2;s:10:\"danhmuc_id\";i:18;s:12:\"chuyenmuc_id\";i:2;}s:10:\"\0*\0changes\";a:0:{}s:11:\"\0*\0previous\";a:0:{}s:8:\"\0*\0casts\";a:2:{s:6:\"giamoi\";s:9:\"decimal:2\";s:5:\"giacu\";s:9:\"decimal:2\";}s:17:\"\0*\0classCastCache\";a:0:{}s:21:\"\0*\0attributeCastCache\";a:0:{}s:13:\"\0*\0dateFormat\";N;s:10:\"\0*\0appends\";a:0:{}s:19:\"\0*\0dispatchesEvents\";a:0:{}s:14:\"\0*\0observables\";a:0:{}s:12:\"\0*\0relations\";a:1:{s:4:\"hang\";r:52;}s:10:\"\0*\0touches\";a:0:{}s:27:\"\0*\0relationAutoloadCallback\";N;s:26:\"\0*\0relationAutoloadContext\";N;s:10:\"timestamps\";b:0;s:13:\"usesUniqueIds\";b:0;s:9:\"\0*\0hidden\";a:0:{}s:10:\"\0*\0visible\";a:0:{}s:11:\"\0*\0fillable\";a:10:{i:0;s:5:\"tensp\";i:1;s:10:\"anhdaidien\";i:2;s:12:\"chuyenmuc_id\";i:3;s:4:\"mota\";i:4;s:7:\"hang_id\";i:5;s:10:\"danhmuc_id\";i:6;s:12:\"hinhanhkhac1\";i:7;s:6:\"giamoi\";i:8;s:5:\"giacu\";i:9;s:9:\"trangthai\";}s:10:\"\0*\0guarded\";a:1:{i:0;s:1:\"*\";}}i:4;O:18:\"App\\Models\\SanPham\":33:{s:13:\"\0*\0connection\";s:5:\"mysql\";s:8:\"\0*\0table\";s:7:\"sanpham\";s:13:\"\0*\0primaryKey\";s:4:\"masp\";s:10:\"\0*\0keyType\";s:3:\"int\";s:12:\"incrementing\";b:1;s:7:\"\0*\0with\";a:0:{}s:12:\"\0*\0withCount\";a:0:{}s:19:\"preventsLazyLoading\";b:0;s:10:\"\0*\0perPage\";i:15;s:6:\"exists\";b:1;s:18:\"wasRecentlyCreated\";b:0;s:28:\"\0*\0escapeWhenCastingToString\";b:0;s:13:\"\0*\0attributes\";a:11:{s:4:\"masp\";i:121;s:5:\"tensp\";s:14:\"Dell ultra max\";s:10:\"anhdaidien\";s:12:\"image_85.png\";s:4:\"mota\";s:102:\"Hiệu năng mạnh mẽ với chip AMD Ryzen 9 hoặc Intel Core i9, RAM 16GB, SSD 1TB, GPU RTX 4070.\";s:12:\"hinhanhkhac1\";s:7:\"g15.jpg\";s:6:\"giamoi\";s:11:\"29270626.00\";s:5:\"giacu\";s:11:\"33661220.00\";s:9:\"trangthai\";i:1;s:7:\"hang_id\";i:2;s:10:\"danhmuc_id\";i:18;s:12:\"chuyenmuc_id\";i:4;}s:11:\"\0*\0original\";a:11:{s:4:\"masp\";i:121;s:5:\"tensp\";s:14:\"Dell ultra max\";s:10:\"anhdaidien\";s:12:\"image_85.png\";s:4:\"mota\";s:102:\"Hiệu năng mạnh mẽ với chip AMD Ryzen 9 hoặc Intel Core i9, RAM 16GB, SSD 1TB, GPU RTX 4070.\";s:12:\"hinhanhkhac1\";s:7:\"g15.jpg\";s:6:\"giamoi\";s:11:\"29270626.00\";s:5:\"giacu\";s:11:\"33661220.00\";s:9:\"trangthai\";i:1;s:7:\"hang_id\";i:2;s:10:\"danhmuc_id\";i:18;s:12:\"chuyenmuc_id\";i:4;}s:10:\"\0*\0changes\";a:0:{}s:11:\"\0*\0previous\";a:0:{}s:8:\"\0*\0casts\";a:2:{s:6:\"giamoi\";s:9:\"decimal:2\";s:5:\"giacu\";s:9:\"decimal:2\";}s:17:\"\0*\0classCastCache\";a:0:{}s:21:\"\0*\0attributeCastCache\";a:0:{}s:13:\"\0*\0dateFormat\";N;s:10:\"\0*\0appends\";a:0:{}s:19:\"\0*\0dispatchesEvents\";a:0:{}s:14:\"\0*\0observables\";a:0:{}s:12:\"\0*\0relations\";a:1:{s:4:\"hang\";r:52;}s:10:\"\0*\0touches\";a:0:{}s:27:\"\0*\0relationAutoloadCallback\";N;s:26:\"\0*\0relationAutoloadContext\";N;s:10:\"timestamps\";b:0;s:13:\"usesUniqueIds\";b:0;s:9:\"\0*\0hidden\";a:0:{}s:10:\"\0*\0visible\";a:0:{}s:11:\"\0*\0fillable\";a:10:{i:0;s:5:\"tensp\";i:1;s:10:\"anhdaidien\";i:2;s:12:\"chuyenmuc_id\";i:3;s:4:\"mota\";i:4;s:7:\"hang_id\";i:5;s:10:\"danhmuc_id\";i:6;s:12:\"hinhanhkhac1\";i:7;s:6:\"giamoi\";i:8;s:5:\"giacu\";i:9;s:9:\"trangthai\";}s:10:\"\0*\0guarded\";a:1:{i:0;s:1:\"*\";}}}s:28:\"\0*\0escapeWhenCastingToString\";b:0;}', 1763402295);
INSERT INTO `cache` (`key`, `value`, `expiration`) VALUES
('laravel-cache-search_d2b477a7d6388989a2d6e19fe36549cb', 'O:39:\"Illuminate\\Database\\Eloquent\\Collection\":2:{s:8:\"\0*\0items\";a:61:{i:0;O:18:\"App\\Models\\SanPham\":33:{s:13:\"\0*\0connection\";s:5:\"mysql\";s:8:\"\0*\0table\";s:7:\"sanpham\";s:13:\"\0*\0primaryKey\";s:4:\"masp\";s:10:\"\0*\0keyType\";s:3:\"int\";s:12:\"incrementing\";b:1;s:7:\"\0*\0with\";a:0:{}s:12:\"\0*\0withCount\";a:0:{}s:19:\"preventsLazyLoading\";b:0;s:10:\"\0*\0perPage\";i:15;s:6:\"exists\";b:1;s:18:\"wasRecentlyCreated\";b:0;s:28:\"\0*\0escapeWhenCastingToString\";b:0;s:13:\"\0*\0attributes\";a:11:{s:4:\"masp\";i:4;s:5:\"tensp\";s:21:\"HP 15-dw3033dx (2022)\";s:10:\"anhdaidien\";s:9:\"hp15s.jpg\";s:4:\"mota\";s:284:\"HP 15-dw3033dx trang bị CPU i5-1135G7 và đồ họa Iris Xe, đáp ứng tốt các tác vụ văn phòng và học tập. Màn hình 15.6 inch rộng rãi, phù hợp đọc tài liệu. SSD NVMe cho tốc độ mở máy nhanh. Thiết kế đơn giản, bền và ổn định.\";s:12:\"hinhanhkhac1\";s:9:\"hp15s.jpg\";s:6:\"giamoi\";s:11:\"11490000.00\";s:5:\"giacu\";s:11:\"13213500.00\";s:9:\"trangthai\";i:1;s:7:\"hang_id\";i:4;s:10:\"danhmuc_id\";i:2;s:12:\"chuyenmuc_id\";i:3;}s:11:\"\0*\0original\";a:11:{s:4:\"masp\";i:4;s:5:\"tensp\";s:21:\"HP 15-dw3033dx (2022)\";s:10:\"anhdaidien\";s:9:\"hp15s.jpg\";s:4:\"mota\";s:284:\"HP 15-dw3033dx trang bị CPU i5-1135G7 và đồ họa Iris Xe, đáp ứng tốt các tác vụ văn phòng và học tập. Màn hình 15.6 inch rộng rãi, phù hợp đọc tài liệu. SSD NVMe cho tốc độ mở máy nhanh. Thiết kế đơn giản, bền và ổn định.\";s:12:\"hinhanhkhac1\";s:9:\"hp15s.jpg\";s:6:\"giamoi\";s:11:\"11490000.00\";s:5:\"giacu\";s:11:\"13213500.00\";s:9:\"trangthai\";i:1;s:7:\"hang_id\";i:4;s:10:\"danhmuc_id\";i:2;s:12:\"chuyenmuc_id\";i:3;}s:10:\"\0*\0changes\";a:0:{}s:11:\"\0*\0previous\";a:0:{}s:8:\"\0*\0casts\";a:2:{s:6:\"giamoi\";s:9:\"decimal:2\";s:5:\"giacu\";s:9:\"decimal:2\";}s:17:\"\0*\0classCastCache\";a:0:{}s:21:\"\0*\0attributeCastCache\";a:0:{}s:13:\"\0*\0dateFormat\";N;s:10:\"\0*\0appends\";a:0:{}s:19:\"\0*\0dispatchesEvents\";a:0:{}s:14:\"\0*\0observables\";a:0:{}s:12:\"\0*\0relations\";a:1:{s:4:\"hang\";O:15:\"App\\Models\\Hang\":33:{s:13:\"\0*\0connection\";s:5:\"mysql\";s:8:\"\0*\0table\";s:4:\"hang\";s:13:\"\0*\0primaryKey\";s:2:\"id\";s:10:\"\0*\0keyType\";s:3:\"int\";s:12:\"incrementing\";b:1;s:7:\"\0*\0with\";a:0:{}s:12:\"\0*\0withCount\";a:0:{}s:19:\"preventsLazyLoading\";b:0;s:10:\"\0*\0perPage\";i:15;s:6:\"exists\";b:1;s:18:\"wasRecentlyCreated\";b:0;s:28:\"\0*\0escapeWhenCastingToString\";b:0;s:13:\"\0*\0attributes\";a:5:{s:2:\"id\";i:4;s:7:\"tenhang\";s:2:\"HP\";s:7:\"hinhanh\";s:7:\"HP.webp\";s:10:\"created_at\";N;s:10:\"updated_at\";s:19:\"2025-11-08 13:25:44\";}s:11:\"\0*\0original\";a:5:{s:2:\"id\";i:4;s:7:\"tenhang\";s:2:\"HP\";s:7:\"hinhanh\";s:7:\"HP.webp\";s:10:\"created_at\";N;s:10:\"updated_at\";s:19:\"2025-11-08 13:25:44\";}s:10:\"\0*\0changes\";a:0:{}s:11:\"\0*\0previous\";a:0:{}s:8:\"\0*\0casts\";a:0:{}s:17:\"\0*\0classCastCache\";a:0:{}s:21:\"\0*\0attributeCastCache\";a:0:{}s:13:\"\0*\0dateFormat\";N;s:10:\"\0*\0appends\";a:0:{}s:19:\"\0*\0dispatchesEvents\";a:0:{}s:14:\"\0*\0observables\";a:0:{}s:12:\"\0*\0relations\";a:0:{}s:10:\"\0*\0touches\";a:0:{}s:27:\"\0*\0relationAutoloadCallback\";N;s:26:\"\0*\0relationAutoloadContext\";N;s:10:\"timestamps\";b:1;s:13:\"usesUniqueIds\";b:0;s:9:\"\0*\0hidden\";a:0:{}s:10:\"\0*\0visible\";a:0:{}s:11:\"\0*\0fillable\";a:2:{i:0;s:7:\"tenhang\";i:1;s:7:\"hinhanh\";}s:10:\"\0*\0guarded\";a:1:{i:0;s:1:\"*\";}}}s:10:\"\0*\0touches\";a:0:{}s:27:\"\0*\0relationAutoloadCallback\";N;s:26:\"\0*\0relationAutoloadContext\";N;s:10:\"timestamps\";b:0;s:13:\"usesUniqueIds\";b:0;s:9:\"\0*\0hidden\";a:0:{}s:10:\"\0*\0visible\";a:0:{}s:11:\"\0*\0fillable\";a:10:{i:0;s:5:\"tensp\";i:1;s:10:\"anhdaidien\";i:2;s:12:\"chuyenmuc_id\";i:3;s:4:\"mota\";i:4;s:7:\"hang_id\";i:5;s:10:\"danhmuc_id\";i:6;s:12:\"hinhanhkhac1\";i:7;s:6:\"giamoi\";i:8;s:5:\"giacu\";i:9;s:9:\"trangthai\";}s:10:\"\0*\0guarded\";a:1:{i:0;s:1:\"*\";}}i:1;O:18:\"App\\Models\\SanPham\":33:{s:13:\"\0*\0connection\";s:5:\"mysql\";s:8:\"\0*\0table\";s:7:\"sanpham\";s:13:\"\0*\0primaryKey\";s:4:\"masp\";s:10:\"\0*\0keyType\";s:3:\"int\";s:12:\"incrementing\";b:1;s:7:\"\0*\0with\";a:0:{}s:12:\"\0*\0withCount\";a:0:{}s:19:\"preventsLazyLoading\";b:0;s:10:\"\0*\0perPage\";i:15;s:6:\"exists\";b:1;s:18:\"wasRecentlyCreated\";b:0;s:28:\"\0*\0escapeWhenCastingToString\";b:0;s:13:\"\0*\0attributes\";a:11:{s:4:\"masp\";i:3;s:5:\"tensp\";s:21:\"HP 14-ep0112TU (2023)\";s:10:\"anhdaidien\";s:9:\"hp14s.jpg\";s:4:\"mota\";s:323:\"HP 14-ep0112TU dùng CPU i5-1335U tiết kiệm điện, phù hợp cho học tập, văn phòng và giải trí nhẹ. Màn hình 14 inch FHD hiển thị ổn định. SSD NVMe cho tốc độ phản hồi nhanh. Máy gọn nhẹ, dễ mang theo hàng ngày. Lựa chọn tốt cho sinh viên và nhân viên văn phòng.\";s:12:\"hinhanhkhac1\";s:9:\"hp14s.jpg\";s:6:\"giamoi\";s:11:\"13590000.00\";s:5:\"giacu\";s:11:\"15628500.00\";s:9:\"trangthai\";i:1;s:7:\"hang_id\";i:4;s:10:\"danhmuc_id\";i:2;s:12:\"chuyenmuc_id\";i:4;}s:11:\"\0*\0original\";a:11:{s:4:\"masp\";i:3;s:5:\"tensp\";s:21:\"HP 14-ep0112TU (2023)\";s:10:\"anhdaidien\";s:9:\"hp14s.jpg\";s:4:\"mota\";s:323:\"HP 14-ep0112TU dùng CPU i5-1335U tiết kiệm điện, phù hợp cho học tập, văn phòng và giải trí nhẹ. Màn hình 14 inch FHD hiển thị ổn định. SSD NVMe cho tốc độ phản hồi nhanh. Máy gọn nhẹ, dễ mang theo hàng ngày. Lựa chọn tốt cho sinh viên và nhân viên văn phòng.\";s:12:\"hinhanhkhac1\";s:9:\"hp14s.jpg\";s:6:\"giamoi\";s:11:\"13590000.00\";s:5:\"giacu\";s:11:\"15628500.00\";s:9:\"trangthai\";i:1;s:7:\"hang_id\";i:4;s:10:\"danhmuc_id\";i:2;s:12:\"chuyenmuc_id\";i:4;}s:10:\"\0*\0changes\";a:0:{}s:11:\"\0*\0previous\";a:0:{}s:8:\"\0*\0casts\";a:2:{s:6:\"giamoi\";s:9:\"decimal:2\";s:5:\"giacu\";s:9:\"decimal:2\";}s:17:\"\0*\0classCastCache\";a:0:{}s:21:\"\0*\0attributeCastCache\";a:0:{}s:13:\"\0*\0dateFormat\";N;s:10:\"\0*\0appends\";a:0:{}s:19:\"\0*\0dispatchesEvents\";a:0:{}s:14:\"\0*\0observables\";a:0:{}s:12:\"\0*\0relations\";a:1:{s:4:\"hang\";r:52;}s:10:\"\0*\0touches\";a:0:{}s:27:\"\0*\0relationAutoloadCallback\";N;s:26:\"\0*\0relationAutoloadContext\";N;s:10:\"timestamps\";b:0;s:13:\"usesUniqueIds\";b:0;s:9:\"\0*\0hidden\";a:0:{}s:10:\"\0*\0visible\";a:0:{}s:11:\"\0*\0fillable\";a:10:{i:0;s:5:\"tensp\";i:1;s:10:\"anhdaidien\";i:2;s:12:\"chuyenmuc_id\";i:3;s:4:\"mota\";i:4;s:7:\"hang_id\";i:5;s:10:\"danhmuc_id\";i:6;s:12:\"hinhanhkhac1\";i:7;s:6:\"giamoi\";i:8;s:5:\"giacu\";i:9;s:9:\"trangthai\";}s:10:\"\0*\0guarded\";a:1:{i:0;s:1:\"*\";}}i:2;O:18:\"App\\Models\\SanPham\":33:{s:13:\"\0*\0connection\";s:5:\"mysql\";s:8:\"\0*\0table\";s:7:\"sanpham\";s:13:\"\0*\0primaryKey\";s:4:\"masp\";s:10:\"\0*\0keyType\";s:3:\"int\";s:12:\"incrementing\";b:1;s:7:\"\0*\0with\";a:0:{}s:12:\"\0*\0withCount\";a:0:{}s:19:\"preventsLazyLoading\";b:0;s:10:\"\0*\0perPage\";i:15;s:6:\"exists\";b:1;s:18:\"wasRecentlyCreated\";b:0;s:28:\"\0*\0escapeWhenCastingToString\";b:0;s:13:\"\0*\0attributes\";a:11:{s:4:\"masp\";i:6;s:5:\"tensp\";s:35:\"Dell G15 5515 (R7 5800H / RTX 3050)\";s:10:\"anhdaidien\";s:12:\"dell-g15.jpg\";s:4:\"mota\";s:331:\"Dell G15 5515 sử dụng CPU Ryzen 7 5800H và RTX 3050, đáp ứng tốt game eSports và các tựa game phổ biến. Màn hình 120Hz cho độ mượt ổn định. Tản nhiệt hai quạt giúp duy trì hiệu suất lâu dài. Máy có thiết kế bền bỉ, phù hợp game thủ cần sự ổn định và mát mẻ.\";s:12:\"hinhanhkhac1\";s:12:\"dell-g15.jpg\";s:6:\"giamoi\";s:11:\"18990000.00\";s:5:\"giacu\";s:11:\"21838500.00\";s:9:\"trangthai\";i:1;s:7:\"hang_id\";i:2;s:10:\"danhmuc_id\";i:18;s:12:\"chuyenmuc_id\";i:1;}s:11:\"\0*\0original\";a:11:{s:4:\"masp\";i:6;s:5:\"tensp\";s:35:\"Dell G15 5515 (R7 5800H / RTX 3050)\";s:10:\"anhdaidien\";s:12:\"dell-g15.jpg\";s:4:\"mota\";s:331:\"Dell G15 5515 sử dụng CPU Ryzen 7 5800H và RTX 3050, đáp ứng tốt game eSports và các tựa game phổ biến. Màn hình 120Hz cho độ mượt ổn định. Tản nhiệt hai quạt giúp duy trì hiệu suất lâu dài. Máy có thiết kế bền bỉ, phù hợp game thủ cần sự ổn định và mát mẻ.\";s:12:\"hinhanhkhac1\";s:12:\"dell-g15.jpg\";s:6:\"giamoi\";s:11:\"18990000.00\";s:5:\"giacu\";s:11:\"21838500.00\";s:9:\"trangthai\";i:1;s:7:\"hang_id\";i:2;s:10:\"danhmuc_id\";i:18;s:12:\"chuyenmuc_id\";i:1;}s:10:\"\0*\0changes\";a:0:{}s:11:\"\0*\0previous\";a:0:{}s:8:\"\0*\0casts\";a:2:{s:6:\"giamoi\";s:9:\"decimal:2\";s:5:\"giacu\";s:9:\"decimal:2\";}s:17:\"\0*\0classCastCache\";a:0:{}s:21:\"\0*\0attributeCastCache\";a:0:{}s:13:\"\0*\0dateFormat\";N;s:10:\"\0*\0appends\";a:0:{}s:19:\"\0*\0dispatchesEvents\";a:0:{}s:14:\"\0*\0observables\";a:0:{}s:12:\"\0*\0relations\";a:1:{s:4:\"hang\";O:15:\"App\\Models\\Hang\":33:{s:13:\"\0*\0connection\";s:5:\"mysql\";s:8:\"\0*\0table\";s:4:\"hang\";s:13:\"\0*\0primaryKey\";s:2:\"id\";s:10:\"\0*\0keyType\";s:3:\"int\";s:12:\"incrementing\";b:1;s:7:\"\0*\0with\";a:0:{}s:12:\"\0*\0withCount\";a:0:{}s:19:\"preventsLazyLoading\";b:0;s:10:\"\0*\0perPage\";i:15;s:6:\"exists\";b:1;s:18:\"wasRecentlyCreated\";b:0;s:28:\"\0*\0escapeWhenCastingToString\";b:0;s:13:\"\0*\0attributes\";a:5:{s:2:\"id\";i:2;s:7:\"tenhang\";s:4:\"Dell\";s:7:\"hinhanh\";s:9:\"Dell.webp\";s:10:\"created_at\";N;s:10:\"updated_at\";N;}s:11:\"\0*\0original\";a:5:{s:2:\"id\";i:2;s:7:\"tenhang\";s:4:\"Dell\";s:7:\"hinhanh\";s:9:\"Dell.webp\";s:10:\"created_at\";N;s:10:\"updated_at\";N;}s:10:\"\0*\0changes\";a:0:{}s:11:\"\0*\0previous\";a:0:{}s:8:\"\0*\0casts\";a:0:{}s:17:\"\0*\0classCastCache\";a:0:{}s:21:\"\0*\0attributeCastCache\";a:0:{}s:13:\"\0*\0dateFormat\";N;s:10:\"\0*\0appends\";a:0:{}s:19:\"\0*\0dispatchesEvents\";a:0:{}s:14:\"\0*\0observables\";a:0:{}s:12:\"\0*\0relations\";a:0:{}s:10:\"\0*\0touches\";a:0:{}s:27:\"\0*\0relationAutoloadCallback\";N;s:26:\"\0*\0relationAutoloadContext\";N;s:10:\"timestamps\";b:1;s:13:\"usesUniqueIds\";b:0;s:9:\"\0*\0hidden\";a:0:{}s:10:\"\0*\0visible\";a:0:{}s:11:\"\0*\0fillable\";a:2:{i:0;s:7:\"tenhang\";i:1;s:7:\"hinhanh\";}s:10:\"\0*\0guarded\";a:1:{i:0;s:1:\"*\";}}}s:10:\"\0*\0touches\";a:0:{}s:27:\"\0*\0relationAutoloadCallback\";N;s:26:\"\0*\0relationAutoloadContext\";N;s:10:\"timestamps\";b:0;s:13:\"usesUniqueIds\";b:0;s:9:\"\0*\0hidden\";a:0:{}s:10:\"\0*\0visible\";a:0:{}s:11:\"\0*\0fillable\";a:10:{i:0;s:5:\"tensp\";i:1;s:10:\"anhdaidien\";i:2;s:12:\"chuyenmuc_id\";i:3;s:4:\"mota\";i:4;s:7:\"hang_id\";i:5;s:10:\"danhmuc_id\";i:6;s:12:\"hinhanhkhac1\";i:7;s:6:\"giamoi\";i:8;s:5:\"giacu\";i:9;s:9:\"trangthai\";}s:10:\"\0*\0guarded\";a:1:{i:0;s:1:\"*\";}}i:3;O:18:\"App\\Models\\SanPham\":33:{s:13:\"\0*\0connection\";s:5:\"mysql\";s:8:\"\0*\0table\";s:7:\"sanpham\";s:13:\"\0*\0primaryKey\";s:4:\"masp\";s:10:\"\0*\0keyType\";s:3:\"int\";s:12:\"incrementing\";b:1;s:7:\"\0*\0with\";a:0:{}s:12:\"\0*\0withCount\";a:0:{}s:19:\"preventsLazyLoading\";b:0;s:10:\"\0*\0perPage\";i:15;s:6:\"exists\";b:1;s:18:\"wasRecentlyCreated\";b:0;s:28:\"\0*\0escapeWhenCastingToString\";b:0;s:13:\"\0*\0attributes\";a:11:{s:4:\"masp\";i:8;s:5:\"tensp\";s:20:\"HP Victus 16-d0294TX\";s:10:\"anhdaidien\";s:16:\"HP-VICTUS-16.jpg\";s:4:\"mota\";s:304:\"HP Victus 16-d0294TX dùng CPU i5-11400H và RTX 3050, đáp ứng tốt gaming eSports và đồ họa nhẹ. Màn hình 16.1 inch 144Hz rộng rãi. Tản nhiệt lớn hơn dòng Pavilion giúp hiệu năng ổn định. Thiết kế đơn giản nhưng bền bỉ, phù hợp game thủ phổ thông.\";s:12:\"hinhanhkhac1\";s:16:\"HP-VICTUS-16.jpg\";s:6:\"giamoi\";s:11:\"19990000.00\";s:5:\"giacu\";s:11:\"22988500.00\";s:9:\"trangthai\";i:1;s:7:\"hang_id\";i:4;s:10:\"danhmuc_id\";i:18;s:12:\"chuyenmuc_id\";i:2;}s:11:\"\0*\0original\";a:11:{s:4:\"masp\";i:8;s:5:\"tensp\";s:20:\"HP Victus 16-d0294TX\";s:10:\"anhdaidien\";s:16:\"HP-VICTUS-16.jpg\";s:4:\"mota\";s:304:\"HP Victus 16-d0294TX dùng CPU i5-11400H và RTX 3050, đáp ứng tốt gaming eSports và đồ họa nhẹ. Màn hình 16.1 inch 144Hz rộng rãi. Tản nhiệt lớn hơn dòng Pavilion giúp hiệu năng ổn định. Thiết kế đơn giản nhưng bền bỉ, phù hợp game thủ phổ thông.\";s:12:\"hinhanhkhac1\";s:16:\"HP-VICTUS-16.jpg\";s:6:\"giamoi\";s:11:\"19990000.00\";s:5:\"giacu\";s:11:\"22988500.00\";s:9:\"trangthai\";i:1;s:7:\"hang_id\";i:4;s:10:\"danhmuc_id\";i:18;s:12:\"chuyenmuc_id\";i:2;}s:10:\"\0*\0changes\";a:0:{}s:11:\"\0*\0previous\";a:0:{}s:8:\"\0*\0casts\";a:2:{s:6:\"giamoi\";s:9:\"decimal:2\";s:5:\"giacu\";s:9:\"decimal:2\";}s:17:\"\0*\0classCastCache\";a:0:{}s:21:\"\0*\0attributeCastCache\";a:0:{}s:13:\"\0*\0dateFormat\";N;s:10:\"\0*\0appends\";a:0:{}s:19:\"\0*\0dispatchesEvents\";a:0:{}s:14:\"\0*\0observables\";a:0:{}s:12:\"\0*\0relations\";a:1:{s:4:\"hang\";r:52;}s:10:\"\0*\0touches\";a:0:{}s:27:\"\0*\0relationAutoloadCallback\";N;s:26:\"\0*\0relationAutoloadContext\";N;s:10:\"timestamps\";b:0;s:13:\"usesUniqueIds\";b:0;s:9:\"\0*\0hidden\";a:0:{}s:10:\"\0*\0visible\";a:0:{}s:11:\"\0*\0fillable\";a:10:{i:0;s:5:\"tensp\";i:1;s:10:\"anhdaidien\";i:2;s:12:\"chuyenmuc_id\";i:3;s:4:\"mota\";i:4;s:7:\"hang_id\";i:5;s:10:\"danhmuc_id\";i:6;s:12:\"hinhanhkhac1\";i:7;s:6:\"giamoi\";i:8;s:5:\"giacu\";i:9;s:9:\"trangthai\";}s:10:\"\0*\0guarded\";a:1:{i:0;s:1:\"*\";}}i:4;O:18:\"App\\Models\\SanPham\":33:{s:13:\"\0*\0connection\";s:5:\"mysql\";s:8:\"\0*\0table\";s:7:\"sanpham\";s:13:\"\0*\0primaryKey\";s:4:\"masp\";s:10:\"\0*\0keyType\";s:3:\"int\";s:12:\"incrementing\";b:1;s:7:\"\0*\0with\";a:0:{}s:12:\"\0*\0withCount\";a:0:{}s:19:\"preventsLazyLoading\";b:0;s:10:\"\0*\0perPage\";i:15;s:6:\"exists\";b:1;s:18:\"wasRecentlyCreated\";b:0;s:28:\"\0*\0escapeWhenCastingToString\";b:0;s:13:\"\0*\0attributes\";a:11:{s:4:\"masp\";i:2;s:5:\"tensp\";s:35:\"Asus TUF Gaming F15 (2023) FX507ZC4\";s:10:\"anhdaidien\";s:10:\"TUFGM2.jpg\";s:4:\"mota\";s:354:\"Asus TUF Gaming F15 2023 sử dụng CPU i5-12500H và GPU RTX 3050, mang lại hiệu năng tốt cho gaming tầm trung và đồ họa 2D. Màn hình 15.6 inch FHD 144Hz ổn định trong game eSports. Máy đạt chuẩn bền MIL-STD-810H, RAM DDR5 và SSD NVMe cho tốc độ phản hồi nhanh. Phù hợp sinh viên và game thủ phổ thông.\";s:12:\"hinhanhkhac1\";s:10:\"TUFGM2.jpg\";s:6:\"giamoi\";s:11:\"20490000.00\";s:5:\"giacu\";s:11:\"23563500.00\";s:9:\"trangthai\";i:1;s:7:\"hang_id\";i:3;s:10:\"danhmuc_id\";i:18;s:12:\"chuyenmuc_id\";i:1;}s:11:\"\0*\0original\";a:11:{s:4:\"masp\";i:2;s:5:\"tensp\";s:35:\"Asus TUF Gaming F15 (2023) FX507ZC4\";s:10:\"anhdaidien\";s:10:\"TUFGM2.jpg\";s:4:\"mota\";s:354:\"Asus TUF Gaming F15 2023 sử dụng CPU i5-12500H và GPU RTX 3050, mang lại hiệu năng tốt cho gaming tầm trung và đồ họa 2D. Màn hình 15.6 inch FHD 144Hz ổn định trong game eSports. Máy đạt chuẩn bền MIL-STD-810H, RAM DDR5 và SSD NVMe cho tốc độ phản hồi nhanh. Phù hợp sinh viên và game thủ phổ thông.\";s:12:\"hinhanhkhac1\";s:10:\"TUFGM2.jpg\";s:6:\"giamoi\";s:11:\"20490000.00\";s:5:\"giacu\";s:11:\"23563500.00\";s:9:\"trangthai\";i:1;s:7:\"hang_id\";i:3;s:10:\"danhmuc_id\";i:18;s:12:\"chuyenmuc_id\";i:1;}s:10:\"\0*\0changes\";a:0:{}s:11:\"\0*\0previous\";a:0:{}s:8:\"\0*\0casts\";a:2:{s:6:\"giamoi\";s:9:\"decimal:2\";s:5:\"giacu\";s:9:\"decimal:2\";}s:17:\"\0*\0classCastCache\";a:0:{}s:21:\"\0*\0attributeCastCache\";a:0:{}s:13:\"\0*\0dateFormat\";N;s:10:\"\0*\0appends\";a:0:{}s:19:\"\0*\0dispatchesEvents\";a:0:{}s:14:\"\0*\0observables\";a:0:{}s:12:\"\0*\0relations\";a:1:{s:4:\"hang\";O:15:\"App\\Models\\Hang\":33:{s:13:\"\0*\0connection\";s:5:\"mysql\";s:8:\"\0*\0table\";s:4:\"hang\";s:13:\"\0*\0primaryKey\";s:2:\"id\";s:10:\"\0*\0keyType\";s:3:\"int\";s:12:\"incrementing\";b:1;s:7:\"\0*\0with\";a:0:{}s:12:\"\0*\0withCount\";a:0:{}s:19:\"preventsLazyLoading\";b:0;s:10:\"\0*\0perPage\";i:15;s:6:\"exists\";b:1;s:18:\"wasRecentlyCreated\";b:0;s:28:\"\0*\0escapeWhenCastingToString\";b:0;s:13:\"\0*\0attributes\";a:5:{s:2:\"id\";i:3;s:7:\"tenhang\";s:4:\"Asus\";s:7:\"hinhanh\";s:9:\"Asus.webp\";s:10:\"created_at\";N;s:10:\"updated_at\";N;}s:11:\"\0*\0original\";a:5:{s:2:\"id\";i:3;s:7:\"tenhang\";s:4:\"Asus\";s:7:\"hinhanh\";s:9:\"Asus.webp\";s:10:\"created_at\";N;s:10:\"updated_at\";N;}s:10:\"\0*\0changes\";a:0:{}s:11:\"\0*\0previous\";a:0:{}s:8:\"\0*\0casts\";a:0:{}s:17:\"\0*\0classCastCache\";a:0:{}s:21:\"\0*\0attributeCastCache\";a:0:{}s:13:\"\0*\0dateFormat\";N;s:10:\"\0*\0appends\";a:0:{}s:19:\"\0*\0dispatchesEvents\";a:0:{}s:14:\"\0*\0observables\";a:0:{}s:12:\"\0*\0relations\";a:0:{}s:10:\"\0*\0touches\";a:0:{}s:27:\"\0*\0relationAutoloadCallback\";N;s:26:\"\0*\0relationAutoloadContext\";N;s:10:\"timestamps\";b:1;s:13:\"usesUniqueIds\";b:0;s:9:\"\0*\0hidden\";a:0:{}s:10:\"\0*\0visible\";a:0:{}s:11:\"\0*\0fillable\";a:2:{i:0;s:7:\"tenhang\";i:1;s:7:\"hinhanh\";}s:10:\"\0*\0guarded\";a:1:{i:0;s:1:\"*\";}}}s:10:\"\0*\0touches\";a:0:{}s:27:\"\0*\0relationAutoloadCallback\";N;s:26:\"\0*\0relationAutoloadContext\";N;s:10:\"timestamps\";b:0;s:13:\"usesUniqueIds\";b:0;s:9:\"\0*\0hidden\";a:0:{}s:10:\"\0*\0visible\";a:0:{}s:11:\"\0*\0fillable\";a:10:{i:0;s:5:\"tensp\";i:1;s:10:\"anhdaidien\";i:2;s:12:\"chuyenmuc_id\";i:3;s:4:\"mota\";i:4;s:7:\"hang_id\";i:5;s:10:\"danhmuc_id\";i:6;s:12:\"hinhanhkhac1\";i:7;s:6:\"giamoi\";i:8;s:5:\"giacu\";i:9;s:9:\"trangthai\";}s:10:\"\0*\0guarded\";a:1:{i:0;s:1:\"*\";}}i:5;O:18:\"App\\Models\\SanPham\":33:{s:13:\"\0*\0connection\";s:5:\"mysql\";s:8:\"\0*\0table\";s:7:\"sanpham\";s:13:\"\0*\0primaryKey\";s:4:\"masp\";s:10:\"\0*\0keyType\";s:3:\"int\";s:12:\"incrementing\";b:1;s:7:\"\0*\0with\";a:0:{}s:12:\"\0*\0withCount\";a:0:{}s:19:\"preventsLazyLoading\";b:0;s:10:\"\0*\0perPage\";i:15;s:6:\"exists\";b:1;s:18:\"wasRecentlyCreated\";b:0;s:28:\"\0*\0escapeWhenCastingToString\";b:0;s:13:\"\0*\0attributes\";a:11:{s:4:\"masp\";i:98;s:5:\"tensp\";s:35:\"Asus TUF Gaming F15 (2023) FX507ZC4\";s:10:\"anhdaidien\";s:7:\"TUF.png\";s:4:\"mota\";s:354:\"Asus TUF Gaming F15 2023 sử dụng CPU i5-12500H và GPU RTX 3050, mang lại hiệu năng tốt cho gaming tầm trung và đồ họa 2D. Màn hình 15.6 inch FHD 144Hz ổn định trong game eSports. Máy đạt chuẩn bền MIL-STD-810H, RAM DDR5 và SSD NVMe cho tốc độ phản hồi nhanh. Phù hợp sinh viên và game thủ phổ thông.\";s:12:\"hinhanhkhac1\";s:11:\"tuf-f15.jpg\";s:6:\"giamoi\";s:11:\"20490000.00\";s:5:\"giacu\";s:11:\"23563500.00\";s:9:\"trangthai\";i:1;s:7:\"hang_id\";i:3;s:10:\"danhmuc_id\";i:18;s:12:\"chuyenmuc_id\";i:1;}s:11:\"\0*\0original\";a:11:{s:4:\"masp\";i:98;s:5:\"tensp\";s:35:\"Asus TUF Gaming F15 (2023) FX507ZC4\";s:10:\"anhdaidien\";s:7:\"TUF.png\";s:4:\"mota\";s:354:\"Asus TUF Gaming F15 2023 sử dụng CPU i5-12500H và GPU RTX 3050, mang lại hiệu năng tốt cho gaming tầm trung và đồ họa 2D. Màn hình 15.6 inch FHD 144Hz ổn định trong game eSports. Máy đạt chuẩn bền MIL-STD-810H, RAM DDR5 và SSD NVMe cho tốc độ phản hồi nhanh. Phù hợp sinh viên và game thủ phổ thông.\";s:12:\"hinhanhkhac1\";s:11:\"tuf-f15.jpg\";s:6:\"giamoi\";s:11:\"20490000.00\";s:5:\"giacu\";s:11:\"23563500.00\";s:9:\"trangthai\";i:1;s:7:\"hang_id\";i:3;s:10:\"danhmuc_id\";i:18;s:12:\"chuyenmuc_id\";i:1;}s:10:\"\0*\0changes\";a:0:{}s:11:\"\0*\0previous\";a:0:{}s:8:\"\0*\0casts\";a:2:{s:6:\"giamoi\";s:9:\"decimal:2\";s:5:\"giacu\";s:9:\"decimal:2\";}s:17:\"\0*\0classCastCache\";a:0:{}s:21:\"\0*\0attributeCastCache\";a:0:{}s:13:\"\0*\0dateFormat\";N;s:10:\"\0*\0appends\";a:0:{}s:19:\"\0*\0dispatchesEvents\";a:0:{}s:14:\"\0*\0observables\";a:0:{}s:12:\"\0*\0relations\";a:1:{s:4:\"hang\";r:424;}s:10:\"\0*\0touches\";a:0:{}s:27:\"\0*\0relationAutoloadCallback\";N;s:26:\"\0*\0relationAutoloadContext\";N;s:10:\"timestamps\";b:0;s:13:\"usesUniqueIds\";b:0;s:9:\"\0*\0hidden\";a:0:{}s:10:\"\0*\0visible\";a:0:{}s:11:\"\0*\0fillable\";a:10:{i:0;s:5:\"tensp\";i:1;s:10:\"anhdaidien\";i:2;s:12:\"chuyenmuc_id\";i:3;s:4:\"mota\";i:4;s:7:\"hang_id\";i:5;s:10:\"danhmuc_id\";i:6;s:12:\"hinhanhkhac1\";i:7;s:6:\"giamoi\";i:8;s:5:\"giacu\";i:9;s:9:\"trangthai\";}s:10:\"\0*\0guarded\";a:1:{i:0;s:1:\"*\";}}i:6;O:18:\"App\\Models\\SanPham\":33:{s:13:\"\0*\0connection\";s:5:\"mysql\";s:8:\"\0*\0table\";s:7:\"sanpham\";s:13:\"\0*\0primaryKey\";s:4:\"masp\";s:10:\"\0*\0keyType\";s:3:\"int\";s:12:\"incrementing\";b:1;s:7:\"\0*\0with\";a:0:{}s:12:\"\0*\0withCount\";a:0:{}s:19:\"preventsLazyLoading\";b:0;s:10:\"\0*\0perPage\";i:15;s:6:\"exists\";b:1;s:18:\"wasRecentlyCreated\";b:0;s:28:\"\0*\0escapeWhenCastingToString\";b:0;s:13:\"\0*\0attributes\";a:11:{s:4:\"masp\";i:108;s:5:\"tensp\";s:35:\"Asus TUF Gaming F15 (2023) FX507ZC4\";s:10:\"anhdaidien\";s:13:\"image_297.png\";s:4:\"mota\";s:354:\"Asus TUF Gaming F15 2023 sử dụng CPU i5-12500H và GPU RTX 3050, mang lại hiệu năng tốt cho gaming tầm trung và đồ họa 2D. Màn hình 15.6 inch FHD 144Hz ổn định trong game eSports. Máy đạt chuẩn bền MIL-STD-810H, RAM DDR5 và SSD NVMe cho tốc độ phản hồi nhanh. Phù hợp sinh viên và game thủ phổ thông.\";s:12:\"hinhanhkhac1\";s:11:\"tuf-f15.jpg\";s:6:\"giamoi\";s:11:\"20490000.00\";s:5:\"giacu\";s:11:\"23563500.00\";s:9:\"trangthai\";i:1;s:7:\"hang_id\";i:3;s:10:\"danhmuc_id\";i:18;s:12:\"chuyenmuc_id\";i:3;}s:11:\"\0*\0original\";a:11:{s:4:\"masp\";i:108;s:5:\"tensp\";s:35:\"Asus TUF Gaming F15 (2023) FX507ZC4\";s:10:\"anhdaidien\";s:13:\"image_297.png\";s:4:\"mota\";s:354:\"Asus TUF Gaming F15 2023 sử dụng CPU i5-12500H và GPU RTX 3050, mang lại hiệu năng tốt cho gaming tầm trung và đồ họa 2D. Màn hình 15.6 inch FHD 144Hz ổn định trong game eSports. Máy đạt chuẩn bền MIL-STD-810H, RAM DDR5 và SSD NVMe cho tốc độ phản hồi nhanh. Phù hợp sinh viên và game thủ phổ thông.\";s:12:\"hinhanhkhac1\";s:11:\"tuf-f15.jpg\";s:6:\"giamoi\";s:11:\"20490000.00\";s:5:\"giacu\";s:11:\"23563500.00\";s:9:\"trangthai\";i:1;s:7:\"hang_id\";i:3;s:10:\"danhmuc_id\";i:18;s:12:\"chuyenmuc_id\";i:3;}s:10:\"\0*\0changes\";a:0:{}s:11:\"\0*\0previous\";a:0:{}s:8:\"\0*\0casts\";a:2:{s:6:\"giamoi\";s:9:\"decimal:2\";s:5:\"giacu\";s:9:\"decimal:2\";}s:17:\"\0*\0classCastCache\";a:0:{}s:21:\"\0*\0attributeCastCache\";a:0:{}s:13:\"\0*\0dateFormat\";N;s:10:\"\0*\0appends\";a:0:{}s:19:\"\0*\0dispatchesEvents\";a:0:{}s:14:\"\0*\0observables\";a:0:{}s:12:\"\0*\0relations\";a:1:{s:4:\"hang\";r:424;}s:10:\"\0*\0touches\";a:0:{}s:27:\"\0*\0relationAutoloadCallback\";N;s:26:\"\0*\0relationAutoloadContext\";N;s:10:\"timestamps\";b:0;s:13:\"usesUniqueIds\";b:0;s:9:\"\0*\0hidden\";a:0:{}s:10:\"\0*\0visible\";a:0:{}s:11:\"\0*\0fillable\";a:10:{i:0;s:5:\"tensp\";i:1;s:10:\"anhdaidien\";i:2;s:12:\"chuyenmuc_id\";i:3;s:4:\"mota\";i:4;s:7:\"hang_id\";i:5;s:10:\"danhmuc_id\";i:6;s:12:\"hinhanhkhac1\";i:7;s:6:\"giamoi\";i:8;s:5:\"giacu\";i:9;s:9:\"trangthai\";}s:10:\"\0*\0guarded\";a:1:{i:0;s:1:\"*\";}}i:7;O:18:\"App\\Models\\SanPham\":33:{s:13:\"\0*\0connection\";s:5:\"mysql\";s:8:\"\0*\0table\";s:7:\"sanpham\";s:13:\"\0*\0primaryKey\";s:4:\"masp\";s:10:\"\0*\0keyType\";s:3:\"int\";s:12:\"incrementing\";b:1;s:7:\"\0*\0with\";a:0:{}s:12:\"\0*\0withCount\";a:0:{}s:19:\"preventsLazyLoading\";b:0;s:10:\"\0*\0perPage\";i:15;s:6:\"exists\";b:1;s:18:\"wasRecentlyCreated\";b:0;s:28:\"\0*\0escapeWhenCastingToString\";b:0;s:13:\"\0*\0attributes\";a:11:{s:4:\"masp\";i:118;s:5:\"tensp\";s:35:\"Asus TUF Gaming F15 (2023) FX507ZC4\";s:10:\"anhdaidien\";s:13:\"image_596.png\";s:4:\"mota\";s:354:\"Asus TUF Gaming F15 2023 sử dụng CPU i5-12500H và GPU RTX 3050, mang lại hiệu năng tốt cho gaming tầm trung và đồ họa 2D. Màn hình 15.6 inch FHD 144Hz ổn định trong game eSports. Máy đạt chuẩn bền MIL-STD-810H, RAM DDR5 và SSD NVMe cho tốc độ phản hồi nhanh. Phù hợp sinh viên và game thủ phổ thông.\";s:12:\"hinhanhkhac1\";s:11:\"tuf-f15.jpg\";s:6:\"giamoi\";s:11:\"20490000.00\";s:5:\"giacu\";s:11:\"23563500.00\";s:9:\"trangthai\";i:1;s:7:\"hang_id\";i:3;s:10:\"danhmuc_id\";i:18;s:12:\"chuyenmuc_id\";i:1;}s:11:\"\0*\0original\";a:11:{s:4:\"masp\";i:118;s:5:\"tensp\";s:35:\"Asus TUF Gaming F15 (2023) FX507ZC4\";s:10:\"anhdaidien\";s:13:\"image_596.png\";s:4:\"mota\";s:354:\"Asus TUF Gaming F15 2023 sử dụng CPU i5-12500H và GPU RTX 3050, mang lại hiệu năng tốt cho gaming tầm trung và đồ họa 2D. Màn hình 15.6 inch FHD 144Hz ổn định trong game eSports. Máy đạt chuẩn bền MIL-STD-810H, RAM DDR5 và SSD NVMe cho tốc độ phản hồi nhanh. Phù hợp sinh viên và game thủ phổ thông.\";s:12:\"hinhanhkhac1\";s:11:\"tuf-f15.jpg\";s:6:\"giamoi\";s:11:\"20490000.00\";s:5:\"giacu\";s:11:\"23563500.00\";s:9:\"trangthai\";i:1;s:7:\"hang_id\";i:3;s:10:\"danhmuc_id\";i:18;s:12:\"chuyenmuc_id\";i:1;}s:10:\"\0*\0changes\";a:0:{}s:11:\"\0*\0previous\";a:0:{}s:8:\"\0*\0casts\";a:2:{s:6:\"giamoi\";s:9:\"decimal:2\";s:5:\"giacu\";s:9:\"decimal:2\";}s:17:\"\0*\0classCastCache\";a:0:{}s:21:\"\0*\0attributeCastCache\";a:0:{}s:13:\"\0*\0dateFormat\";N;s:10:\"\0*\0appends\";a:0:{}s:19:\"\0*\0dispatchesEvents\";a:0:{}s:14:\"\0*\0observables\";a:0:{}s:12:\"\0*\0relations\";a:1:{s:4:\"hang\";r:424;}s:10:\"\0*\0touches\";a:0:{}s:27:\"\0*\0relationAutoloadCallback\";N;s:26:\"\0*\0relationAutoloadContext\";N;s:10:\"timestamps\";b:0;s:13:\"usesUniqueIds\";b:0;s:9:\"\0*\0hidden\";a:0:{}s:10:\"\0*\0visible\";a:0:{}s:11:\"\0*\0fillable\";a:10:{i:0;s:5:\"tensp\";i:1;s:10:\"anhdaidien\";i:2;s:12:\"chuyenmuc_id\";i:3;s:4:\"mota\";i:4;s:7:\"hang_id\";i:5;s:10:\"danhmuc_id\";i:6;s:12:\"hinhanhkhac1\";i:7;s:6:\"giamoi\";i:8;s:5:\"giacu\";i:9;s:9:\"trangthai\";}s:10:\"\0*\0guarded\";a:1:{i:0;s:1:\"*\";}}i:8;O:18:\"App\\Models\\SanPham\":33:{s:13:\"\0*\0connection\";s:5:\"mysql\";s:8:\"\0*\0table\";s:7:\"sanpham\";s:13:\"\0*\0primaryKey\";s:4:\"masp\";s:10:\"\0*\0keyType\";s:3:\"int\";s:12:\"incrementing\";b:1;s:7:\"\0*\0with\";a:0:{}s:12:\"\0*\0withCount\";a:0:{}s:19:\"preventsLazyLoading\";b:0;s:10:\"\0*\0perPage\";i:15;s:6:\"exists\";b:1;s:18:\"wasRecentlyCreated\";b:0;s:28:\"\0*\0escapeWhenCastingToString\";b:0;s:13:\"\0*\0attributes\";a:11:{s:4:\"masp\";i:128;s:5:\"tensp\";s:35:\"Asus TUF Gaming F15 (2023) FX507ZC4\";s:10:\"anhdaidien\";s:13:\"image_362.png\";s:4:\"mota\";s:354:\"Asus TUF Gaming F15 2023 sử dụng CPU i5-12500H và GPU RTX 3050, mang lại hiệu năng tốt cho gaming tầm trung và đồ họa 2D. Màn hình 15.6 inch FHD 144Hz ổn định trong game eSports. Máy đạt chuẩn bền MIL-STD-810H, RAM DDR5 và SSD NVMe cho tốc độ phản hồi nhanh. Phù hợp sinh viên và game thủ phổ thông.\";s:12:\"hinhanhkhac1\";s:11:\"tuf-f15.jpg\";s:6:\"giamoi\";s:11:\"20490000.00\";s:5:\"giacu\";s:11:\"23563500.00\";s:9:\"trangthai\";i:1;s:7:\"hang_id\";i:3;s:10:\"danhmuc_id\";i:18;s:12:\"chuyenmuc_id\";i:3;}s:11:\"\0*\0original\";a:11:{s:4:\"masp\";i:128;s:5:\"tensp\";s:35:\"Asus TUF Gaming F15 (2023) FX507ZC4\";s:10:\"anhdaidien\";s:13:\"image_362.png\";s:4:\"mota\";s:354:\"Asus TUF Gaming F15 2023 sử dụng CPU i5-12500H và GPU RTX 3050, mang lại hiệu năng tốt cho gaming tầm trung và đồ họa 2D. Màn hình 15.6 inch FHD 144Hz ổn định trong game eSports. Máy đạt chuẩn bền MIL-STD-810H, RAM DDR5 và SSD NVMe cho tốc độ phản hồi nhanh. Phù hợp sinh viên và game thủ phổ thông.\";s:12:\"hinhanhkhac1\";s:11:\"tuf-f15.jpg\";s:6:\"giamoi\";s:11:\"20490000.00\";s:5:\"giacu\";s:11:\"23563500.00\";s:9:\"trangthai\";i:1;s:7:\"hang_id\";i:3;s:10:\"danhmuc_id\";i:18;s:12:\"chuyenmuc_id\";i:3;}s:10:\"\0*\0changes\";a:0:{}s:11:\"\0*\0previous\";a:0:{}s:8:\"\0*\0casts\";a:2:{s:6:\"giamoi\";s:9:\"decimal:2\";s:5:\"giacu\";s:9:\"decimal:2\";}s:17:\"\0*\0classCastCache\";a:0:{}s:21:\"\0*\0attributeCastCache\";a:0:{}s:13:\"\0*\0dateFormat\";N;s:10:\"\0*\0appends\";a:0:{}s:19:\"\0*\0dispatchesEvents\";a:0:{}s:14:\"\0*\0observables\";a:0:{}s:12:\"\0*\0relations\";a:1:{s:4:\"hang\";r:424;}s:10:\"\0*\0touches\";a:0:{}s:27:\"\0*\0relationAutoloadCallback\";N;s:26:\"\0*\0relationAutoloadContext\";N;s:10:\"timestamps\";b:0;s:13:\"usesUniqueIds\";b:0;s:9:\"\0*\0hidden\";a:0:{}s:10:\"\0*\0visible\";a:0:{}s:11:\"\0*\0fillable\";a:10:{i:0;s:5:\"tensp\";i:1;s:10:\"anhdaidien\";i:2;s:12:\"chuyenmuc_id\";i:3;s:4:\"mota\";i:4;s:7:\"hang_id\";i:5;s:10:\"danhmuc_id\";i:6;s:12:\"hinhanhkhac1\";i:7;s:6:\"giamoi\";i:8;s:5:\"giacu\";i:9;s:9:\"trangthai\";}s:10:\"\0*\0guarded\";a:1:{i:0;s:1:\"*\";}}i:9;O:18:\"App\\Models\\SanPham\":33:{s:13:\"\0*\0connection\";s:5:\"mysql\";s:8:\"\0*\0table\";s:7:\"sanpham\";s:13:\"\0*\0primaryKey\";s:4:\"masp\";s:10:\"\0*\0keyType\";s:3:\"int\";s:12:\"incrementing\";b:1;s:7:\"\0*\0with\";a:0:{}s:12:\"\0*\0withCount\";a:0:{}s:19:\"preventsLazyLoading\";b:0;s:10:\"\0*\0perPage\";i:15;s:6:\"exists\";b:1;s:18:\"wasRecentlyCreated\";b:0;s:28:\"\0*\0escapeWhenCastingToString\";b:0;s:13:\"\0*\0attributes\";a:11:{s:4:\"masp\";i:138;s:5:\"tensp\";s:35:\"Asus TUF Gaming F15 (2023) FX507ZC4\";s:10:\"anhdaidien\";s:13:\"image_362.png\";s:4:\"mota\";s:354:\"Asus TUF Gaming F15 2023 sử dụng CPU i5-12500H và GPU RTX 3050, mang lại hiệu năng tốt cho gaming tầm trung và đồ họa 2D. Màn hình 15.6 inch FHD 144Hz ổn định trong game eSports. Máy đạt chuẩn bền MIL-STD-810H, RAM DDR5 và SSD NVMe cho tốc độ phản hồi nhanh. Phù hợp sinh viên và game thủ phổ thông.\";s:12:\"hinhanhkhac1\";s:11:\"tuf-f15.jpg\";s:6:\"giamoi\";s:11:\"20490000.00\";s:5:\"giacu\";s:11:\"23563500.00\";s:9:\"trangthai\";i:1;s:7:\"hang_id\";i:3;s:10:\"danhmuc_id\";i:18;s:12:\"chuyenmuc_id\";i:1;}s:11:\"\0*\0original\";a:11:{s:4:\"masp\";i:138;s:5:\"tensp\";s:35:\"Asus TUF Gaming F15 (2023) FX507ZC4\";s:10:\"anhdaidien\";s:13:\"image_362.png\";s:4:\"mota\";s:354:\"Asus TUF Gaming F15 2023 sử dụng CPU i5-12500H và GPU RTX 3050, mang lại hiệu năng tốt cho gaming tầm trung và đồ họa 2D. Màn hình 15.6 inch FHD 144Hz ổn định trong game eSports. Máy đạt chuẩn bền MIL-STD-810H, RAM DDR5 và SSD NVMe cho tốc độ phản hồi nhanh. Phù hợp sinh viên và game thủ phổ thông.\";s:12:\"hinhanhkhac1\";s:11:\"tuf-f15.jpg\";s:6:\"giamoi\";s:11:\"20490000.00\";s:5:\"giacu\";s:11:\"23563500.00\";s:9:\"trangthai\";i:1;s:7:\"hang_id\";i:3;s:10:\"danhmuc_id\";i:18;s:12:\"chuyenmuc_id\";i:1;}s:10:\"\0*\0changes\";a:0:{}s:11:\"\0*\0previous\";a:0:{}s:8:\"\0*\0casts\";a:2:{s:6:\"giamoi\";s:9:\"decimal:2\";s:5:\"giacu\";s:9:\"decimal:2\";}s:17:\"\0*\0classCastCache\";a:0:{}s:21:\"\0*\0attributeCastCache\";a:0:{}s:13:\"\0*\0dateFormat\";N;s:10:\"\0*\0appends\";a:0:{}s:19:\"\0*\0dispatchesEvents\";a:0:{}s:14:\"\0*\0observables\";a:0:{}s:12:\"\0*\0relations\";a:1:{s:4:\"hang\";r:424;}s:10:\"\0*\0touches\";a:0:{}s:27:\"\0*\0relationAutoloadCallback\";N;s:26:\"\0*\0relationAutoloadContext\";N;s:10:\"timestamps\";b:0;s:13:\"usesUniqueIds\";b:0;s:9:\"\0*\0hidden\";a:0:{}s:10:\"\0*\0visible\";a:0:{}s:11:\"\0*\0fillable\";a:10:{i:0;s:5:\"tensp\";i:1;s:10:\"anhdaidien\";i:2;s:12:\"chuyenmuc_id\";i:3;s:4:\"mota\";i:4;s:7:\"hang_id\";i:5;s:10:\"danhmuc_id\";i:6;s:12:\"hinhanhkhac1\";i:7;s:6:\"giamoi\";i:8;s:5:\"giacu\";i:9;s:9:\"trangthai\";}s:10:\"\0*\0guarded\";a:1:{i:0;s:1:\"*\";}}i:10;O:18:\"App\\Models\\SanPham\":33:{s:13:\"\0*\0connection\";s:5:\"mysql\";s:8:\"\0*\0table\";s:7:\"sanpham\";s:13:\"\0*\0primaryKey\";s:4:\"masp\";s:10:\"\0*\0keyType\";s:3:\"int\";s:12:\"incrementing\";b:1;s:7:\"\0*\0with\";a:0:{}s:12:\"\0*\0withCount\";a:0:{}s:19:\"preventsLazyLoading\";b:0;s:10:\"\0*\0perPage\";i:15;s:6:\"exists\";b:1;s:18:\"wasRecentlyCreated\";b:0;s:28:\"\0*\0escapeWhenCastingToString\";b:0;s:13:\"\0*\0attributes\";a:11:{s:4:\"masp\";i:148;s:5:\"tensp\";s:35:\"Asus TUF Gaming F15 (2023) FX507ZC4\";s:10:\"anhdaidien\";s:13:\"image_596.png\";s:4:\"mota\";s:354:\"Asus TUF Gaming F15 2023 sử dụng CPU i5-12500H và GPU RTX 3050, mang lại hiệu năng tốt cho gaming tầm trung và đồ họa 2D. Màn hình 15.6 inch FHD 144Hz ổn định trong game eSports. Máy đạt chuẩn bền MIL-STD-810H, RAM DDR5 và SSD NVMe cho tốc độ phản hồi nhanh. Phù hợp sinh viên và game thủ phổ thông.\";s:12:\"hinhanhkhac1\";s:11:\"tuf-f15.jpg\";s:6:\"giamoi\";s:11:\"20490000.00\";s:5:\"giacu\";s:11:\"23563500.00\";s:9:\"trangthai\";i:1;s:7:\"hang_id\";i:3;s:10:\"danhmuc_id\";i:18;s:12:\"chuyenmuc_id\";i:3;}s:11:\"\0*\0original\";a:11:{s:4:\"masp\";i:148;s:5:\"tensp\";s:35:\"Asus TUF Gaming F15 (2023) FX507ZC4\";s:10:\"anhdaidien\";s:13:\"image_596.png\";s:4:\"mota\";s:354:\"Asus TUF Gaming F15 2023 sử dụng CPU i5-12500H và GPU RTX 3050, mang lại hiệu năng tốt cho gaming tầm trung và đồ họa 2D. Màn hình 15.6 inch FHD 144Hz ổn định trong game eSports. Máy đạt chuẩn bền MIL-STD-810H, RAM DDR5 và SSD NVMe cho tốc độ phản hồi nhanh. Phù hợp sinh viên và game thủ phổ thông.\";s:12:\"hinhanhkhac1\";s:11:\"tuf-f15.jpg\";s:6:\"giamoi\";s:11:\"20490000.00\";s:5:\"giacu\";s:11:\"23563500.00\";s:9:\"trangthai\";i:1;s:7:\"hang_id\";i:3;s:10:\"danhmuc_id\";i:18;s:12:\"chuyenmuc_id\";i:3;}s:10:\"\0*\0changes\";a:0:{}s:11:\"\0*\0previous\";a:0:{}s:8:\"\0*\0casts\";a:2:{s:6:\"giamoi\";s:9:\"decimal:2\";s:5:\"giacu\";s:9:\"decimal:2\";}s:17:\"\0*\0classCastCache\";a:0:{}s:21:\"\0*\0attributeCastCache\";a:0:{}s:13:\"\0*\0dateFormat\";N;s:10:\"\0*\0appends\";a:0:{}s:19:\"\0*\0dispatchesEvents\";a:0:{}s:14:\"\0*\0observables\";a:0:{}s:12:\"\0*\0relations\";a:1:{s:4:\"hang\";r:424;}s:10:\"\0*\0touches\";a:0:{}s:27:\"\0*\0relationAutoloadCallback\";N;s:26:\"\0*\0relationAutoloadContext\";N;s:10:\"timestamps\";b:0;s:13:\"usesUniqueIds\";b:0;s:9:\"\0*\0hidden\";a:0:{}s:10:\"\0*\0visible\";a:0:{}s:11:\"\0*\0fillable\";a:10:{i:0;s:5:\"tensp\";i:1;s:10:\"anhdaidien\";i:2;s:12:\"chuyenmuc_id\";i:3;s:4:\"mota\";i:4;s:7:\"hang_id\";i:5;s:10:\"danhmuc_id\";i:6;s:12:\"hinhanhkhac1\";i:7;s:6:\"giamoi\";i:8;s:5:\"giacu\";i:9;s:9:\"trangthai\";}s:10:\"\0*\0guarded\";a:1:{i:0;s:1:\"*\";}}i:11;O:18:\"App\\Models\\SanPham\":33:{s:13:\"\0*\0connection\";s:5:\"mysql\";s:8:\"\0*\0table\";s:7:\"sanpham\";s:13:\"\0*\0primaryKey\";s:4:\"masp\";s:10:\"\0*\0keyType\";s:3:\"int\";s:12:\"incrementing\";b:1;s:7:\"\0*\0with\";a:0:{}s:12:\"\0*\0withCount\";a:0:{}s:19:\"preventsLazyLoading\";b:0;s:10:\"\0*\0perPage\";i:15;s:6:\"exists\";b:1;s:18:\"wasRecentlyCreated\";b:0;s:28:\"\0*\0escapeWhenCastingToString\";b:0;s:13:\"\0*\0attributes\";a:11:{s:4:\"masp\";i:7;s:5:\"tensp\";s:31:\"Acer Nitro V 15 ANV15-51 (2023)\";s:10:\"anhdaidien\";s:11:\"nitro-v.jpg\";s:4:\"mota\";s:345:\"Acer Nitro V 15 dùng CPU i5-13420H và RTX 4050, mang lại hiệu năng mạnh trong phân khúc gaming phổ thông. Màn hình 144Hz ổn định trong game eSports. Máy trang bị tản nhiệt lớn giúp duy trì nhiệt độ tốt. RAM 16GB và SSD NVMe cho đa nhiệm mượt mà. Phù hợp sinh viên và người mới chơi game.\";s:12:\"hinhanhkhac1\";s:11:\"nitro-v.jpg\";s:6:\"giamoi\";s:11:\"22990000.00\";s:5:\"giacu\";s:11:\"26438500.00\";s:9:\"trangthai\";i:1;s:7:\"hang_id\";i:18;s:10:\"danhmuc_id\";i:18;s:12:\"chuyenmuc_id\";i:2;}s:11:\"\0*\0original\";a:11:{s:4:\"masp\";i:7;s:5:\"tensp\";s:31:\"Acer Nitro V 15 ANV15-51 (2023)\";s:10:\"anhdaidien\";s:11:\"nitro-v.jpg\";s:4:\"mota\";s:345:\"Acer Nitro V 15 dùng CPU i5-13420H và RTX 4050, mang lại hiệu năng mạnh trong phân khúc gaming phổ thông. Màn hình 144Hz ổn định trong game eSports. Máy trang bị tản nhiệt lớn giúp duy trì nhiệt độ tốt. RAM 16GB và SSD NVMe cho đa nhiệm mượt mà. Phù hợp sinh viên và người mới chơi game.\";s:12:\"hinhanhkhac1\";s:11:\"nitro-v.jpg\";s:6:\"giamoi\";s:11:\"22990000.00\";s:5:\"giacu\";s:11:\"26438500.00\";s:9:\"trangthai\";i:1;s:7:\"hang_id\";i:18;s:10:\"danhmuc_id\";i:18;s:12:\"chuyenmuc_id\";i:2;}s:10:\"\0*\0changes\";a:0:{}s:11:\"\0*\0previous\";a:0:{}s:8:\"\0*\0casts\";a:2:{s:6:\"giamoi\";s:9:\"decimal:2\";s:5:\"giacu\";s:9:\"decimal:2\";}s:17:\"\0*\0classCastCache\";a:0:{}s:21:\"\0*\0attributeCastCache\";a:0:{}s:13:\"\0*\0dateFormat\";N;s:10:\"\0*\0appends\";a:0:{}s:19:\"\0*\0dispatchesEvents\";a:0:{}s:14:\"\0*\0observables\";a:0:{}s:12:\"\0*\0relations\";a:1:{s:4:\"hang\";O:15:\"App\\Models\\Hang\":33:{s:13:\"\0*\0connection\";s:5:\"mysql\";s:8:\"\0*\0table\";s:4:\"hang\";s:13:\"\0*\0primaryKey\";s:2:\"id\";s:10:\"\0*\0keyType\";s:3:\"int\";s:12:\"incrementing\";b:1;s:7:\"\0*\0with\";a:0:{}s:12:\"\0*\0withCount\";a:0:{}s:19:\"preventsLazyLoading\";b:0;s:10:\"\0*\0perPage\";i:15;s:6:\"exists\";b:1;s:18:\"wasRecentlyCreated\";b:0;s:28:\"\0*\0escapeWhenCastingToString\";b:0;s:13:\"\0*\0attributes\";a:5:{s:2:\"id\";i:18;s:7:\"tenhang\";s:4:\"Acer\";s:7:\"hinhanh\";s:12:\"image_22.png\";s:10:\"created_at\";s:19:\"2025-11-08 13:44:42\";s:10:\"updated_at\";s:19:\"2025-11-08 15:28:38\";}s:11:\"\0*\0original\";a:5:{s:2:\"id\";i:18;s:7:\"tenhang\";s:4:\"Acer\";s:7:\"hinhanh\";s:12:\"image_22.png\";s:10:\"created_at\";s:19:\"2025-11-08 13:44:42\";s:10:\"updated_at\";s:19:\"2025-11-08 15:28:38\";}s:10:\"\0*\0changes\";a:0:{}s:11:\"\0*\0previous\";a:0:{}s:8:\"\0*\0casts\";a:0:{}s:17:\"\0*\0classCastCache\";a:0:{}s:21:\"\0*\0attributeCastCache\";a:0:{}s:13:\"\0*\0dateFormat\";N;s:10:\"\0*\0appends\";a:0:{}s:19:\"\0*\0dispatchesEvents\";a:0:{}s:14:\"\0*\0observables\";a:0:{}s:12:\"\0*\0relations\";a:0:{}s:10:\"\0*\0touches\";a:0:{}s:27:\"\0*\0relationAutoloadCallback\";N;s:26:\"\0*\0relationAutoloadContext\";N;s:10:\"timestamps\";b:1;s:13:\"usesUniqueIds\";b:0;s:9:\"\0*\0hidden\";a:0:{}s:10:\"\0*\0visible\";a:0:{}s:11:\"\0*\0fillable\";a:2:{i:0;s:7:\"tenhang\";i:1;s:7:\"hinhanh\";}s:10:\"\0*\0guarded\";a:1:{i:0;s:1:\"*\";}}}s:10:\"\0*\0touches\";a:0:{}s:27:\"\0*\0relationAutoloadCallback\";N;s:26:\"\0*\0relationAutoloadContext\";N;s:10:\"timestamps\";b:0;s:13:\"usesUniqueIds\";b:0;s:9:\"\0*\0hidden\";a:0:{}s:10:\"\0*\0visible\";a:0:{}s:11:\"\0*\0fillable\";a:10:{i:0;s:5:\"tensp\";i:1;s:10:\"anhdaidien\";i:2;s:12:\"chuyenmuc_id\";i:3;s:4:\"mota\";i:4;s:7:\"hang_id\";i:5;s:10:\"danhmuc_id\";i:6;s:12:\"hinhanhkhac1\";i:7;s:6:\"giamoi\";i:8;s:5:\"giacu\";i:9;s:9:\"trangthai\";}s:10:\"\0*\0guarded\";a:1:{i:0;s:1:\"*\";}}i:12;O:18:\"App\\Models\\SanPham\":33:{s:13:\"\0*\0connection\";s:5:\"mysql\";s:8:\"\0*\0table\";s:7:\"sanpham\";s:13:\"\0*\0primaryKey\";s:4:\"masp\";s:10:\"\0*\0keyType\";s:3:\"int\";s:12:\"incrementing\";b:1;s:7:\"\0*\0with\";a:0:{}s:12:\"\0*\0withCount\";a:0:{}s:19:\"preventsLazyLoading\";b:0;s:10:\"\0*\0perPage\";i:15;s:6:\"exists\";b:1;s:18:\"wasRecentlyCreated\";b:0;s:28:\"\0*\0escapeWhenCastingToString\";b:0;s:13:\"\0*\0attributes\";a:11:{s:4:\"masp\";i:11;s:5:\"tensp\";s:21:\"MacBook Air M2 (2022)\";s:10:\"anhdaidien\";s:10:\"Air-M2.jpg\";s:4:\"mota\";s:333:\"MacBook Air M2 có thiết kế mỏng nhẹ, chip Apple M2 mạnh mẽ cho văn phòng và sáng tạo nhẹ. Màn hình Liquid Retina 13.6 inch hiển thị màu sắc chính xác. Máy hoạt động êm, không quạt, pin dùng dài. SSD tốc độ cao cho phản hồi nhanh, phù hợp sinh viên và nhân viên văn phòng.\";s:12:\"hinhanhkhac1\";s:10:\"Air-M2.jpg\";s:6:\"giamoi\";s:11:\"24990000.00\";s:5:\"giacu\";s:11:\"28738500.00\";s:9:\"trangthai\";i:1;s:7:\"hang_id\";i:1;s:10:\"danhmuc_id\";i:2;s:12:\"chuyenmuc_id\";i:1;}s:11:\"\0*\0original\";a:11:{s:4:\"masp\";i:11;s:5:\"tensp\";s:21:\"MacBook Air M2 (2022)\";s:10:\"anhdaidien\";s:10:\"Air-M2.jpg\";s:4:\"mota\";s:333:\"MacBook Air M2 có thiết kế mỏng nhẹ, chip Apple M2 mạnh mẽ cho văn phòng và sáng tạo nhẹ. Màn hình Liquid Retina 13.6 inch hiển thị màu sắc chính xác. Máy hoạt động êm, không quạt, pin dùng dài. SSD tốc độ cao cho phản hồi nhanh, phù hợp sinh viên và nhân viên văn phòng.\";s:12:\"hinhanhkhac1\";s:10:\"Air-M2.jpg\";s:6:\"giamoi\";s:11:\"24990000.00\";s:5:\"giacu\";s:11:\"28738500.00\";s:9:\"trangthai\";i:1;s:7:\"hang_id\";i:1;s:10:\"danhmuc_id\";i:2;s:12:\"chuyenmuc_id\";i:1;}s:10:\"\0*\0changes\";a:0:{}s:11:\"\0*\0previous\";a:0:{}s:8:\"\0*\0casts\";a:2:{s:6:\"giamoi\";s:9:\"decimal:2\";s:5:\"giacu\";s:9:\"decimal:2\";}s:17:\"\0*\0classCastCache\";a:0:{}s:21:\"\0*\0attributeCastCache\";a:0:{}s:13:\"\0*\0dateFormat\";N;s:10:\"\0*\0appends\";a:0:{}s:19:\"\0*\0dispatchesEvents\";a:0:{}s:14:\"\0*\0observables\";a:0:{}s:12:\"\0*\0relations\";a:1:{s:4:\"hang\";O:15:\"App\\Models\\Hang\":33:{s:13:\"\0*\0connection\";s:5:\"mysql\";s:8:\"\0*\0table\";s:4:\"hang\";s:13:\"\0*\0primaryKey\";s:2:\"id\";s:10:\"\0*\0keyType\";s:3:\"int\";s:12:\"incrementing\";b:1;s:7:\"\0*\0with\";a:0:{}s:12:\"\0*\0withCount\";a:0:{}s:19:\"preventsLazyLoading\";b:0;s:10:\"\0*\0perPage\";i:15;s:6:\"exists\";b:1;s:18:\"wasRecentlyCreated\";b:0;s:28:\"\0*\0escapeWhenCastingToString\";b:0;s:13:\"\0*\0attributes\";a:5:{s:2:\"id\";i:1;s:7:\"tenhang\";s:5:\"Apple\";s:7:\"hinhanh\";s:12:\"macbook.webp\";s:10:\"created_at\";N;s:10:\"updated_at\";s:19:\"2025-11-07 22:00:41\";}s:11:\"\0*\0original\";a:5:{s:2:\"id\";i:1;s:7:\"tenhang\";s:5:\"Apple\";s:7:\"hinhanh\";s:12:\"macbook.webp\";s:10:\"created_at\";N;s:10:\"updated_at\";s:19:\"2025-11-07 22:00:41\";}s:10:\"\0*\0changes\";a:0:{}s:11:\"\0*\0previous\";a:0:{}s:8:\"\0*\0casts\";a:0:{}s:17:\"\0*\0classCastCache\";a:0:{}s:21:\"\0*\0attributeCastCache\";a:0:{}s:13:\"\0*\0dateFormat\";N;s:10:\"\0*\0appends\";a:0:{}s:19:\"\0*\0dispatchesEvents\";a:0:{}s:14:\"\0*\0observables\";a:0:{}s:12:\"\0*\0relations\";a:0:{}s:10:\"\0*\0touches\";a:0:{}s:27:\"\0*\0relationAutoloadCallback\";N;s:26:\"\0*\0relationAutoloadContext\";N;s:10:\"timestamps\";b:1;s:13:\"usesUniqueIds\";b:0;s:9:\"\0*\0hidden\";a:0:{}s:10:\"\0*\0visible\";a:0:{}s:11:\"\0*\0fillable\";a:2:{i:0;s:7:\"tenhang\";i:1;s:7:\"hinhanh\";}s:10:\"\0*\0guarded\";a:1:{i:0;s:1:\"*\";}}}s:10:\"\0*\0touches\";a:0:{}s:27:\"\0*\0relationAutoloadCallback\";N;s:26:\"\0*\0relationAutoloadContext\";N;s:10:\"timestamps\";b:0;s:13:\"usesUniqueIds\";b:0;s:9:\"\0*\0hidden\";a:0:{}s:10:\"\0*\0visible\";a:0:{}s:11:\"\0*\0fillable\";a:10:{i:0;s:5:\"tensp\";i:1;s:10:\"anhdaidien\";i:2;s:12:\"chuyenmuc_id\";i:3;s:4:\"mota\";i:4;s:7:\"hang_id\";i:5;s:10:\"danhmuc_id\";i:6;s:12:\"hinhanhkhac1\";i:7;s:6:\"giamoi\";i:8;s:5:\"giacu\";i:9;s:9:\"trangthai\";}s:10:\"\0*\0guarded\";a:1:{i:0;s:1:\"*\";}}i:13;O:18:\"App\\Models\\SanPham\":33:{s:13:\"\0*\0connection\";s:5:\"mysql\";s:8:\"\0*\0table\";s:7:\"sanpham\";s:13:\"\0*\0primaryKey\";s:4:\"masp\";s:10:\"\0*\0keyType\";s:3:\"int\";s:12:\"incrementing\";b:1;s:7:\"\0*\0with\";a:0:{}s:12:\"\0*\0withCount\";a:0:{}s:19:\"preventsLazyLoading\";b:0;s:10:\"\0*\0perPage\";i:15;s:6:\"exists\";b:1;s:18:\"wasRecentlyCreated\";b:0;s:28:\"\0*\0escapeWhenCastingToString\";b:0;s:13:\"\0*\0attributes\";a:11:{s:4:\"masp\";i:105;s:5:\"tensp\";s:21:\"MacBook Air M2 (2022)\";s:10:\"anhdaidien\";s:13:\"image_637.png\";s:4:\"mota\";s:333:\"MacBook Air M2 có thiết kế mỏng nhẹ, chip Apple M2 mạnh mẽ cho văn phòng và sáng tạo nhẹ. Màn hình Liquid Retina 13.6 inch hiển thị màu sắc chính xác. Máy hoạt động êm, không quạt, pin dùng dài. SSD tốc độ cao cho phản hồi nhanh, phù hợp sinh viên và nhân viên văn phòng.\";s:12:\"hinhanhkhac1\";s:18:\"macbook-air-m2.jpg\";s:6:\"giamoi\";s:11:\"24990000.00\";s:5:\"giacu\";s:11:\"28738500.00\";s:9:\"trangthai\";i:1;s:7:\"hang_id\";i:1;s:10:\"danhmuc_id\";i:2;s:12:\"chuyenmuc_id\";i:4;}s:11:\"\0*\0original\";a:11:{s:4:\"masp\";i:105;s:5:\"tensp\";s:21:\"MacBook Air M2 (2022)\";s:10:\"anhdaidien\";s:13:\"image_637.png\";s:4:\"mota\";s:333:\"MacBook Air M2 có thiết kế mỏng nhẹ, chip Apple M2 mạnh mẽ cho văn phòng và sáng tạo nhẹ. Màn hình Liquid Retina 13.6 inch hiển thị màu sắc chính xác. Máy hoạt động êm, không quạt, pin dùng dài. SSD tốc độ cao cho phản hồi nhanh, phù hợp sinh viên và nhân viên văn phòng.\";s:12:\"hinhanhkhac1\";s:18:\"macbook-air-m2.jpg\";s:6:\"giamoi\";s:11:\"24990000.00\";s:5:\"giacu\";s:11:\"28738500.00\";s:9:\"trangthai\";i:1;s:7:\"hang_id\";i:1;s:10:\"danhmuc_id\";i:2;s:12:\"chuyenmuc_id\";i:4;}s:10:\"\0*\0changes\";a:0:{}s:11:\"\0*\0previous\";a:0:{}s:8:\"\0*\0casts\";a:2:{s:6:\"giamoi\";s:9:\"decimal:2\";s:5:\"giacu\";s:9:\"decimal:2\";}s:17:\"\0*\0classCastCache\";a:0:{}s:21:\"\0*\0attributeCastCache\";a:0:{}s:13:\"\0*\0dateFormat\";N;s:10:\"\0*\0appends\";a:0:{}s:19:\"\0*\0dispatchesEvents\";a:0:{}s:14:\"\0*\0observables\";a:0:{}s:12:\"\0*\0relations\";a:1:{s:4:\"hang\";r:1076;}s:10:\"\0*\0touches\";a:0:{}s:27:\"\0*\0relationAutoloadCallback\";N;s:26:\"\0*\0relationAutoloadContext\";N;s:10:\"timestamps\";b:0;s:13:\"usesUniqueIds\";b:0;s:9:\"\0*\0hidden\";a:0:{}s:10:\"\0*\0visible\";a:0:{}s:11:\"\0*\0fillable\";a:10:{i:0;s:5:\"tensp\";i:1;s:10:\"anhdaidien\";i:2;s:12:\"chuyenmuc_id\";i:3;s:4:\"mota\";i:4;s:7:\"hang_id\";i:5;s:10:\"danhmuc_id\";i:6;s:12:\"hinhanhkhac1\";i:7;s:6:\"giamoi\";i:8;s:5:\"giacu\";i:9;s:9:\"trangthai\";}s:10:\"\0*\0guarded\";a:1:{i:0;s:1:\"*\";}}i:14;O:18:\"App\\Models\\SanPham\":33:{s:13:\"\0*\0connection\";s:5:\"mysql\";s:8:\"\0*\0table\";s:7:\"sanpham\";s:13:\"\0*\0primaryKey\";s:4:\"masp\";s:10:\"\0*\0keyType\";s:3:\"int\";s:12:\"incrementing\";b:1;s:7:\"\0*\0with\";a:0:{}s:12:\"\0*\0withCount\";a:0:{}s:19:\"preventsLazyLoading\";b:0;s:10:\"\0*\0perPage\";i:15;s:6:\"exists\";b:1;s:18:\"wasRecentlyCreated\";b:0;s:28:\"\0*\0escapeWhenCastingToString\";b:0;s:13:\"\0*\0attributes\";a:11:{s:4:\"masp\";i:115;s:5:\"tensp\";s:21:\"MacBook Air M2 (2022)\";s:10:\"anhdaidien\";s:13:\"image_602.png\";s:4:\"mota\";s:333:\"MacBook Air M2 có thiết kế mỏng nhẹ, chip Apple M2 mạnh mẽ cho văn phòng và sáng tạo nhẹ. Màn hình Liquid Retina 13.6 inch hiển thị màu sắc chính xác. Máy hoạt động êm, không quạt, pin dùng dài. SSD tốc độ cao cho phản hồi nhanh, phù hợp sinh viên và nhân viên văn phòng.\";s:12:\"hinhanhkhac1\";s:18:\"macbook-air-m2.jpg\";s:6:\"giamoi\";s:11:\"24990000.00\";s:5:\"giacu\";s:11:\"28738500.00\";s:9:\"trangthai\";i:1;s:7:\"hang_id\";i:1;s:10:\"danhmuc_id\";i:2;s:12:\"chuyenmuc_id\";i:2;}s:11:\"\0*\0original\";a:11:{s:4:\"masp\";i:115;s:5:\"tensp\";s:21:\"MacBook Air M2 (2022)\";s:10:\"anhdaidien\";s:13:\"image_602.png\";s:4:\"mota\";s:333:\"MacBook Air M2 có thiết kế mỏng nhẹ, chip Apple M2 mạnh mẽ cho văn phòng và sáng tạo nhẹ. Màn hình Liquid Retina 13.6 inch hiển thị màu sắc chính xác. Máy hoạt động êm, không quạt, pin dùng dài. SSD tốc độ cao cho phản hồi nhanh, phù hợp sinh viên và nhân viên văn phòng.\";s:12:\"hinhanhkhac1\";s:18:\"macbook-air-m2.jpg\";s:6:\"giamoi\";s:11:\"24990000.00\";s:5:\"giacu\";s:11:\"28738500.00\";s:9:\"trangthai\";i:1;s:7:\"hang_id\";i:1;s:10:\"danhmuc_id\";i:2;s:12:\"chuyenmuc_id\";i:2;}s:10:\"\0*\0changes\";a:0:{}s:11:\"\0*\0previous\";a:0:{}s:8:\"\0*\0casts\";a:2:{s:6:\"giamoi\";s:9:\"decimal:2\";s:5:\"giacu\";s:9:\"decimal:2\";}s:17:\"\0*\0classCastCache\";a:0:{}s:21:\"\0*\0attributeCastCache\";a:0:{}s:13:\"\0*\0dateFormat\";N;s:10:\"\0*\0appends\";a:0:{}s:19:\"\0*\0dispatchesEvents\";a:0:{}s:14:\"\0*\0observables\";a:0:{}s:12:\"\0*\0relations\";a:1:{s:4:\"hang\";r:1076;}s:10:\"\0*\0touches\";a:0:{}s:27:\"\0*\0relationAutoloadCallback\";N;s:26:\"\0*\0relationAutoloadContext\";N;s:10:\"timestamps\";b:0;s:13:\"usesUniqueIds\";b:0;s:9:\"\0*\0hidden\";a:0:{}s:10:\"\0*\0visible\";a:0:{}s:11:\"\0*\0fillable\";a:10:{i:0;s:5:\"tensp\";i:1;s:10:\"anhdaidien\";i:2;s:12:\"chuyenmuc_id\";i:3;s:4:\"mota\";i:4;s:7:\"hang_id\";i:5;s:10:\"danhmuc_id\";i:6;s:12:\"hinhanhkhac1\";i:7;s:6:\"giamoi\";i:8;s:5:\"giacu\";i:9;s:9:\"trangthai\";}s:10:\"\0*\0guarded\";a:1:{i:0;s:1:\"*\";}}i:15;O:18:\"App\\Models\\SanPham\":33:{s:13:\"\0*\0connection\";s:5:\"mysql\";s:8:\"\0*\0table\";s:7:\"sanpham\";s:13:\"\0*\0primaryKey\";s:4:\"masp\";s:10:\"\0*\0keyType\";s:3:\"int\";s:12:\"incrementing\";b:1;s:7:\"\0*\0with\";a:0:{}s:12:\"\0*\0withCount\";a:0:{}s:19:\"preventsLazyLoading\";b:0;s:10:\"\0*\0perPage\";i:15;s:6:\"exists\";b:1;s:18:\"wasRecentlyCreated\";b:0;s:28:\"\0*\0escapeWhenCastingToString\";b:0;s:13:\"\0*\0attributes\";a:11:{s:4:\"masp\";i:125;s:5:\"tensp\";s:21:\"MacBook Air M2 (2022)\";s:10:\"anhdaidien\";s:13:\"image_423.png\";s:4:\"mota\";s:333:\"MacBook Air M2 có thiết kế mỏng nhẹ, chip Apple M2 mạnh mẽ cho văn phòng và sáng tạo nhẹ. Màn hình Liquid Retina 13.6 inch hiển thị màu sắc chính xác. Máy hoạt động êm, không quạt, pin dùng dài. SSD tốc độ cao cho phản hồi nhanh, phù hợp sinh viên và nhân viên văn phòng.\";s:12:\"hinhanhkhac1\";s:18:\"macbook-air-m2.jpg\";s:6:\"giamoi\";s:11:\"24990000.00\";s:5:\"giacu\";s:11:\"28738500.00\";s:9:\"trangthai\";i:1;s:7:\"hang_id\";i:1;s:10:\"danhmuc_id\";i:2;s:12:\"chuyenmuc_id\";i:4;}s:11:\"\0*\0original\";a:11:{s:4:\"masp\";i:125;s:5:\"tensp\";s:21:\"MacBook Air M2 (2022)\";s:10:\"anhdaidien\";s:13:\"image_423.png\";s:4:\"mota\";s:333:\"MacBook Air M2 có thiết kế mỏng nhẹ, chip Apple M2 mạnh mẽ cho văn phòng và sáng tạo nhẹ. Màn hình Liquid Retina 13.6 inch hiển thị màu sắc chính xác. Máy hoạt động êm, không quạt, pin dùng dài. SSD tốc độ cao cho phản hồi nhanh, phù hợp sinh viên và nhân viên văn phòng.\";s:12:\"hinhanhkhac1\";s:18:\"macbook-air-m2.jpg\";s:6:\"giamoi\";s:11:\"24990000.00\";s:5:\"giacu\";s:11:\"28738500.00\";s:9:\"trangthai\";i:1;s:7:\"hang_id\";i:1;s:10:\"danhmuc_id\";i:2;s:12:\"chuyenmuc_id\";i:4;}s:10:\"\0*\0changes\";a:0:{}s:11:\"\0*\0previous\";a:0:{}s:8:\"\0*\0casts\";a:2:{s:6:\"giamoi\";s:9:\"decimal:2\";s:5:\"giacu\";s:9:\"decimal:2\";}s:17:\"\0*\0classCastCache\";a:0:{}s:21:\"\0*\0attributeCastCache\";a:0:{}s:13:\"\0*\0dateFormat\";N;s:10:\"\0*\0appends\";a:0:{}s:19:\"\0*\0dispatchesEvents\";a:0:{}s:14:\"\0*\0observables\";a:0:{}s:12:\"\0*\0relations\";a:1:{s:4:\"hang\";r:1076;}s:10:\"\0*\0touches\";a:0:{}s:27:\"\0*\0relationAutoloadCallback\";N;s:26:\"\0*\0relationAutoloadContext\";N;s:10:\"timestamps\";b:0;s:13:\"usesUniqueIds\";b:0;s:9:\"\0*\0hidden\";a:0:{}s:10:\"\0*\0visible\";a:0:{}s:11:\"\0*\0fillable\";a:10:{i:0;s:5:\"tensp\";i:1;s:10:\"anhdaidien\";i:2;s:12:\"chuyenmuc_id\";i:3;s:4:\"mota\";i:4;s:7:\"hang_id\";i:5;s:10:\"danhmuc_id\";i:6;s:12:\"hinhanhkhac1\";i:7;s:6:\"giamoi\";i:8;s:5:\"giacu\";i:9;s:9:\"trangthai\";}s:10:\"\0*\0guarded\";a:1:{i:0;s:1:\"*\";}}i:16;O:18:\"App\\Models\\SanPham\":33:{s:13:\"\0*\0connection\";s:5:\"mysql\";s:8:\"\0*\0table\";s:7:\"sanpham\";s:13:\"\0*\0primaryKey\";s:4:\"masp\";s:10:\"\0*\0keyType\";s:3:\"int\";s:12:\"incrementing\";b:1;s:7:\"\0*\0with\";a:0:{}s:12:\"\0*\0withCount\";a:0:{}s:19:\"preventsLazyLoading\";b:0;s:10:\"\0*\0perPage\";i:15;s:6:\"exists\";b:1;s:18:\"wasRecentlyCreated\";b:0;s:28:\"\0*\0escapeWhenCastingToString\";b:0;s:13:\"\0*\0attributes\";a:11:{s:4:\"masp\";i:135;s:5:\"tensp\";s:21:\"MacBook Air M2 (2022)\";s:10:\"anhdaidien\";s:10:\"Air-M2.jpg\";s:4:\"mota\";s:333:\"MacBook Air M2 có thiết kế mỏng nhẹ, chip Apple M2 mạnh mẽ cho văn phòng và sáng tạo nhẹ. Màn hình Liquid Retina 13.6 inch hiển thị màu sắc chính xác. Máy hoạt động êm, không quạt, pin dùng dài. SSD tốc độ cao cho phản hồi nhanh, phù hợp sinh viên và nhân viên văn phòng.\";s:12:\"hinhanhkhac1\";s:18:\"macbook-air-m2.jpg\";s:6:\"giamoi\";s:11:\"24990000.00\";s:5:\"giacu\";s:11:\"28738500.00\";s:9:\"trangthai\";i:1;s:7:\"hang_id\";i:1;s:10:\"danhmuc_id\";i:2;s:12:\"chuyenmuc_id\";i:2;}s:11:\"\0*\0original\";a:11:{s:4:\"masp\";i:135;s:5:\"tensp\";s:21:\"MacBook Air M2 (2022)\";s:10:\"anhdaidien\";s:10:\"Air-M2.jpg\";s:4:\"mota\";s:333:\"MacBook Air M2 có thiết kế mỏng nhẹ, chip Apple M2 mạnh mẽ cho văn phòng và sáng tạo nhẹ. Màn hình Liquid Retina 13.6 inch hiển thị màu sắc chính xác. Máy hoạt động êm, không quạt, pin dùng dài. SSD tốc độ cao cho phản hồi nhanh, phù hợp sinh viên và nhân viên văn phòng.\";s:12:\"hinhanhkhac1\";s:18:\"macbook-air-m2.jpg\";s:6:\"giamoi\";s:11:\"24990000.00\";s:5:\"giacu\";s:11:\"28738500.00\";s:9:\"trangthai\";i:1;s:7:\"hang_id\";i:1;s:10:\"danhmuc_id\";i:2;s:12:\"chuyenmuc_id\";i:2;}s:10:\"\0*\0changes\";a:0:{}s:11:\"\0*\0previous\";a:0:{}s:8:\"\0*\0casts\";a:2:{s:6:\"giamoi\";s:9:\"decimal:2\";s:5:\"giacu\";s:9:\"decimal:2\";}s:17:\"\0*\0classCastCache\";a:0:{}s:21:\"\0*\0attributeCastCache\";a:0:{}s:13:\"\0*\0dateFormat\";N;s:10:\"\0*\0appends\";a:0:{}s:19:\"\0*\0dispatchesEvents\";a:0:{}s:14:\"\0*\0observables\";a:0:{}s:12:\"\0*\0relations\";a:1:{s:4:\"hang\";r:1076;}s:10:\"\0*\0touches\";a:0:{}s:27:\"\0*\0relationAutoloadCallback\";N;s:26:\"\0*\0relationAutoloadContext\";N;s:10:\"timestamps\";b:0;s:13:\"usesUniqueIds\";b:0;s:9:\"\0*\0hidden\";a:0:{}s:10:\"\0*\0visible\";a:0:{}s:11:\"\0*\0fillable\";a:10:{i:0;s:5:\"tensp\";i:1;s:10:\"anhdaidien\";i:2;s:12:\"chuyenmuc_id\";i:3;s:4:\"mota\";i:4;s:7:\"hang_id\";i:5;s:10:\"danhmuc_id\";i:6;s:12:\"hinhanhkhac1\";i:7;s:6:\"giamoi\";i:8;s:5:\"giacu\";i:9;s:9:\"trangthai\";}s:10:\"\0*\0guarded\";a:1:{i:0;s:1:\"*\";}}i:17;O:18:\"App\\Models\\SanPham\":33:{s:13:\"\0*\0connection\";s:5:\"mysql\";s:8:\"\0*\0table\";s:7:\"sanpham\";s:13:\"\0*\0primaryKey\";s:4:\"masp\";s:10:\"\0*\0keyType\";s:3:\"int\";s:12:\"incrementing\";b:1;s:7:\"\0*\0with\";a:0:{}s:12:\"\0*\0withCount\";a:0:{}s:19:\"preventsLazyLoading\";b:0;s:10:\"\0*\0perPage\";i:15;s:6:\"exists\";b:1;s:18:\"wasRecentlyCreated\";b:0;s:28:\"\0*\0escapeWhenCastingToString\";b:0;s:13:\"\0*\0attributes\";a:11:{s:4:\"masp\";i:145;s:5:\"tensp\";s:21:\"MacBook Air M2 (2022)\";s:10:\"anhdaidien\";s:13:\"image_423.png\";s:4:\"mota\";s:333:\"MacBook Air M2 có thiết kế mỏng nhẹ, chip Apple M2 mạnh mẽ cho văn phòng và sáng tạo nhẹ. Màn hình Liquid Retina 13.6 inch hiển thị màu sắc chính xác. Máy hoạt động êm, không quạt, pin dùng dài. SSD tốc độ cao cho phản hồi nhanh, phù hợp sinh viên và nhân viên văn phòng.\";s:12:\"hinhanhkhac1\";s:18:\"macbook-air-m2.jpg\";s:6:\"giamoi\";s:11:\"24990000.00\";s:5:\"giacu\";s:11:\"28738500.00\";s:9:\"trangthai\";i:1;s:7:\"hang_id\";i:1;s:10:\"danhmuc_id\";i:2;s:12:\"chuyenmuc_id\";i:4;}s:11:\"\0*\0original\";a:11:{s:4:\"masp\";i:145;s:5:\"tensp\";s:21:\"MacBook Air M2 (2022)\";s:10:\"anhdaidien\";s:13:\"image_423.png\";s:4:\"mota\";s:333:\"MacBook Air M2 có thiết kế mỏng nhẹ, chip Apple M2 mạnh mẽ cho văn phòng và sáng tạo nhẹ. Màn hình Liquid Retina 13.6 inch hiển thị màu sắc chính xác. Máy hoạt động êm, không quạt, pin dùng dài. SSD tốc độ cao cho phản hồi nhanh, phù hợp sinh viên và nhân viên văn phòng.\";s:12:\"hinhanhkhac1\";s:18:\"macbook-air-m2.jpg\";s:6:\"giamoi\";s:11:\"24990000.00\";s:5:\"giacu\";s:11:\"28738500.00\";s:9:\"trangthai\";i:1;s:7:\"hang_id\";i:1;s:10:\"danhmuc_id\";i:2;s:12:\"chuyenmuc_id\";i:4;}s:10:\"\0*\0changes\";a:0:{}s:11:\"\0*\0previous\";a:0:{}s:8:\"\0*\0casts\";a:2:{s:6:\"giamoi\";s:9:\"decimal:2\";s:5:\"giacu\";s:9:\"decimal:2\";}s:17:\"\0*\0classCastCache\";a:0:{}s:21:\"\0*\0attributeCastCache\";a:0:{}s:13:\"\0*\0dateFormat\";N;s:10:\"\0*\0appends\";a:0:{}s:19:\"\0*\0dispatchesEvents\";a:0:{}s:14:\"\0*\0observables\";a:0:{}s:12:\"\0*\0relations\";a:1:{s:4:\"hang\";r:1076;}s:10:\"\0*\0touches\";a:0:{}s:27:\"\0*\0relationAutoloadCallback\";N;s:26:\"\0*\0relationAutoloadContext\";N;s:10:\"timestamps\";b:0;s:13:\"usesUniqueIds\";b:0;s:9:\"\0*\0hidden\";a:0:{}s:10:\"\0*\0visible\";a:0:{}s:11:\"\0*\0fillable\";a:10:{i:0;s:5:\"tensp\";i:1;s:10:\"anhdaidien\";i:2;s:12:\"chuyenmuc_id\";i:3;s:4:\"mota\";i:4;s:7:\"hang_id\";i:5;s:10:\"danhmuc_id\";i:6;s:12:\"hinhanhkhac1\";i:7;s:6:\"giamoi\";i:8;s:5:\"giacu\";i:9;s:9:\"trangthai\";}s:10:\"\0*\0guarded\";a:1:{i:0;s:1:\"*\";}}i:18;O:18:\"App\\Models\\SanPham\":33:{s:13:\"\0*\0connection\";s:5:\"mysql\";s:8:\"\0*\0table\";s:7:\"sanpham\";s:13:\"\0*\0primaryKey\";s:4:\"masp\";s:10:\"\0*\0keyType\";s:3:\"int\";s:12:\"incrementing\";b:1;s:7:\"\0*\0with\";a:0:{}s:12:\"\0*\0withCount\";a:0:{}s:19:\"preventsLazyLoading\";b:0;s:10:\"\0*\0perPage\";i:15;s:6:\"exists\";b:1;s:18:\"wasRecentlyCreated\";b:0;s:28:\"\0*\0escapeWhenCastingToString\";b:0;s:13:\"\0*\0attributes\";a:11:{s:4:\"masp\";i:155;s:5:\"tensp\";s:21:\"MacBook Air M2 (2022)\";s:10:\"anhdaidien\";s:13:\"image_671.png\";s:4:\"mota\";s:333:\"MacBook Air M2 có thiết kế mỏng nhẹ, chip Apple M2 mạnh mẽ cho văn phòng và sáng tạo nhẹ. Màn hình Liquid Retina 13.6 inch hiển thị màu sắc chính xác. Máy hoạt động êm, không quạt, pin dùng dài. SSD tốc độ cao cho phản hồi nhanh, phù hợp sinh viên và nhân viên văn phòng.\";s:12:\"hinhanhkhac1\";s:18:\"macbook-air-m2.jpg\";s:6:\"giamoi\";s:11:\"24990000.00\";s:5:\"giacu\";s:11:\"28738500.00\";s:9:\"trangthai\";i:1;s:7:\"hang_id\";i:1;s:10:\"danhmuc_id\";i:2;s:12:\"chuyenmuc_id\";i:2;}s:11:\"\0*\0original\";a:11:{s:4:\"masp\";i:155;s:5:\"tensp\";s:21:\"MacBook Air M2 (2022)\";s:10:\"anhdaidien\";s:13:\"image_671.png\";s:4:\"mota\";s:333:\"MacBook Air M2 có thiết kế mỏng nhẹ, chip Apple M2 mạnh mẽ cho văn phòng và sáng tạo nhẹ. Màn hình Liquid Retina 13.6 inch hiển thị màu sắc chính xác. Máy hoạt động êm, không quạt, pin dùng dài. SSD tốc độ cao cho phản hồi nhanh, phù hợp sinh viên và nhân viên văn phòng.\";s:12:\"hinhanhkhac1\";s:18:\"macbook-air-m2.jpg\";s:6:\"giamoi\";s:11:\"24990000.00\";s:5:\"giacu\";s:11:\"28738500.00\";s:9:\"trangthai\";i:1;s:7:\"hang_id\";i:1;s:10:\"danhmuc_id\";i:2;s:12:\"chuyenmuc_id\";i:2;}s:10:\"\0*\0changes\";a:0:{}s:11:\"\0*\0previous\";a:0:{}s:8:\"\0*\0casts\";a:2:{s:6:\"giamoi\";s:9:\"decimal:2\";s:5:\"giacu\";s:9:\"decimal:2\";}s:17:\"\0*\0classCastCache\";a:0:{}s:21:\"\0*\0attributeCastCache\";a:0:{}s:13:\"\0*\0dateFormat\";N;s:10:\"\0*\0appends\";a:0:{}s:19:\"\0*\0dispatchesEvents\";a:0:{}s:14:\"\0*\0observables\";a:0:{}s:12:\"\0*\0relations\";a:1:{s:4:\"hang\";r:1076;}s:10:\"\0*\0touches\";a:0:{}s:27:\"\0*\0relationAutoloadCallback\";N;s:26:\"\0*\0relationAutoloadContext\";N;s:10:\"timestamps\";b:0;s:13:\"usesUniqueIds\";b:0;s:9:\"\0*\0hidden\";a:0:{}s:10:\"\0*\0visible\";a:0:{}s:11:\"\0*\0fillable\";a:10:{i:0;s:5:\"tensp\";i:1;s:10:\"anhdaidien\";i:2;s:12:\"chuyenmuc_id\";i:3;s:4:\"mota\";i:4;s:7:\"hang_id\";i:5;s:10:\"danhmuc_id\";i:6;s:12:\"hinhanhkhac1\";i:7;s:6:\"giamoi\";i:8;s:5:\"giacu\";i:9;s:9:\"trangthai\";}s:10:\"\0*\0guarded\";a:1:{i:0;s:1:\"*\";}}i:19;O:18:\"App\\Models\\SanPham\":33:{s:13:\"\0*\0connection\";s:5:\"mysql\";s:8:\"\0*\0table\";s:7:\"sanpham\";s:13:\"\0*\0primaryKey\";s:4:\"masp\";s:10:\"\0*\0keyType\";s:3:\"int\";s:12:\"incrementing\";b:1;s:7:\"\0*\0with\";a:0:{}s:12:\"\0*\0withCount\";a:0:{}s:19:\"preventsLazyLoading\";b:0;s:10:\"\0*\0perPage\";i:15;s:6:\"exists\";b:1;s:18:\"wasRecentlyCreated\";b:0;s:28:\"\0*\0escapeWhenCastingToString\";b:0;s:13:\"\0*\0attributes\";a:11:{s:4:\"masp\";i:175;s:5:\"tensp\";s:21:\"MacBook Air M2 (2022)\";s:10:\"anhdaidien\";s:13:\"image_526.png\";s:4:\"mota\";s:333:\"MacBook Air M2 có thiết kế mỏng nhẹ, chip Apple M2 mạnh mẽ cho văn phòng và sáng tạo nhẹ. Màn hình Liquid Retina 13.6 inch hiển thị màu sắc chính xác. Máy hoạt động êm, không quạt, pin dùng dài. SSD tốc độ cao cho phản hồi nhanh, phù hợp sinh viên và nhân viên văn phòng.\";s:12:\"hinhanhkhac1\";s:18:\"macbook-air-m2.jpg\";s:6:\"giamoi\";s:11:\"24990000.00\";s:5:\"giacu\";s:11:\"28738500.00\";s:9:\"trangthai\";i:1;s:7:\"hang_id\";i:1;s:10:\"danhmuc_id\";i:2;s:12:\"chuyenmuc_id\";i:2;}s:11:\"\0*\0original\";a:11:{s:4:\"masp\";i:175;s:5:\"tensp\";s:21:\"MacBook Air M2 (2022)\";s:10:\"anhdaidien\";s:13:\"image_526.png\";s:4:\"mota\";s:333:\"MacBook Air M2 có thiết kế mỏng nhẹ, chip Apple M2 mạnh mẽ cho văn phòng và sáng tạo nhẹ. Màn hình Liquid Retina 13.6 inch hiển thị màu sắc chính xác. Máy hoạt động êm, không quạt, pin dùng dài. SSD tốc độ cao cho phản hồi nhanh, phù hợp sinh viên và nhân viên văn phòng.\";s:12:\"hinhanhkhac1\";s:18:\"macbook-air-m2.jpg\";s:6:\"giamoi\";s:11:\"24990000.00\";s:5:\"giacu\";s:11:\"28738500.00\";s:9:\"trangthai\";i:1;s:7:\"hang_id\";i:1;s:10:\"danhmuc_id\";i:2;s:12:\"chuyenmuc_id\";i:2;}s:10:\"\0*\0changes\";a:0:{}s:11:\"\0*\0previous\";a:0:{}s:8:\"\0*\0casts\";a:2:{s:6:\"giamoi\";s:9:\"decimal:2\";s:5:\"giacu\";s:9:\"decimal:2\";}s:17:\"\0*\0classCastCache\";a:0:{}s:21:\"\0*\0attributeCastCache\";a:0:{}s:13:\"\0*\0dateFormat\";N;s:10:\"\0*\0appends\";a:0:{}s:19:\"\0*\0dispatchesEvents\";a:0:{}s:14:\"\0*\0observables\";a:0:{}s:12:\"\0*\0relations\";a:1:{s:4:\"hang\";r:1076;}s:10:\"\0*\0touches\";a:0:{}s:27:\"\0*\0relationAutoloadCallback\";N;s:26:\"\0*\0relationAutoloadContext\";N;s:10:\"timestamps\";b:0;s:13:\"usesUniqueIds\";b:0;s:9:\"\0*\0hidden\";a:0:{}s:10:\"\0*\0visible\";a:0:{}s:11:\"\0*\0fillable\";a:10:{i:0;s:5:\"tensp\";i:1;s:10:\"anhdaidien\";i:2;s:12:\"chuyenmuc_id\";i:3;s:4:\"mota\";i:4;s:7:\"hang_id\";i:5;s:10:\"danhmuc_id\";i:6;s:12:\"hinhanhkhac1\";i:7;s:6:\"giamoi\";i:8;s:5:\"giacu\";i:9;s:9:\"trangthai\";}s:10:\"\0*\0guarded\";a:1:{i:0;s:1:\"*\";}}i:20;O:18:\"App\\Models\\SanPham\":33:{s:13:\"\0*\0connection\";s:5:\"mysql\";s:8:\"\0*\0table\";s:7:\"sanpham\";s:13:\"\0*\0primaryKey\";s:4:\"masp\";s:10:\"\0*\0keyType\";s:3:\"int\";s:12:\"incrementing\";b:1;s:7:\"\0*\0with\";a:0:{}s:12:\"\0*\0withCount\";a:0:{}s:19:\"preventsLazyLoading\";b:0;s:10:\"\0*\0perPage\";i:15;s:6:\"exists\";b:1;s:18:\"wasRecentlyCreated\";b:0;s:28:\"\0*\0escapeWhenCastingToString\";b:0;s:13:\"\0*\0attributes\";a:11:{s:4:\"masp\";i:5;s:5:\"tensp\";s:21:\"Gigabyte G5 KF (2023)\";s:10:\"anhdaidien\";s:15:\"gigabyte-g5.jpg\";s:4:\"mota\";s:339:\"Gigabyte G5 KF dùng CPU i5-12500H và RTX 4060, mang lại hiệu năng mạnh trong tầm giá. Màn hình 144Hz cho trải nghiệm game mượt mà. Tản nhiệt WINDFORCE giúp máy hoạt động ổn định. RAM lớn và SSD NVMe cho tốc độ phản hồi nhanh. Thích hợp game thủ phổ thông muốn cấu hình mạnh.\";s:12:\"hinhanhkhac1\";s:15:\"gigabyte-g5.jpg\";s:6:\"giamoi\";s:11:\"25490000.00\";s:5:\"giacu\";s:11:\"29313500.00\";s:9:\"trangthai\";i:1;s:7:\"hang_id\";i:19;s:10:\"danhmuc_id\";i:18;s:12:\"chuyenmuc_id\";i:1;}s:11:\"\0*\0original\";a:11:{s:4:\"masp\";i:5;s:5:\"tensp\";s:21:\"Gigabyte G5 KF (2023)\";s:10:\"anhdaidien\";s:15:\"gigabyte-g5.jpg\";s:4:\"mota\";s:339:\"Gigabyte G5 KF dùng CPU i5-12500H và RTX 4060, mang lại hiệu năng mạnh trong tầm giá. Màn hình 144Hz cho trải nghiệm game mượt mà. Tản nhiệt WINDFORCE giúp máy hoạt động ổn định. RAM lớn và SSD NVMe cho tốc độ phản hồi nhanh. Thích hợp game thủ phổ thông muốn cấu hình mạnh.\";s:12:\"hinhanhkhac1\";s:15:\"gigabyte-g5.jpg\";s:6:\"giamoi\";s:11:\"25490000.00\";s:5:\"giacu\";s:11:\"29313500.00\";s:9:\"trangthai\";i:1;s:7:\"hang_id\";i:19;s:10:\"danhmuc_id\";i:18;s:12:\"chuyenmuc_id\";i:1;}s:10:\"\0*\0changes\";a:0:{}s:11:\"\0*\0previous\";a:0:{}s:8:\"\0*\0casts\";a:2:{s:6:\"giamoi\";s:9:\"decimal:2\";s:5:\"giacu\";s:9:\"decimal:2\";}s:17:\"\0*\0classCastCache\";a:0:{}s:21:\"\0*\0attributeCastCache\";a:0:{}s:13:\"\0*\0dateFormat\";N;s:10:\"\0*\0appends\";a:0:{}s:19:\"\0*\0dispatchesEvents\";a:0:{}s:14:\"\0*\0observables\";a:0:{}s:12:\"\0*\0relations\";a:1:{s:4:\"hang\";O:15:\"App\\Models\\Hang\":33:{s:13:\"\0*\0connection\";s:5:\"mysql\";s:8:\"\0*\0table\";s:4:\"hang\";s:13:\"\0*\0primaryKey\";s:2:\"id\";s:10:\"\0*\0keyType\";s:3:\"int\";s:12:\"incrementing\";b:1;s:7:\"\0*\0with\";a:0:{}s:12:\"\0*\0withCount\";a:0:{}s:19:\"preventsLazyLoading\";b:0;s:10:\"\0*\0perPage\";i:15;s:6:\"exists\";b:1;s:18:\"wasRecentlyCreated\";b:0;s:28:\"\0*\0escapeWhenCastingToString\";b:0;s:13:\"\0*\0attributes\";a:5:{s:2:\"id\";i:19;s:7:\"tenhang\";s:8:\"Gigabyte\";s:7:\"hinhanh\";s:12:\"image_27.png\";s:10:\"created_at\";s:19:\"2025-11-08 15:29:34\";s:10:\"updated_at\";s:19:\"2025-11-08 15:29:34\";}s:11:\"\0*\0original\";a:5:{s:2:\"id\";i:19;s:7:\"tenhang\";s:8:\"Gigabyte\";s:7:\"hinhanh\";s:12:\"image_27.png\";s:10:\"created_at\";s:19:\"2025-11-08 15:29:34\";s:10:\"updated_at\";s:19:\"2025-11-08 15:29:34\";}s:10:\"\0*\0changes\";a:0:{}s:11:\"\0*\0previous\";a:0:{}s:8:\"\0*\0casts\";a:0:{}s:17:\"\0*\0classCastCache\";a:0:{}s:21:\"\0*\0attributeCastCache\";a:0:{}s:13:\"\0*\0dateFormat\";N;s:10:\"\0*\0appends\";a:0:{}s:19:\"\0*\0dispatchesEvents\";a:0:{}s:14:\"\0*\0observables\";a:0:{}s:12:\"\0*\0relations\";a:0:{}s:10:\"\0*\0touches\";a:0:{}s:27:\"\0*\0relationAutoloadCallback\";N;s:26:\"\0*\0relationAutoloadContext\";N;s:10:\"timestamps\";b:1;s:13:\"usesUniqueIds\";b:0;s:9:\"\0*\0hidden\";a:0:{}s:10:\"\0*\0visible\";a:0:{}s:11:\"\0*\0fillable\";a:2:{i:0;s:7:\"tenhang\";i:1;s:7:\"hinhanh\";}s:10:\"\0*\0guarded\";a:1:{i:0;s:1:\"*\";}}}s:10:\"\0*\0touches\";a:0:{}s:27:\"\0*\0relationAutoloadCallback\";N;s:26:\"\0*\0relationAutoloadContext\";N;s:10:\"timestamps\";b:0;s:13:\"usesUniqueIds\";b:0;s:9:\"\0*\0hidden\";a:0:{}s:10:\"\0*\0visible\";a:0:{}s:11:\"\0*\0fillable\";a:10:{i:0;s:5:\"tensp\";i:1;s:10:\"anhdaidien\";i:2;s:12:\"chuyenmuc_id\";i:3;s:4:\"mota\";i:4;s:7:\"hang_id\";i:5;s:10:\"danhmuc_id\";i:6;s:12:\"hinhanhkhac1\";i:7;s:6:\"giamoi\";i:8;s:5:\"giacu\";i:9;s:9:\"trangthai\";}s:10:\"\0*\0guarded\";a:1:{i:0;s:1:\"*\";}}i:21;O:18:\"App\\Models\\SanPham\":33:{s:13:\"\0*\0connection\";s:5:\"mysql\";s:8:\"\0*\0table\";s:7:\"sanpham\";s:13:\"\0*\0primaryKey\";s:4:\"masp\";s:10:\"\0*\0keyType\";s:3:\"int\";s:12:\"incrementing\";b:1;s:7:\"\0*\0with\";a:0:{}s:12:\"\0*\0withCount\";a:0:{}s:19:\"preventsLazyLoading\";b:0;s:10:\"\0*\0perPage\";i:15;s:6:\"exists\";b:1;s:18:\"wasRecentlyCreated\";b:0;s:28:\"\0*\0escapeWhenCastingToString\";b:0;s:13:\"\0*\0attributes\";a:11:{s:4:\"masp\";i:99;s:5:\"tensp\";s:25:\"MSI Katana 15 B13V (2023)\";s:10:\"anhdaidien\";s:7:\"MSI.jpg\";s:4:\"mota\";s:296:\"MSI Katana 15 B13V dùng CPU i5-13450HX/i7-13620H và RTX 4060, hiệu năng mạnh trong tầm giá. Màn hình 144Hz tối ưu cho eSports. Tản nhiệt Cooler Boost 5 duy trì hiệu suất tốt. RAM và SSD dễ nâng cấp. Đây là lựa chọn gaming phổ thông bán chạy của MSI.\";s:12:\"hinhanhkhac1\";s:12:\"katana15.jpg\";s:6:\"giamoi\";s:11:\"25490000.00\";s:5:\"giacu\";s:11:\"29313500.00\";s:9:\"trangthai\";i:1;s:7:\"hang_id\";i:21;s:10:\"danhmuc_id\";i:18;s:12:\"chuyenmuc_id\";i:2;}s:11:\"\0*\0original\";a:11:{s:4:\"masp\";i:99;s:5:\"tensp\";s:25:\"MSI Katana 15 B13V (2023)\";s:10:\"anhdaidien\";s:7:\"MSI.jpg\";s:4:\"mota\";s:296:\"MSI Katana 15 B13V dùng CPU i5-13450HX/i7-13620H và RTX 4060, hiệu năng mạnh trong tầm giá. Màn hình 144Hz tối ưu cho eSports. Tản nhiệt Cooler Boost 5 duy trì hiệu suất tốt. RAM và SSD dễ nâng cấp. Đây là lựa chọn gaming phổ thông bán chạy của MSI.\";s:12:\"hinhanhkhac1\";s:12:\"katana15.jpg\";s:6:\"giamoi\";s:11:\"25490000.00\";s:5:\"giacu\";s:11:\"29313500.00\";s:9:\"trangthai\";i:1;s:7:\"hang_id\";i:21;s:10:\"danhmuc_id\";i:18;s:12:\"chuyenmuc_id\";i:2;}s:10:\"\0*\0changes\";a:0:{}s:11:\"\0*\0previous\";a:0:{}s:8:\"\0*\0casts\";a:2:{s:6:\"giamoi\";s:9:\"decimal:2\";s:5:\"giacu\";s:9:\"decimal:2\";}s:17:\"\0*\0classCastCache\";a:0:{}s:21:\"\0*\0attributeCastCache\";a:0:{}s:13:\"\0*\0dateFormat\";N;s:10:\"\0*\0appends\";a:0:{}s:19:\"\0*\0dispatchesEvents\";a:0:{}s:14:\"\0*\0observables\";a:0:{}s:12:\"\0*\0relations\";a:1:{s:4:\"hang\";O:15:\"App\\Models\\Hang\":33:{s:13:\"\0*\0connection\";s:5:\"mysql\";s:8:\"\0*\0table\";s:4:\"hang\";s:13:\"\0*\0primaryKey\";s:2:\"id\";s:10:\"\0*\0keyType\";s:3:\"int\";s:12:\"incrementing\";b:1;s:7:\"\0*\0with\";a:0:{}s:12:\"\0*\0withCount\";a:0:{}s:19:\"preventsLazyLoading\";b:0;s:10:\"\0*\0perPage\";i:15;s:6:\"exists\";b:1;s:18:\"wasRecentlyCreated\";b:0;s:28:\"\0*\0escapeWhenCastingToString\";b:0;s:13:\"\0*\0attributes\";a:5:{s:2:\"id\";i:21;s:7:\"tenhang\";s:3:\"MSI\";s:7:\"hinhanh\";s:12:\"image_30.png\";s:10:\"created_at\";s:19:\"2025-11-08 15:30:34\";s:10:\"updated_at\";s:19:\"2025-11-08 15:30:34\";}s:11:\"\0*\0original\";a:5:{s:2:\"id\";i:21;s:7:\"tenhang\";s:3:\"MSI\";s:7:\"hinhanh\";s:12:\"image_30.png\";s:10:\"created_at\";s:19:\"2025-11-08 15:30:34\";s:10:\"updated_at\";s:19:\"2025-11-08 15:30:34\";}s:10:\"\0*\0changes\";a:0:{}s:11:\"\0*\0previous\";a:0:{}s:8:\"\0*\0casts\";a:0:{}s:17:\"\0*\0classCastCache\";a:0:{}s:21:\"\0*\0attributeCastCache\";a:0:{}s:13:\"\0*\0dateFormat\";N;s:10:\"\0*\0appends\";a:0:{}s:19:\"\0*\0dispatchesEvents\";a:0:{}s:14:\"\0*\0observables\";a:0:{}s:12:\"\0*\0relations\";a:0:{}s:10:\"\0*\0touches\";a:0:{}s:27:\"\0*\0relationAutoloadCallback\";N;s:26:\"\0*\0relationAutoloadContext\";N;s:10:\"timestamps\";b:1;s:13:\"usesUniqueIds\";b:0;s:9:\"\0*\0hidden\";a:0:{}s:10:\"\0*\0visible\";a:0:{}s:11:\"\0*\0fillable\";a:2:{i:0;s:7:\"tenhang\";i:1;s:7:\"hinhanh\";}s:10:\"\0*\0guarded\";a:1:{i:0;s:1:\"*\";}}}s:10:\"\0*\0touches\";a:0:{}s:27:\"\0*\0relationAutoloadCallback\";N;s:26:\"\0*\0relationAutoloadContext\";N;s:10:\"timestamps\";b:0;s:13:\"usesUniqueIds\";b:0;s:9:\"\0*\0hidden\";a:0:{}s:10:\"\0*\0visible\";a:0:{}s:11:\"\0*\0fillable\";a:10:{i:0;s:5:\"tensp\";i:1;s:10:\"anhdaidien\";i:2;s:12:\"chuyenmuc_id\";i:3;s:4:\"mota\";i:4;s:7:\"hang_id\";i:5;s:10:\"danhmuc_id\";i:6;s:12:\"hinhanhkhac1\";i:7;s:6:\"giamoi\";i:8;s:5:\"giacu\";i:9;s:9:\"trangthai\";}s:10:\"\0*\0guarded\";a:1:{i:0;s:1:\"*\";}}i:22;O:18:\"App\\Models\\SanPham\":33:{s:13:\"\0*\0connection\";s:5:\"mysql\";s:8:\"\0*\0table\";s:7:\"sanpham\";s:13:\"\0*\0primaryKey\";s:4:\"masp\";s:10:\"\0*\0keyType\";s:3:\"int\";s:12:\"incrementing\";b:1;s:7:\"\0*\0with\";a:0:{}s:12:\"\0*\0withCount\";a:0:{}s:19:\"preventsLazyLoading\";b:0;s:10:\"\0*\0perPage\";i:15;s:6:\"exists\";b:1;s:18:\"wasRecentlyCreated\";b:0;s:28:\"\0*\0escapeWhenCastingToString\";b:0;s:13:\"\0*\0attributes\";a:11:{s:4:\"masp\";i:109;s:5:\"tensp\";s:25:\"MSI Katana 15 B13V (2023)\";s:10:\"anhdaidien\";s:13:\"image_355.png\";s:4:\"mota\";s:296:\"MSI Katana 15 B13V dùng CPU i5-13450HX/i7-13620H và RTX 4060, hiệu năng mạnh trong tầm giá. Màn hình 144Hz tối ưu cho eSports. Tản nhiệt Cooler Boost 5 duy trì hiệu suất tốt. RAM và SSD dễ nâng cấp. Đây là lựa chọn gaming phổ thông bán chạy của MSI.\";s:12:\"hinhanhkhac1\";s:12:\"katana15.jpg\";s:6:\"giamoi\";s:11:\"25490000.00\";s:5:\"giacu\";s:11:\"29313500.00\";s:9:\"trangthai\";i:1;s:7:\"hang_id\";i:21;s:10:\"danhmuc_id\";i:18;s:12:\"chuyenmuc_id\";i:4;}s:11:\"\0*\0original\";a:11:{s:4:\"masp\";i:109;s:5:\"tensp\";s:25:\"MSI Katana 15 B13V (2023)\";s:10:\"anhdaidien\";s:13:\"image_355.png\";s:4:\"mota\";s:296:\"MSI Katana 15 B13V dùng CPU i5-13450HX/i7-13620H và RTX 4060, hiệu năng mạnh trong tầm giá. Màn hình 144Hz tối ưu cho eSports. Tản nhiệt Cooler Boost 5 duy trì hiệu suất tốt. RAM và SSD dễ nâng cấp. Đây là lựa chọn gaming phổ thông bán chạy của MSI.\";s:12:\"hinhanhkhac1\";s:12:\"katana15.jpg\";s:6:\"giamoi\";s:11:\"25490000.00\";s:5:\"giacu\";s:11:\"29313500.00\";s:9:\"trangthai\";i:1;s:7:\"hang_id\";i:21;s:10:\"danhmuc_id\";i:18;s:12:\"chuyenmuc_id\";i:4;}s:10:\"\0*\0changes\";a:0:{}s:11:\"\0*\0previous\";a:0:{}s:8:\"\0*\0casts\";a:2:{s:6:\"giamoi\";s:9:\"decimal:2\";s:5:\"giacu\";s:9:\"decimal:2\";}s:17:\"\0*\0classCastCache\";a:0:{}s:21:\"\0*\0attributeCastCache\";a:0:{}s:13:\"\0*\0dateFormat\";N;s:10:\"\0*\0appends\";a:0:{}s:19:\"\0*\0dispatchesEvents\";a:0:{}s:14:\"\0*\0observables\";a:0:{}s:12:\"\0*\0relations\";a:1:{s:4:\"hang\";r:1798;}s:10:\"\0*\0touches\";a:0:{}s:27:\"\0*\0relationAutoloadCallback\";N;s:26:\"\0*\0relationAutoloadContext\";N;s:10:\"timestamps\";b:0;s:13:\"usesUniqueIds\";b:0;s:9:\"\0*\0hidden\";a:0:{}s:10:\"\0*\0visible\";a:0:{}s:11:\"\0*\0fillable\";a:10:{i:0;s:5:\"tensp\";i:1;s:10:\"anhdaidien\";i:2;s:12:\"chuyenmuc_id\";i:3;s:4:\"mota\";i:4;s:7:\"hang_id\";i:5;s:10:\"danhmuc_id\";i:6;s:12:\"hinhanhkhac1\";i:7;s:6:\"giamoi\";i:8;s:5:\"giacu\";i:9;s:9:\"trangthai\";}s:10:\"\0*\0guarded\";a:1:{i:0;s:1:\"*\";}}i:23;O:18:\"App\\Models\\SanPham\":33:{s:13:\"\0*\0connection\";s:5:\"mysql\";s:8:\"\0*\0table\";s:7:\"sanpham\";s:13:\"\0*\0primaryKey\";s:4:\"masp\";s:10:\"\0*\0keyType\";s:3:\"int\";s:12:\"incrementing\";b:1;s:7:\"\0*\0with\";a:0:{}s:12:\"\0*\0withCount\";a:0:{}s:19:\"preventsLazyLoading\";b:0;s:10:\"\0*\0perPage\";i:15;s:6:\"exists\";b:1;s:18:\"wasRecentlyCreated\";b:0;s:28:\"\0*\0escapeWhenCastingToString\";b:0;s:13:\"\0*\0attributes\";a:11:{s:4:\"masp\";i:119;s:5:\"tensp\";s:25:\"MSI Katana 15 B13V (2023)\";s:10:\"anhdaidien\";s:13:\"image_179.png\";s:4:\"mota\";s:296:\"MSI Katana 15 B13V dùng CPU i5-13450HX/i7-13620H và RTX 4060, hiệu năng mạnh trong tầm giá. Màn hình 144Hz tối ưu cho eSports. Tản nhiệt Cooler Boost 5 duy trì hiệu suất tốt. RAM và SSD dễ nâng cấp. Đây là lựa chọn gaming phổ thông bán chạy của MSI.\";s:12:\"hinhanhkhac1\";s:12:\"katana15.jpg\";s:6:\"giamoi\";s:11:\"25490000.00\";s:5:\"giacu\";s:11:\"29313500.00\";s:9:\"trangthai\";i:1;s:7:\"hang_id\";i:21;s:10:\"danhmuc_id\";i:18;s:12:\"chuyenmuc_id\";i:2;}s:11:\"\0*\0original\";a:11:{s:4:\"masp\";i:119;s:5:\"tensp\";s:25:\"MSI Katana 15 B13V (2023)\";s:10:\"anhdaidien\";s:13:\"image_179.png\";s:4:\"mota\";s:296:\"MSI Katana 15 B13V dùng CPU i5-13450HX/i7-13620H và RTX 4060, hiệu năng mạnh trong tầm giá. Màn hình 144Hz tối ưu cho eSports. Tản nhiệt Cooler Boost 5 duy trì hiệu suất tốt. RAM và SSD dễ nâng cấp. Đây là lựa chọn gaming phổ thông bán chạy của MSI.\";s:12:\"hinhanhkhac1\";s:12:\"katana15.jpg\";s:6:\"giamoi\";s:11:\"25490000.00\";s:5:\"giacu\";s:11:\"29313500.00\";s:9:\"trangthai\";i:1;s:7:\"hang_id\";i:21;s:10:\"danhmuc_id\";i:18;s:12:\"chuyenmuc_id\";i:2;}s:10:\"\0*\0changes\";a:0:{}s:11:\"\0*\0previous\";a:0:{}s:8:\"\0*\0casts\";a:2:{s:6:\"giamoi\";s:9:\"decimal:2\";s:5:\"giacu\";s:9:\"decimal:2\";}s:17:\"\0*\0classCastCache\";a:0:{}s:21:\"\0*\0attributeCastCache\";a:0:{}s:13:\"\0*\0dateFormat\";N;s:10:\"\0*\0appends\";a:0:{}s:19:\"\0*\0dispatchesEvents\";a:0:{}s:14:\"\0*\0observables\";a:0:{}s:12:\"\0*\0relations\";a:1:{s:4:\"hang\";r:1798;}s:10:\"\0*\0touches\";a:0:{}s:27:\"\0*\0relationAutoloadCallback\";N;s:26:\"\0*\0relationAutoloadContext\";N;s:10:\"timestamps\";b:0;s:13:\"usesUniqueIds\";b:0;s:9:\"\0*\0hidden\";a:0:{}s:10:\"\0*\0visible\";a:0:{}s:11:\"\0*\0fillable\";a:10:{i:0;s:5:\"tensp\";i:1;s:10:\"anhdaidien\";i:2;s:12:\"chuyenmuc_id\";i:3;s:4:\"mota\";i:4;s:7:\"hang_id\";i:5;s:10:\"danhmuc_id\";i:6;s:12:\"hinhanhkhac1\";i:7;s:6:\"giamoi\";i:8;s:5:\"giacu\";i:9;s:9:\"trangthai\";}s:10:\"\0*\0guarded\";a:1:{i:0;s:1:\"*\";}}i:24;O:18:\"App\\Models\\SanPham\":33:{s:13:\"\0*\0connection\";s:5:\"mysql\";s:8:\"\0*\0table\";s:7:\"sanpham\";s:13:\"\0*\0primaryKey\";s:4:\"masp\";s:10:\"\0*\0keyType\";s:3:\"int\";s:12:\"incrementing\";b:1;s:7:\"\0*\0with\";a:0:{}s:12:\"\0*\0withCount\";a:0:{}s:19:\"preventsLazyLoading\";b:0;s:10:\"\0*\0perPage\";i:15;s:6:\"exists\";b:1;s:18:\"wasRecentlyCreated\";b:0;s:28:\"\0*\0escapeWhenCastingToString\";b:0;s:13:\"\0*\0attributes\";a:11:{s:4:\"masp\";i:139;s:5:\"tensp\";s:25:\"MSI Katana 15 B13V (2023)\";s:10:\"anhdaidien\";s:13:\"image_425.png\";s:4:\"mota\";s:296:\"MSI Katana 15 B13V dùng CPU i5-13450HX/i7-13620H và RTX 4060, hiệu năng mạnh trong tầm giá. Màn hình 144Hz tối ưu cho eSports. Tản nhiệt Cooler Boost 5 duy trì hiệu suất tốt. RAM và SSD dễ nâng cấp. Đây là lựa chọn gaming phổ thông bán chạy của MSI.\";s:12:\"hinhanhkhac1\";s:12:\"katana15.jpg\";s:6:\"giamoi\";s:11:\"25490000.00\";s:5:\"giacu\";s:11:\"29313500.00\";s:9:\"trangthai\";i:1;s:7:\"hang_id\";i:21;s:10:\"danhmuc_id\";i:18;s:12:\"chuyenmuc_id\";i:2;}s:11:\"\0*\0original\";a:11:{s:4:\"masp\";i:139;s:5:\"tensp\";s:25:\"MSI Katana 15 B13V (2023)\";s:10:\"anhdaidien\";s:13:\"image_425.png\";s:4:\"mota\";s:296:\"MSI Katana 15 B13V dùng CPU i5-13450HX/i7-13620H và RTX 4060, hiệu năng mạnh trong tầm giá. Màn hình 144Hz tối ưu cho eSports. Tản nhiệt Cooler Boost 5 duy trì hiệu suất tốt. RAM và SSD dễ nâng cấp. Đây là lựa chọn gaming phổ thông bán chạy của MSI.\";s:12:\"hinhanhkhac1\";s:12:\"katana15.jpg\";s:6:\"giamoi\";s:11:\"25490000.00\";s:5:\"giacu\";s:11:\"29313500.00\";s:9:\"trangthai\";i:1;s:7:\"hang_id\";i:21;s:10:\"danhmuc_id\";i:18;s:12:\"chuyenmuc_id\";i:2;}s:10:\"\0*\0changes\";a:0:{}s:11:\"\0*\0previous\";a:0:{}s:8:\"\0*\0casts\";a:2:{s:6:\"giamoi\";s:9:\"decimal:2\";s:5:\"giacu\";s:9:\"decimal:2\";}s:17:\"\0*\0classCastCache\";a:0:{}s:21:\"\0*\0attributeCastCache\";a:0:{}s:13:\"\0*\0dateFormat\";N;s:10:\"\0*\0appends\";a:0:{}s:19:\"\0*\0dispatchesEvents\";a:0:{}s:14:\"\0*\0observables\";a:0:{}s:12:\"\0*\0relations\";a:1:{s:4:\"hang\";r:1798;}s:10:\"\0*\0touches\";a:0:{}s:27:\"\0*\0relationAutoloadCallback\";N;s:26:\"\0*\0relationAutoloadContext\";N;s:10:\"timestamps\";b:0;s:13:\"usesUniqueIds\";b:0;s:9:\"\0*\0hidden\";a:0:{}s:10:\"\0*\0visible\";a:0:{}s:11:\"\0*\0fillable\";a:10:{i:0;s:5:\"tensp\";i:1;s:10:\"anhdaidien\";i:2;s:12:\"chuyenmuc_id\";i:3;s:4:\"mota\";i:4;s:7:\"hang_id\";i:5;s:10:\"danhmuc_id\";i:6;s:12:\"hinhanhkhac1\";i:7;s:6:\"giamoi\";i:8;s:5:\"giacu\";i:9;s:9:\"trangthai\";}s:10:\"\0*\0guarded\";a:1:{i:0;s:1:\"*\";}}i:25;O:18:\"App\\Models\\SanPham\":33:{s:13:\"\0*\0connection\";s:5:\"mysql\";s:8:\"\0*\0table\";s:7:\"sanpham\";s:13:\"\0*\0primaryKey\";s:4:\"masp\";s:10:\"\0*\0keyType\";s:3:\"int\";s:12:\"incrementing\";b:1;s:7:\"\0*\0with\";a:0:{}s:12:\"\0*\0withCount\";a:0:{}s:19:\"preventsLazyLoading\";b:0;s:10:\"\0*\0perPage\";i:15;s:6:\"exists\";b:1;s:18:\"wasRecentlyCreated\";b:0;s:28:\"\0*\0escapeWhenCastingToString\";b:0;s:13:\"\0*\0attributes\";a:11:{s:4:\"masp\";i:149;s:5:\"tensp\";s:25:\"MSI Katana 15 B13V (2023)\";s:10:\"anhdaidien\";s:13:\"image_290.png\";s:4:\"mota\";s:296:\"MSI Katana 15 B13V dùng CPU i5-13450HX/i7-13620H và RTX 4060, hiệu năng mạnh trong tầm giá. Màn hình 144Hz tối ưu cho eSports. Tản nhiệt Cooler Boost 5 duy trì hiệu suất tốt. RAM và SSD dễ nâng cấp. Đây là lựa chọn gaming phổ thông bán chạy của MSI.\";s:12:\"hinhanhkhac1\";s:12:\"katana15.jpg\";s:6:\"giamoi\";s:11:\"25490000.00\";s:5:\"giacu\";s:11:\"29313500.00\";s:9:\"trangthai\";i:1;s:7:\"hang_id\";i:21;s:10:\"danhmuc_id\";i:18;s:12:\"chuyenmuc_id\";i:4;}s:11:\"\0*\0original\";a:11:{s:4:\"masp\";i:149;s:5:\"tensp\";s:25:\"MSI Katana 15 B13V (2023)\";s:10:\"anhdaidien\";s:13:\"image_290.png\";s:4:\"mota\";s:296:\"MSI Katana 15 B13V dùng CPU i5-13450HX/i7-13620H và RTX 4060, hiệu năng mạnh trong tầm giá. Màn hình 144Hz tối ưu cho eSports. Tản nhiệt Cooler Boost 5 duy trì hiệu suất tốt. RAM và SSD dễ nâng cấp. Đây là lựa chọn gaming phổ thông bán chạy của MSI.\";s:12:\"hinhanhkhac1\";s:12:\"katana15.jpg\";s:6:\"giamoi\";s:11:\"25490000.00\";s:5:\"giacu\";s:11:\"29313500.00\";s:9:\"trangthai\";i:1;s:7:\"hang_id\";i:21;s:10:\"danhmuc_id\";i:18;s:12:\"chuyenmuc_id\";i:4;}s:10:\"\0*\0changes\";a:0:{}s:11:\"\0*\0previous\";a:0:{}s:8:\"\0*\0casts\";a:2:{s:6:\"giamoi\";s:9:\"decimal:2\";s:5:\"giacu\";s:9:\"decimal:2\";}s:17:\"\0*\0classCastCache\";a:0:{}s:21:\"\0*\0attributeCastCache\";a:0:{}s:13:\"\0*\0dateFormat\";N;s:10:\"\0*\0appends\";a:0:{}s:19:\"\0*\0dispatchesEvents\";a:0:{}s:14:\"\0*\0observables\";a:0:{}s:12:\"\0*\0relations\";a:1:{s:4:\"hang\";r:1798;}s:10:\"\0*\0touches\";a:0:{}s:27:\"\0*\0relationAutoloadCallback\";N;s:26:\"\0*\0relationAutoloadContext\";N;s:10:\"timestamps\";b:0;s:13:\"usesUniqueIds\";b:0;s:9:\"\0*\0hidden\";a:0:{}s:10:\"\0*\0visible\";a:0:{}s:11:\"\0*\0fillable\";a:10:{i:0;s:5:\"tensp\";i:1;s:10:\"anhdaidien\";i:2;s:12:\"chuyenmuc_id\";i:3;s:4:\"mota\";i:4;s:7:\"hang_id\";i:5;s:10:\"danhmuc_id\";i:6;s:12:\"hinhanhkhac1\";i:7;s:6:\"giamoi\";i:8;s:5:\"giacu\";i:9;s:9:\"trangthai\";}s:10:\"\0*\0guarded\";a:1:{i:0;s:1:\"*\";}}i:26;O:18:\"App\\Models\\SanPham\":33:{s:13:\"\0*\0connection\";s:5:\"mysql\";s:8:\"\0*\0table\";s:7:\"sanpham\";s:13:\"\0*\0primaryKey\";s:4:\"masp\";s:10:\"\0*\0keyType\";s:3:\"int\";s:12:\"incrementing\";b:1;s:7:\"\0*\0with\";a:0:{}s:12:\"\0*\0withCount\";a:0:{}s:19:\"preventsLazyLoading\";b:0;s:10:\"\0*\0perPage\";i:15;s:6:\"exists\";b:1;s:18:\"wasRecentlyCreated\";b:0;s:28:\"\0*\0escapeWhenCastingToString\";b:0;s:13:\"\0*\0attributes\";a:11:{s:4:\"masp\";i:101;s:5:\"tensp\";s:20:\"Dell G15 5530 (2023)\";s:10:\"anhdaidien\";s:13:\"image_271.png\";s:4:\"mota\";s:295:\"Dell G15 5530 dùng CPU i5-13450HX/i7-13650HX và GPU RTX 4050/4060, mang lại hiệu năng tốt cho gaming tầm trung. Màn hình 165Hz mượt mà. Tản nhiệt nâng cấp giúp máy ổn định trong tải cao. Thiết kế bền bỉ, phù hợp người cần laptop gaming tin cậy.\";s:12:\"hinhanhkhac1\";s:7:\"g15.jpg\";s:6:\"giamoi\";s:11:\"28490000.00\";s:5:\"giacu\";s:11:\"32763500.00\";s:9:\"trangthai\";i:1;s:7:\"hang_id\";i:2;s:10:\"danhmuc_id\";i:18;s:12:\"chuyenmuc_id\";i:4;}s:11:\"\0*\0original\";a:11:{s:4:\"masp\";i:101;s:5:\"tensp\";s:20:\"Dell G15 5530 (2023)\";s:10:\"anhdaidien\";s:13:\"image_271.png\";s:4:\"mota\";s:295:\"Dell G15 5530 dùng CPU i5-13450HX/i7-13650HX và GPU RTX 4050/4060, mang lại hiệu năng tốt cho gaming tầm trung. Màn hình 165Hz mượt mà. Tản nhiệt nâng cấp giúp máy ổn định trong tải cao. Thiết kế bền bỉ, phù hợp người cần laptop gaming tin cậy.\";s:12:\"hinhanhkhac1\";s:7:\"g15.jpg\";s:6:\"giamoi\";s:11:\"28490000.00\";s:5:\"giacu\";s:11:\"32763500.00\";s:9:\"trangthai\";i:1;s:7:\"hang_id\";i:2;s:10:\"danhmuc_id\";i:18;s:12:\"chuyenmuc_id\";i:4;}s:10:\"\0*\0changes\";a:0:{}s:11:\"\0*\0previous\";a:0:{}s:8:\"\0*\0casts\";a:2:{s:6:\"giamoi\";s:9:\"decimal:2\";s:5:\"giacu\";s:9:\"decimal:2\";}s:17:\"\0*\0classCastCache\";a:0:{}s:21:\"\0*\0attributeCastCache\";a:0:{}s:13:\"\0*\0dateFormat\";N;s:10:\"\0*\0appends\";a:0:{}s:19:\"\0*\0dispatchesEvents\";a:0:{}s:14:\"\0*\0observables\";a:0:{}s:12:\"\0*\0relations\";a:1:{s:4:\"hang\";r:238;}s:10:\"\0*\0touches\";a:0:{}s:27:\"\0*\0relationAutoloadCallback\";N;s:26:\"\0*\0relationAutoloadContext\";N;s:10:\"timestamps\";b:0;s:13:\"usesUniqueIds\";b:0;s:9:\"\0*\0hidden\";a:0:{}s:10:\"\0*\0visible\";a:0:{}s:11:\"\0*\0fillable\";a:10:{i:0;s:5:\"tensp\";i:1;s:10:\"anhdaidien\";i:2;s:12:\"chuyenmuc_id\";i:3;s:4:\"mota\";i:4;s:7:\"hang_id\";i:5;s:10:\"danhmuc_id\";i:6;s:12:\"hinhanhkhac1\";i:7;s:6:\"giamoi\";i:8;s:5:\"giacu\";i:9;s:9:\"trangthai\";}s:10:\"\0*\0guarded\";a:1:{i:0;s:1:\"*\";}}i:27;O:18:\"App\\Models\\SanPham\":33:{s:13:\"\0*\0connection\";s:5:\"mysql\";s:8:\"\0*\0table\";s:7:\"sanpham\";s:13:\"\0*\0primaryKey\";s:4:\"masp\";s:10:\"\0*\0keyType\";s:3:\"int\";s:12:\"incrementing\";b:1;s:7:\"\0*\0with\";a:0:{}s:12:\"\0*\0withCount\";a:0:{}s:19:\"preventsLazyLoading\";b:0;s:10:\"\0*\0perPage\";i:15;s:6:\"exists\";b:1;s:18:\"wasRecentlyCreated\";b:0;s:28:\"\0*\0escapeWhenCastingToString\";b:0;s:13:\"\0*\0attributes\";a:11:{s:4:\"masp\";i:111;s:5:\"tensp\";s:20:\"Dell G15 5530 (2023)\";s:10:\"anhdaidien\";s:13:\"image_269.png\";s:4:\"mota\";s:295:\"Dell G15 5530 dùng CPU i5-13450HX/i7-13650HX và GPU RTX 4050/4060, mang lại hiệu năng tốt cho gaming tầm trung. Màn hình 165Hz mượt mà. Tản nhiệt nâng cấp giúp máy ổn định trong tải cao. Thiết kế bền bỉ, phù hợp người cần laptop gaming tin cậy.\";s:12:\"hinhanhkhac1\";s:7:\"g15.jpg\";s:6:\"giamoi\";s:11:\"28490000.00\";s:5:\"giacu\";s:11:\"32763500.00\";s:9:\"trangthai\";i:1;s:7:\"hang_id\";i:2;s:10:\"danhmuc_id\";i:18;s:12:\"chuyenmuc_id\";i:2;}s:11:\"\0*\0original\";a:11:{s:4:\"masp\";i:111;s:5:\"tensp\";s:20:\"Dell G15 5530 (2023)\";s:10:\"anhdaidien\";s:13:\"image_269.png\";s:4:\"mota\";s:295:\"Dell G15 5530 dùng CPU i5-13450HX/i7-13650HX và GPU RTX 4050/4060, mang lại hiệu năng tốt cho gaming tầm trung. Màn hình 165Hz mượt mà. Tản nhiệt nâng cấp giúp máy ổn định trong tải cao. Thiết kế bền bỉ, phù hợp người cần laptop gaming tin cậy.\";s:12:\"hinhanhkhac1\";s:7:\"g15.jpg\";s:6:\"giamoi\";s:11:\"28490000.00\";s:5:\"giacu\";s:11:\"32763500.00\";s:9:\"trangthai\";i:1;s:7:\"hang_id\";i:2;s:10:\"danhmuc_id\";i:18;s:12:\"chuyenmuc_id\";i:2;}s:10:\"\0*\0changes\";a:0:{}s:11:\"\0*\0previous\";a:0:{}s:8:\"\0*\0casts\";a:2:{s:6:\"giamoi\";s:9:\"decimal:2\";s:5:\"giacu\";s:9:\"decimal:2\";}s:17:\"\0*\0classCastCache\";a:0:{}s:21:\"\0*\0attributeCastCache\";a:0:{}s:13:\"\0*\0dateFormat\";N;s:10:\"\0*\0appends\";a:0:{}s:19:\"\0*\0dispatchesEvents\";a:0:{}s:14:\"\0*\0observables\";a:0:{}s:12:\"\0*\0relations\";a:1:{s:4:\"hang\";r:238;}s:10:\"\0*\0touches\";a:0:{}s:27:\"\0*\0relationAutoloadCallback\";N;s:26:\"\0*\0relationAutoloadContext\";N;s:10:\"timestamps\";b:0;s:13:\"usesUniqueIds\";b:0;s:9:\"\0*\0hidden\";a:0:{}s:10:\"\0*\0visible\";a:0:{}s:11:\"\0*\0fillable\";a:10:{i:0;s:5:\"tensp\";i:1;s:10:\"anhdaidien\";i:2;s:12:\"chuyenmuc_id\";i:3;s:4:\"mota\";i:4;s:7:\"hang_id\";i:5;s:10:\"danhmuc_id\";i:6;s:12:\"hinhanhkhac1\";i:7;s:6:\"giamoi\";i:8;s:5:\"giacu\";i:9;s:9:\"trangthai\";}s:10:\"\0*\0guarded\";a:1:{i:0;s:1:\"*\";}}i:28;O:18:\"App\\Models\\SanPham\":33:{s:13:\"\0*\0connection\";s:5:\"mysql\";s:8:\"\0*\0table\";s:7:\"sanpham\";s:13:\"\0*\0primaryKey\";s:4:\"masp\";s:10:\"\0*\0keyType\";s:3:\"int\";s:12:\"incrementing\";b:1;s:7:\"\0*\0with\";a:0:{}s:12:\"\0*\0withCount\";a:0:{}s:19:\"preventsLazyLoading\";b:0;s:10:\"\0*\0perPage\";i:15;s:6:\"exists\";b:1;s:18:\"wasRecentlyCreated\";b:0;s:28:\"\0*\0escapeWhenCastingToString\";b:0;s:13:\"\0*\0attributes\";a:11:{s:4:\"masp\";i:131;s:5:\"tensp\";s:20:\"Dell G15 5530 (2023)\";s:10:\"anhdaidien\";s:13:\"image_292.png\";s:4:\"mota\";s:295:\"Dell G15 5530 dùng CPU i5-13450HX/i7-13650HX và GPU RTX 4050/4060, mang lại hiệu năng tốt cho gaming tầm trung. Màn hình 165Hz mượt mà. Tản nhiệt nâng cấp giúp máy ổn định trong tải cao. Thiết kế bền bỉ, phù hợp người cần laptop gaming tin cậy.\";s:12:\"hinhanhkhac1\";s:7:\"g15.jpg\";s:6:\"giamoi\";s:11:\"28490000.00\";s:5:\"giacu\";s:11:\"32763500.00\";s:9:\"trangthai\";i:1;s:7:\"hang_id\";i:2;s:10:\"danhmuc_id\";i:18;s:12:\"chuyenmuc_id\";i:2;}s:11:\"\0*\0original\";a:11:{s:4:\"masp\";i:131;s:5:\"tensp\";s:20:\"Dell G15 5530 (2023)\";s:10:\"anhdaidien\";s:13:\"image_292.png\";s:4:\"mota\";s:295:\"Dell G15 5530 dùng CPU i5-13450HX/i7-13650HX và GPU RTX 4050/4060, mang lại hiệu năng tốt cho gaming tầm trung. Màn hình 165Hz mượt mà. Tản nhiệt nâng cấp giúp máy ổn định trong tải cao. Thiết kế bền bỉ, phù hợp người cần laptop gaming tin cậy.\";s:12:\"hinhanhkhac1\";s:7:\"g15.jpg\";s:6:\"giamoi\";s:11:\"28490000.00\";s:5:\"giacu\";s:11:\"32763500.00\";s:9:\"trangthai\";i:1;s:7:\"hang_id\";i:2;s:10:\"danhmuc_id\";i:18;s:12:\"chuyenmuc_id\";i:2;}s:10:\"\0*\0changes\";a:0:{}s:11:\"\0*\0previous\";a:0:{}s:8:\"\0*\0casts\";a:2:{s:6:\"giamoi\";s:9:\"decimal:2\";s:5:\"giacu\";s:9:\"decimal:2\";}s:17:\"\0*\0classCastCache\";a:0:{}s:21:\"\0*\0attributeCastCache\";a:0:{}s:13:\"\0*\0dateFormat\";N;s:10:\"\0*\0appends\";a:0:{}s:19:\"\0*\0dispatchesEvents\";a:0:{}s:14:\"\0*\0observables\";a:0:{}s:12:\"\0*\0relations\";a:1:{s:4:\"hang\";r:238;}s:10:\"\0*\0touches\";a:0:{}s:27:\"\0*\0relationAutoloadCallback\";N;s:26:\"\0*\0relationAutoloadContext\";N;s:10:\"timestamps\";b:0;s:13:\"usesUniqueIds\";b:0;s:9:\"\0*\0hidden\";a:0:{}s:10:\"\0*\0visible\";a:0:{}s:11:\"\0*\0fillable\";a:10:{i:0;s:5:\"tensp\";i:1;s:10:\"anhdaidien\";i:2;s:12:\"chuyenmuc_id\";i:3;s:4:\"mota\";i:4;s:7:\"hang_id\";i:5;s:10:\"danhmuc_id\";i:6;s:12:\"hinhanhkhac1\";i:7;s:6:\"giamoi\";i:8;s:5:\"giacu\";i:9;s:9:\"trangthai\";}s:10:\"\0*\0guarded\";a:1:{i:0;s:1:\"*\";}}i:29;O:18:\"App\\Models\\SanPham\":33:{s:13:\"\0*\0connection\";s:5:\"mysql\";s:8:\"\0*\0table\";s:7:\"sanpham\";s:13:\"\0*\0primaryKey\";s:4:\"masp\";s:10:\"\0*\0keyType\";s:3:\"int\";s:12:\"incrementing\";b:1;s:7:\"\0*\0with\";a:0:{}s:12:\"\0*\0withCount\";a:0:{}s:19:\"preventsLazyLoading\";b:0;s:10:\"\0*\0perPage\";i:15;s:6:\"exists\";b:1;s:18:\"wasRecentlyCreated\";b:0;s:28:\"\0*\0escapeWhenCastingToString\";b:0;s:13:\"\0*\0attributes\";a:11:{s:4:\"masp\";i:121;s:5:\"tensp\";s:14:\"Dell ultra max\";s:10:\"anhdaidien\";s:12:\"image_85.png\";s:4:\"mota\";s:102:\"Hiệu năng mạnh mẽ với chip AMD Ryzen 9 hoặc Intel Core i9, RAM 16GB, SSD 1TB, GPU RTX 4070.\";s:12:\"hinhanhkhac1\";s:7:\"g15.jpg\";s:6:\"giamoi\";s:11:\"29270626.00\";s:5:\"giacu\";s:11:\"33661220.00\";s:9:\"trangthai\";i:1;s:7:\"hang_id\";i:2;s:10:\"danhmuc_id\";i:18;s:12:\"chuyenmuc_id\";i:4;}s:11:\"\0*\0original\";a:11:{s:4:\"masp\";i:121;s:5:\"tensp\";s:14:\"Dell ultra max\";s:10:\"anhdaidien\";s:12:\"image_85.png\";s:4:\"mota\";s:102:\"Hiệu năng mạnh mẽ với chip AMD Ryzen 9 hoặc Intel Core i9, RAM 16GB, SSD 1TB, GPU RTX 4070.\";s:12:\"hinhanhkhac1\";s:7:\"g15.jpg\";s:6:\"giamoi\";s:11:\"29270626.00\";s:5:\"giacu\";s:11:\"33661220.00\";s:9:\"trangthai\";i:1;s:7:\"hang_id\";i:2;s:10:\"danhmuc_id\";i:18;s:12:\"chuyenmuc_id\";i:4;}s:10:\"\0*\0changes\";a:0:{}s:11:\"\0*\0previous\";a:0:{}s:8:\"\0*\0casts\";a:2:{s:6:\"giamoi\";s:9:\"decimal:2\";s:5:\"giacu\";s:9:\"decimal:2\";}s:17:\"\0*\0classCastCache\";a:0:{}s:21:\"\0*\0attributeCastCache\";a:0:{}s:13:\"\0*\0dateFormat\";N;s:10:\"\0*\0appends\";a:0:{}s:19:\"\0*\0dispatchesEvents\";a:0:{}s:14:\"\0*\0observables\";a:0:{}s:12:\"\0*\0relations\";a:1:{s:4:\"hang\";r:238;}s:10:\"\0*\0touches\";a:0:{}s:27:\"\0*\0relationAutoloadCallback\";N;s:26:\"\0*\0relationAutoloadContext\";N;s:10:\"timestamps\";b:0;s:13:\"usesUniqueIds\";b:0;s:9:\"\0*\0hidden\";a:0:{}s:10:\"\0*\0visible\";a:0:{}s:11:\"\0*\0fillable\";a:10:{i:0;s:5:\"tensp\";i:1;s:10:\"anhdaidien\";i:2;s:12:\"chuyenmuc_id\";i:3;s:4:\"mota\";i:4;s:7:\"hang_id\";i:5;s:10:\"danhmuc_id\";i:6;s:12:\"hinhanhkhac1\";i:7;s:6:\"giamoi\";i:8;s:5:\"giacu\";i:9;s:9:\"trangthai\";}s:10:\"\0*\0guarded\";a:1:{i:0;s:1:\"*\";}}i:30;O:18:\"App\\Models\\SanPham\":33:{s:13:\"\0*\0connection\";s:5:\"mysql\";s:8:\"\0*\0table\";s:7:\"sanpham\";s:13:\"\0*\0primaryKey\";s:4:\"masp\";s:10:\"\0*\0keyType\";s:3:\"int\";s:12:\"incrementing\";b:1;s:7:\"\0*\0with\";a:0:{}s:12:\"\0*\0withCount\";a:0:{}s:19:\"preventsLazyLoading\";b:0;s:10:\"\0*\0perPage\";i:15;s:6:\"exists\";b:1;s:18:\"wasRecentlyCreated\";b:0;s:28:\"\0*\0escapeWhenCastingToString\";b:0;s:13:\"\0*\0attributes\";a:11:{s:4:\"masp\";i:103;s:5:\"tensp\";s:33:\"Lenovo Legion 5 Pro (2022) 16ARH7\";s:10:\"anhdaidien\";s:13:\"image_198.png\";s:4:\"mota\";s:309:\"Lenovo Legion 5 Pro 2022 sở hữu Ryzen 7 6800H và RTX 3060, cho hiệu năng mạnh và ổn định. Màn hình 16 inch 2.5K 165Hz chuẩn màu là điểm mạnh lớn. Tản nhiệt ColdFront giữ hiệu suất tốt. Bàn phím TrueStrike cho trải nghiệm gõ tốt. Phù hợp gaming và creator.\";s:12:\"hinhanhkhac1\";s:11:\"legion5.jpg\";s:6:\"giamoi\";s:11:\"29990000.00\";s:5:\"giacu\";s:11:\"34488500.00\";s:9:\"trangthai\";i:1;s:7:\"hang_id\";i:20;s:10:\"danhmuc_id\";i:18;s:12:\"chuyenmuc_id\";i:2;}s:11:\"\0*\0original\";a:11:{s:4:\"masp\";i:103;s:5:\"tensp\";s:33:\"Lenovo Legion 5 Pro (2022) 16ARH7\";s:10:\"anhdaidien\";s:13:\"image_198.png\";s:4:\"mota\";s:309:\"Lenovo Legion 5 Pro 2022 sở hữu Ryzen 7 6800H và RTX 3060, cho hiệu năng mạnh và ổn định. Màn hình 16 inch 2.5K 165Hz chuẩn màu là điểm mạnh lớn. Tản nhiệt ColdFront giữ hiệu suất tốt. Bàn phím TrueStrike cho trải nghiệm gõ tốt. Phù hợp gaming và creator.\";s:12:\"hinhanhkhac1\";s:11:\"legion5.jpg\";s:6:\"giamoi\";s:11:\"29990000.00\";s:5:\"giacu\";s:11:\"34488500.00\";s:9:\"trangthai\";i:1;s:7:\"hang_id\";i:20;s:10:\"danhmuc_id\";i:18;s:12:\"chuyenmuc_id\";i:2;}s:10:\"\0*\0changes\";a:0:{}s:11:\"\0*\0previous\";a:0:{}s:8:\"\0*\0casts\";a:2:{s:6:\"giamoi\";s:9:\"decimal:2\";s:5:\"giacu\";s:9:\"decimal:2\";}s:17:\"\0*\0classCastCache\";a:0:{}s:21:\"\0*\0attributeCastCache\";a:0:{}s:13:\"\0*\0dateFormat\";N;s:10:\"\0*\0appends\";a:0:{}s:19:\"\0*\0dispatchesEvents\";a:0:{}s:14:\"\0*\0observables\";a:0:{}s:12:\"\0*\0relations\";a:1:{s:4:\"hang\";O:15:\"App\\Models\\Hang\":33:{s:13:\"\0*\0connection\";s:5:\"mysql\";s:8:\"\0*\0table\";s:4:\"hang\";s:13:\"\0*\0primaryKey\";s:2:\"id\";s:10:\"\0*\0keyType\";s:3:\"int\";s:12:\"incrementing\";b:1;s:7:\"\0*\0with\";a:0:{}s:12:\"\0*\0withCount\";a:0:{}s:19:\"preventsLazyLoading\";b:0;s:10:\"\0*\0perPage\";i:15;s:6:\"exists\";b:1;s:18:\"wasRecentlyCreated\";b:0;s:28:\"\0*\0escapeWhenCastingToString\";b:0;s:13:\"\0*\0attributes\";a:5:{s:2:\"id\";i:20;s:7:\"tenhang\";s:6:\"Lenovo\";s:7:\"hinhanh\";s:12:\"image_29.png\";s:10:\"created_at\";s:19:\"2025-11-08 15:30:12\";s:10:\"updated_at\";s:19:\"2025-11-08 15:30:12\";}s:11:\"\0*\0original\";a:5:{s:2:\"id\";i:20;s:7:\"tenhang\";s:6:\"Lenovo\";s:7:\"hinhanh\";s:12:\"image_29.png\";s:10:\"created_at\";s:19:\"2025-11-08 15:30:12\";s:10:\"updated_at\";s:19:\"2025-11-08 15:30:12\";}s:10:\"\0*\0changes\";a:0:{}s:11:\"\0*\0previous\";a:0:{}s:8:\"\0*\0casts\";a:0:{}s:17:\"\0*\0classCastCache\";a:0:{}s:21:\"\0*\0attributeCastCache\";a:0:{}s:13:\"\0*\0dateFormat\";N;s:10:\"\0*\0appends\";a:0:{}s:19:\"\0*\0dispatchesEvents\";a:0:{}s:14:\"\0*\0observables\";a:0:{}s:12:\"\0*\0relations\";a:0:{}s:10:\"\0*\0touches\";a:0:{}s:27:\"\0*\0relationAutoloadCallback\";N;s:26:\"\0*\0relationAutoloadContext\";N;s:10:\"timestamps\";b:1;s:13:\"usesUniqueIds\";b:0;s:9:\"\0*\0hidden\";a:0:{}s:10:\"\0*\0visible\";a:0:{}s:11:\"\0*\0fillable\";a:2:{i:0;s:7:\"tenhang\";i:1;s:7:\"hinhanh\";}s:10:\"\0*\0guarded\";a:1:{i:0;s:1:\"*\";}}}s:10:\"\0*\0touches\";a:0:{}s:27:\"\0*\0relationAutoloadCallback\";N;s:26:\"\0*\0relationAutoloadContext\";N;s:10:\"timestamps\";b:0;s:13:\"usesUniqueIds\";b:0;s:9:\"\0*\0hidden\";a:0:{}s:10:\"\0*\0visible\";a:0:{}s:11:\"\0*\0fillable\";a:10:{i:0;s:5:\"tensp\";i:1;s:10:\"anhdaidien\";i:2;s:12:\"chuyenmuc_id\";i:3;s:4:\"mota\";i:4;s:7:\"hang_id\";i:5;s:10:\"danhmuc_id\";i:6;s:12:\"hinhanhkhac1\";i:7;s:6:\"giamoi\";i:8;s:5:\"giacu\";i:9;s:9:\"trangthai\";}s:10:\"\0*\0guarded\";a:1:{i:0;s:1:\"*\";}}i:31;O:18:\"App\\Models\\SanPham\":33:{s:13:\"\0*\0connection\";s:5:\"mysql\";s:8:\"\0*\0table\";s:7:\"sanpham\";s:13:\"\0*\0primaryKey\";s:4:\"masp\";s:10:\"\0*\0keyType\";s:3:\"int\";s:12:\"incrementing\";b:1;s:7:\"\0*\0with\";a:0:{}s:12:\"\0*\0withCount\";a:0:{}s:19:\"preventsLazyLoading\";b:0;s:10:\"\0*\0perPage\";i:15;s:6:\"exists\";b:1;s:18:\"wasRecentlyCreated\";b:0;s:28:\"\0*\0escapeWhenCastingToString\";b:0;s:13:\"\0*\0attributes\";a:11:{s:4:\"masp\";i:113;s:5:\"tensp\";s:33:\"Lenovo Legion 5 Pro (2022) 16ARH7\";s:10:\"anhdaidien\";s:13:\"image_490.png\";s:4:\"mota\";s:309:\"Lenovo Legion 5 Pro 2022 sở hữu Ryzen 7 6800H và RTX 3060, cho hiệu năng mạnh và ổn định. Màn hình 16 inch 2.5K 165Hz chuẩn màu là điểm mạnh lớn. Tản nhiệt ColdFront giữ hiệu suất tốt. Bàn phím TrueStrike cho trải nghiệm gõ tốt. Phù hợp gaming và creator.\";s:12:\"hinhanhkhac1\";s:11:\"legion5.jpg\";s:6:\"giamoi\";s:11:\"29990000.00\";s:5:\"giacu\";s:11:\"34488500.00\";s:9:\"trangthai\";i:1;s:7:\"hang_id\";i:20;s:10:\"danhmuc_id\";i:18;s:12:\"chuyenmuc_id\";i:4;}s:11:\"\0*\0original\";a:11:{s:4:\"masp\";i:113;s:5:\"tensp\";s:33:\"Lenovo Legion 5 Pro (2022) 16ARH7\";s:10:\"anhdaidien\";s:13:\"image_490.png\";s:4:\"mota\";s:309:\"Lenovo Legion 5 Pro 2022 sở hữu Ryzen 7 6800H và RTX 3060, cho hiệu năng mạnh và ổn định. Màn hình 16 inch 2.5K 165Hz chuẩn màu là điểm mạnh lớn. Tản nhiệt ColdFront giữ hiệu suất tốt. Bàn phím TrueStrike cho trải nghiệm gõ tốt. Phù hợp gaming và creator.\";s:12:\"hinhanhkhac1\";s:11:\"legion5.jpg\";s:6:\"giamoi\";s:11:\"29990000.00\";s:5:\"giacu\";s:11:\"34488500.00\";s:9:\"trangthai\";i:1;s:7:\"hang_id\";i:20;s:10:\"danhmuc_id\";i:18;s:12:\"chuyenmuc_id\";i:4;}s:10:\"\0*\0changes\";a:0:{}s:11:\"\0*\0previous\";a:0:{}s:8:\"\0*\0casts\";a:2:{s:6:\"giamoi\";s:9:\"decimal:2\";s:5:\"giacu\";s:9:\"decimal:2\";}s:17:\"\0*\0classCastCache\";a:0:{}s:21:\"\0*\0attributeCastCache\";a:0:{}s:13:\"\0*\0dateFormat\";N;s:10:\"\0*\0appends\";a:0:{}s:19:\"\0*\0dispatchesEvents\";a:0:{}s:14:\"\0*\0observables\";a:0:{}s:12:\"\0*\0relations\";a:1:{s:4:\"hang\";r:2474;}s:10:\"\0*\0touches\";a:0:{}s:27:\"\0*\0relationAutoloadCallback\";N;s:26:\"\0*\0relationAutoloadContext\";N;s:10:\"timestamps\";b:0;s:13:\"usesUniqueIds\";b:0;s:9:\"\0*\0hidden\";a:0:{}s:10:\"\0*\0visible\";a:0:{}s:11:\"\0*\0fillable\";a:10:{i:0;s:5:\"tensp\";i:1;s:10:\"anhdaidien\";i:2;s:12:\"chuyenmuc_id\";i:3;s:4:\"mota\";i:4;s:7:\"hang_id\";i:5;s:10:\"danhmuc_id\";i:6;s:12:\"hinhanhkhac1\";i:7;s:6:\"giamoi\";i:8;s:5:\"giacu\";i:9;s:9:\"trangthai\";}s:10:\"\0*\0guarded\";a:1:{i:0;s:1:\"*\";}}i:32;O:18:\"App\\Models\\SanPham\":33:{s:13:\"\0*\0connection\";s:5:\"mysql\";s:8:\"\0*\0table\";s:7:\"sanpham\";s:13:\"\0*\0primaryKey\";s:4:\"masp\";s:10:\"\0*\0keyType\";s:3:\"int\";s:12:\"incrementing\";b:1;s:7:\"\0*\0with\";a:0:{}s:12:\"\0*\0withCount\";a:0:{}s:19:\"preventsLazyLoading\";b:0;s:10:\"\0*\0perPage\";i:15;s:6:\"exists\";b:1;s:18:\"wasRecentlyCreated\";b:0;s:28:\"\0*\0escapeWhenCastingToString\";b:0;s:13:\"\0*\0attributes\";a:11:{s:4:\"masp\";i:123;s:5:\"tensp\";s:33:\"Lenovo Legion 5 Pro (2022) 16ARH7\";s:10:\"anhdaidien\";s:12:\"image_91.png\";s:4:\"mota\";s:309:\"Lenovo Legion 5 Pro 2022 sở hữu Ryzen 7 6800H và RTX 3060, cho hiệu năng mạnh và ổn định. Màn hình 16 inch 2.5K 165Hz chuẩn màu là điểm mạnh lớn. Tản nhiệt ColdFront giữ hiệu suất tốt. Bàn phím TrueStrike cho trải nghiệm gõ tốt. Phù hợp gaming và creator.\";s:12:\"hinhanhkhac1\";s:11:\"legion5.jpg\";s:6:\"giamoi\";s:11:\"29990000.00\";s:5:\"giacu\";s:11:\"34488500.00\";s:9:\"trangthai\";i:1;s:7:\"hang_id\";i:20;s:10:\"danhmuc_id\";i:18;s:12:\"chuyenmuc_id\";i:2;}s:11:\"\0*\0original\";a:11:{s:4:\"masp\";i:123;s:5:\"tensp\";s:33:\"Lenovo Legion 5 Pro (2022) 16ARH7\";s:10:\"anhdaidien\";s:12:\"image_91.png\";s:4:\"mota\";s:309:\"Lenovo Legion 5 Pro 2022 sở hữu Ryzen 7 6800H và RTX 3060, cho hiệu năng mạnh và ổn định. Màn hình 16 inch 2.5K 165Hz chuẩn màu là điểm mạnh lớn. Tản nhiệt ColdFront giữ hiệu suất tốt. Bàn phím TrueStrike cho trải nghiệm gõ tốt. Phù hợp gaming và creator.\";s:12:\"hinhanhkhac1\";s:11:\"legion5.jpg\";s:6:\"giamoi\";s:11:\"29990000.00\";s:5:\"giacu\";s:11:\"34488500.00\";s:9:\"trangthai\";i:1;s:7:\"hang_id\";i:20;s:10:\"danhmuc_id\";i:18;s:12:\"chuyenmuc_id\";i:2;}s:10:\"\0*\0changes\";a:0:{}s:11:\"\0*\0previous\";a:0:{}s:8:\"\0*\0casts\";a:2:{s:6:\"giamoi\";s:9:\"decimal:2\";s:5:\"giacu\";s:9:\"decimal:2\";}s:17:\"\0*\0classCastCache\";a:0:{}s:21:\"\0*\0attributeCastCache\";a:0:{}s:13:\"\0*\0dateFormat\";N;s:10:\"\0*\0appends\";a:0:{}s:19:\"\0*\0dispatchesEvents\";a:0:{}s:14:\"\0*\0observables\";a:0:{}s:12:\"\0*\0relations\";a:1:{s:4:\"hang\";r:2474;}s:10:\"\0*\0touches\";a:0:{}s:27:\"\0*\0relationAutoloadCallback\";N;s:26:\"\0*\0relationAutoloadContext\";N;s:10:\"timestamps\";b:0;s:13:\"usesUniqueIds\";b:0;s:9:\"\0*\0hidden\";a:0:{}s:10:\"\0*\0visible\";a:0:{}s:11:\"\0*\0fillable\";a:10:{i:0;s:5:\"tensp\";i:1;s:10:\"anhdaidien\";i:2;s:12:\"chuyenmuc_id\";i:3;s:4:\"mota\";i:4;s:7:\"hang_id\";i:5;s:10:\"danhmuc_id\";i:6;s:12:\"hinhanhkhac1\";i:7;s:6:\"giamoi\";i:8;s:5:\"giacu\";i:9;s:9:\"trangthai\";}s:10:\"\0*\0guarded\";a:1:{i:0;s:1:\"*\";}}i:33;O:18:\"App\\Models\\SanPham\":33:{s:13:\"\0*\0connection\";s:5:\"mysql\";s:8:\"\0*\0table\";s:7:\"sanpham\";s:13:\"\0*\0primaryKey\";s:4:\"masp\";s:10:\"\0*\0keyType\";s:3:\"int\";s:12:\"incrementing\";b:1;s:7:\"\0*\0with\";a:0:{}s:12:\"\0*\0withCount\";a:0:{}s:19:\"preventsLazyLoading\";b:0;s:10:\"\0*\0perPage\";i:15;s:6:\"exists\";b:1;s:18:\"wasRecentlyCreated\";b:0;s:28:\"\0*\0escapeWhenCastingToString\";b:0;s:13:\"\0*\0attributes\";a:11:{s:4:\"masp\";i:133;s:5:\"tensp\";s:33:\"Lenovo Legion 5 Pro (2022) 16ARH7\";s:10:\"anhdaidien\";s:13:\"image_217.png\";s:4:\"mota\";s:309:\"Lenovo Legion 5 Pro 2022 sở hữu Ryzen 7 6800H và RTX 3060, cho hiệu năng mạnh và ổn định. Màn hình 16 inch 2.5K 165Hz chuẩn màu là điểm mạnh lớn. Tản nhiệt ColdFront giữ hiệu suất tốt. Bàn phím TrueStrike cho trải nghiệm gõ tốt. Phù hợp gaming và creator.\";s:12:\"hinhanhkhac1\";s:11:\"legion5.jpg\";s:6:\"giamoi\";s:11:\"29990000.00\";s:5:\"giacu\";s:11:\"34488500.00\";s:9:\"trangthai\";i:1;s:7:\"hang_id\";i:20;s:10:\"danhmuc_id\";i:18;s:12:\"chuyenmuc_id\";i:1;}s:11:\"\0*\0original\";a:11:{s:4:\"masp\";i:133;s:5:\"tensp\";s:33:\"Lenovo Legion 5 Pro (2022) 16ARH7\";s:10:\"anhdaidien\";s:13:\"image_217.png\";s:4:\"mota\";s:309:\"Lenovo Legion 5 Pro 2022 sở hữu Ryzen 7 6800H và RTX 3060, cho hiệu năng mạnh và ổn định. Màn hình 16 inch 2.5K 165Hz chuẩn màu là điểm mạnh lớn. Tản nhiệt ColdFront giữ hiệu suất tốt. Bàn phím TrueStrike cho trải nghiệm gõ tốt. Phù hợp gaming và creator.\";s:12:\"hinhanhkhac1\";s:11:\"legion5.jpg\";s:6:\"giamoi\";s:11:\"29990000.00\";s:5:\"giacu\";s:11:\"34488500.00\";s:9:\"trangthai\";i:1;s:7:\"hang_id\";i:20;s:10:\"danhmuc_id\";i:18;s:12:\"chuyenmuc_id\";i:1;}s:10:\"\0*\0changes\";a:0:{}s:11:\"\0*\0previous\";a:0:{}s:8:\"\0*\0casts\";a:2:{s:6:\"giamoi\";s:9:\"decimal:2\";s:5:\"giacu\";s:9:\"decimal:2\";}s:17:\"\0*\0classCastCache\";a:0:{}s:21:\"\0*\0attributeCastCache\";a:0:{}s:13:\"\0*\0dateFormat\";N;s:10:\"\0*\0appends\";a:0:{}s:19:\"\0*\0dispatchesEvents\";a:0:{}s:14:\"\0*\0observables\";a:0:{}s:12:\"\0*\0relations\";a:1:{s:4:\"hang\";r:2474;}s:10:\"\0*\0touches\";a:0:{}s:27:\"\0*\0relationAutoloadCallback\";N;s:26:\"\0*\0relationAutoloadContext\";N;s:10:\"timestamps\";b:0;s:13:\"usesUniqueIds\";b:0;s:9:\"\0*\0hidden\";a:0:{}s:10:\"\0*\0visible\";a:0:{}s:11:\"\0*\0fillable\";a:10:{i:0;s:5:\"tensp\";i:1;s:10:\"anhdaidien\";i:2;s:12:\"chuyenmuc_id\";i:3;s:4:\"mota\";i:4;s:7:\"hang_id\";i:5;s:10:\"danhmuc_id\";i:6;s:12:\"hinhanhkhac1\";i:7;s:6:\"giamoi\";i:8;s:5:\"giacu\";i:9;s:9:\"trangthai\";}s:10:\"\0*\0guarded\";a:1:{i:0;s:1:\"*\";}}i:34;O:18:\"App\\Models\\SanPham\":33:{s:13:\"\0*\0connection\";s:5:\"mysql\";s:8:\"\0*\0table\";s:7:\"sanpham\";s:13:\"\0*\0primaryKey\";s:4:\"masp\";s:10:\"\0*\0keyType\";s:3:\"int\";s:12:\"incrementing\";b:1;s:7:\"\0*\0with\";a:0:{}s:12:\"\0*\0withCount\";a:0:{}s:19:\"preventsLazyLoading\";b:0;s:10:\"\0*\0perPage\";i:15;s:6:\"exists\";b:1;s:18:\"wasRecentlyCreated\";b:0;s:28:\"\0*\0escapeWhenCastingToString\";b:0;s:13:\"\0*\0attributes\";a:11:{s:4:\"masp\";i:143;s:5:\"tensp\";s:33:\"Lenovo Legion 5 Pro (2022) 16ARH7\";s:10:\"anhdaidien\";s:13:\"image_101.png\";s:4:\"mota\";s:309:\"Lenovo Legion 5 Pro 2022 sở hữu Ryzen 7 6800H và RTX 3060, cho hiệu năng mạnh và ổn định. Màn hình 16 inch 2.5K 165Hz chuẩn màu là điểm mạnh lớn. Tản nhiệt ColdFront giữ hiệu suất tốt. Bàn phím TrueStrike cho trải nghiệm gõ tốt. Phù hợp gaming và creator.\";s:12:\"hinhanhkhac1\";s:11:\"legion5.jpg\";s:6:\"giamoi\";s:11:\"29990000.00\";s:5:\"giacu\";s:11:\"34488500.00\";s:9:\"trangthai\";i:1;s:7:\"hang_id\";i:20;s:10:\"danhmuc_id\";i:18;s:12:\"chuyenmuc_id\";i:2;}s:11:\"\0*\0original\";a:11:{s:4:\"masp\";i:143;s:5:\"tensp\";s:33:\"Lenovo Legion 5 Pro (2022) 16ARH7\";s:10:\"anhdaidien\";s:13:\"image_101.png\";s:4:\"mota\";s:309:\"Lenovo Legion 5 Pro 2022 sở hữu Ryzen 7 6800H và RTX 3060, cho hiệu năng mạnh và ổn định. Màn hình 16 inch 2.5K 165Hz chuẩn màu là điểm mạnh lớn. Tản nhiệt ColdFront giữ hiệu suất tốt. Bàn phím TrueStrike cho trải nghiệm gõ tốt. Phù hợp gaming và creator.\";s:12:\"hinhanhkhac1\";s:11:\"legion5.jpg\";s:6:\"giamoi\";s:11:\"29990000.00\";s:5:\"giacu\";s:11:\"34488500.00\";s:9:\"trangthai\";i:1;s:7:\"hang_id\";i:20;s:10:\"danhmuc_id\";i:18;s:12:\"chuyenmuc_id\";i:2;}s:10:\"\0*\0changes\";a:0:{}s:11:\"\0*\0previous\";a:0:{}s:8:\"\0*\0casts\";a:2:{s:6:\"giamoi\";s:9:\"decimal:2\";s:5:\"giacu\";s:9:\"decimal:2\";}s:17:\"\0*\0classCastCache\";a:0:{}s:21:\"\0*\0attributeCastCache\";a:0:{}s:13:\"\0*\0dateFormat\";N;s:10:\"\0*\0appends\";a:0:{}s:19:\"\0*\0dispatchesEvents\";a:0:{}s:14:\"\0*\0observables\";a:0:{}s:12:\"\0*\0relations\";a:1:{s:4:\"hang\";r:2474;}s:10:\"\0*\0touches\";a:0:{}s:27:\"\0*\0relationAutoloadCallback\";N;s:26:\"\0*\0relationAutoloadContext\";N;s:10:\"timestamps\";b:0;s:13:\"usesUniqueIds\";b:0;s:9:\"\0*\0hidden\";a:0:{}s:10:\"\0*\0visible\";a:0:{}s:11:\"\0*\0fillable\";a:10:{i:0;s:5:\"tensp\";i:1;s:10:\"anhdaidien\";i:2;s:12:\"chuyenmuc_id\";i:3;s:4:\"mota\";i:4;s:7:\"hang_id\";i:5;s:10:\"danhmuc_id\";i:6;s:12:\"hinhanhkhac1\";i:7;s:6:\"giamoi\";i:8;s:5:\"giacu\";i:9;s:9:\"trangthai\";}s:10:\"\0*\0guarded\";a:1:{i:0;s:1:\"*\";}}i:35;O:18:\"App\\Models\\SanPham\":33:{s:13:\"\0*\0connection\";s:5:\"mysql\";s:8:\"\0*\0table\";s:7:\"sanpham\";s:13:\"\0*\0primaryKey\";s:4:\"masp\";s:10:\"\0*\0keyType\";s:3:\"int\";s:12:\"incrementing\";b:1;s:7:\"\0*\0with\";a:0:{}s:12:\"\0*\0withCount\";a:0:{}s:19:\"preventsLazyLoading\";b:0;s:10:\"\0*\0perPage\";i:15;s:6:\"exists\";b:1;s:18:\"wasRecentlyCreated\";b:0;s:28:\"\0*\0escapeWhenCastingToString\";b:0;s:13:\"\0*\0attributes\";a:11:{s:4:\"masp\";i:153;s:5:\"tensp\";s:33:\"Lenovo Legion 5 Pro (2022) 16ARH7\";s:10:\"anhdaidien\";s:13:\"image_102.png\";s:4:\"mota\";s:309:\"Lenovo Legion 5 Pro 2022 sở hữu Ryzen 7 6800H và RTX 3060, cho hiệu năng mạnh và ổn định. Màn hình 16 inch 2.5K 165Hz chuẩn màu là điểm mạnh lớn. Tản nhiệt ColdFront giữ hiệu suất tốt. Bàn phím TrueStrike cho trải nghiệm gõ tốt. Phù hợp gaming và creator.\";s:12:\"hinhanhkhac1\";s:11:\"legion5.jpg\";s:6:\"giamoi\";s:11:\"29990000.00\";s:5:\"giacu\";s:11:\"34488500.00\";s:9:\"trangthai\";i:1;s:7:\"hang_id\";i:20;s:10:\"danhmuc_id\";i:18;s:12:\"chuyenmuc_id\";i:4;}s:11:\"\0*\0original\";a:11:{s:4:\"masp\";i:153;s:5:\"tensp\";s:33:\"Lenovo Legion 5 Pro (2022) 16ARH7\";s:10:\"anhdaidien\";s:13:\"image_102.png\";s:4:\"mota\";s:309:\"Lenovo Legion 5 Pro 2022 sở hữu Ryzen 7 6800H và RTX 3060, cho hiệu năng mạnh và ổn định. Màn hình 16 inch 2.5K 165Hz chuẩn màu là điểm mạnh lớn. Tản nhiệt ColdFront giữ hiệu suất tốt. Bàn phím TrueStrike cho trải nghiệm gõ tốt. Phù hợp gaming và creator.\";s:12:\"hinhanhkhac1\";s:11:\"legion5.jpg\";s:6:\"giamoi\";s:11:\"29990000.00\";s:5:\"giacu\";s:11:\"34488500.00\";s:9:\"trangthai\";i:1;s:7:\"hang_id\";i:20;s:10:\"danhmuc_id\";i:18;s:12:\"chuyenmuc_id\";i:4;}s:10:\"\0*\0changes\";a:0:{}s:11:\"\0*\0previous\";a:0:{}s:8:\"\0*\0casts\";a:2:{s:6:\"giamoi\";s:9:\"decimal:2\";s:5:\"giacu\";s:9:\"decimal:2\";}s:17:\"\0*\0classCastCache\";a:0:{}s:21:\"\0*\0attributeCastCache\";a:0:{}s:13:\"\0*\0dateFormat\";N;s:10:\"\0*\0appends\";a:0:{}s:19:\"\0*\0dispatchesEvents\";a:0:{}s:14:\"\0*\0observables\";a:0:{}s:12:\"\0*\0relations\";a:1:{s:4:\"hang\";r:2474;}s:10:\"\0*\0touches\";a:0:{}s:27:\"\0*\0relationAutoloadCallback\";N;s:26:\"\0*\0relationAutoloadContext\";N;s:10:\"timestamps\";b:0;s:13:\"usesUniqueIds\";b:0;s:9:\"\0*\0hidden\";a:0:{}s:10:\"\0*\0visible\";a:0:{}s:11:\"\0*\0fillable\";a:10:{i:0;s:5:\"tensp\";i:1;s:10:\"anhdaidien\";i:2;s:12:\"chuyenmuc_id\";i:3;s:4:\"mota\";i:4;s:7:\"hang_id\";i:5;s:10:\"danhmuc_id\";i:6;s:12:\"hinhanhkhac1\";i:7;s:6:\"giamoi\";i:8;s:5:\"giacu\";i:9;s:9:\"trangthai\";}s:10:\"\0*\0guarded\";a:1:{i:0;s:1:\"*\";}}i:36;O:18:\"App\\Models\\SanPham\":33:{s:13:\"\0*\0connection\";s:5:\"mysql\";s:8:\"\0*\0table\";s:7:\"sanpham\";s:13:\"\0*\0primaryKey\";s:4:\"masp\";s:10:\"\0*\0keyType\";s:3:\"int\";s:12:\"incrementing\";b:1;s:7:\"\0*\0with\";a:0:{}s:12:\"\0*\0withCount\";a:0:{}s:19:\"preventsLazyLoading\";b:0;s:10:\"\0*\0perPage\";i:15;s:6:\"exists\";b:1;s:18:\"wasRecentlyCreated\";b:0;s:28:\"\0*\0escapeWhenCastingToString\";b:0;s:13:\"\0*\0attributes\";a:11:{s:4:\"masp\";i:100;s:5:\"tensp\";s:43:\"Acer Predator Helios Neo 16 PHN16-71 (2023)\";s:10:\"anhdaidien\";s:13:\"image_539.png\";s:4:\"mota\";s:316:\"Acer Helios Neo 16 trang bị i7-13700HX và RTX 4060, cho hiệu năng mạnh trong tầm trung. Màn hình WQXGA 165Hz sắc nét và mượt. Tản nhiệt hai quạt lớn và keo kim loại lỏng duy trì hiệu suất cao. Thiết kế Predator cứng cáp phù hợp game thủ và người làm đồ họa.\";s:12:\"hinhanhkhac1\";s:12:\"helios16.jpg\";s:6:\"giamoi\";s:11:\"33990000.00\";s:5:\"giacu\";s:11:\"39088500.00\";s:9:\"trangthai\";i:1;s:7:\"hang_id\";i:18;s:10:\"danhmuc_id\";i:18;s:12:\"chuyenmuc_id\";i:3;}s:11:\"\0*\0original\";a:11:{s:4:\"masp\";i:100;s:5:\"tensp\";s:43:\"Acer Predator Helios Neo 16 PHN16-71 (2023)\";s:10:\"anhdaidien\";s:13:\"image_539.png\";s:4:\"mota\";s:316:\"Acer Helios Neo 16 trang bị i7-13700HX và RTX 4060, cho hiệu năng mạnh trong tầm trung. Màn hình WQXGA 165Hz sắc nét và mượt. Tản nhiệt hai quạt lớn và keo kim loại lỏng duy trì hiệu suất cao. Thiết kế Predator cứng cáp phù hợp game thủ và người làm đồ họa.\";s:12:\"hinhanhkhac1\";s:12:\"helios16.jpg\";s:6:\"giamoi\";s:11:\"33990000.00\";s:5:\"giacu\";s:11:\"39088500.00\";s:9:\"trangthai\";i:1;s:7:\"hang_id\";i:18;s:10:\"danhmuc_id\";i:18;s:12:\"chuyenmuc_id\";i:3;}s:10:\"\0*\0changes\";a:0:{}s:11:\"\0*\0previous\";a:0:{}s:8:\"\0*\0casts\";a:2:{s:6:\"giamoi\";s:9:\"decimal:2\";s:5:\"giacu\";s:9:\"decimal:2\";}s:17:\"\0*\0classCastCache\";a:0:{}s:21:\"\0*\0attributeCastCache\";a:0:{}s:13:\"\0*\0dateFormat\";N;s:10:\"\0*\0appends\";a:0:{}s:19:\"\0*\0dispatchesEvents\";a:0:{}s:14:\"\0*\0observables\";a:0:{}s:12:\"\0*\0relations\";a:1:{s:4:\"hang\";r:960;}s:10:\"\0*\0touches\";a:0:{}s:27:\"\0*\0relationAutoloadCallback\";N;s:26:\"\0*\0relationAutoloadContext\";N;s:10:\"timestamps\";b:0;s:13:\"usesUniqueIds\";b:0;s:9:\"\0*\0hidden\";a:0:{}s:10:\"\0*\0visible\";a:0:{}s:11:\"\0*\0fillable\";a:10:{i:0;s:5:\"tensp\";i:1;s:10:\"anhdaidien\";i:2;s:12:\"chuyenmuc_id\";i:3;s:4:\"mota\";i:4;s:7:\"hang_id\";i:5;s:10:\"danhmuc_id\";i:6;s:12:\"hinhanhkhac1\";i:7;s:6:\"giamoi\";i:8;s:5:\"giacu\";i:9;s:9:\"trangthai\";}s:10:\"\0*\0guarded\";a:1:{i:0;s:1:\"*\";}}i:37;O:18:\"App\\Models\\SanPham\":33:{s:13:\"\0*\0connection\";s:5:\"mysql\";s:8:\"\0*\0table\";s:7:\"sanpham\";s:13:\"\0*\0primaryKey\";s:4:\"masp\";s:10:\"\0*\0keyType\";s:3:\"int\";s:12:\"incrementing\";b:1;s:7:\"\0*\0with\";a:0:{}s:12:\"\0*\0withCount\";a:0:{}s:19:\"preventsLazyLoading\";b:0;s:10:\"\0*\0perPage\";i:15;s:6:\"exists\";b:1;s:18:\"wasRecentlyCreated\";b:0;s:28:\"\0*\0escapeWhenCastingToString\";b:0;s:13:\"\0*\0attributes\";a:11:{s:4:\"masp\";i:110;s:5:\"tensp\";s:43:\"Acer Predator Helios Neo 16 PHN16-71 (2023)\";s:10:\"anhdaidien\";s:13:\"image_460.png\";s:4:\"mota\";s:316:\"Acer Helios Neo 16 trang bị i7-13700HX và RTX 4060, cho hiệu năng mạnh trong tầm trung. Màn hình WQXGA 165Hz sắc nét và mượt. Tản nhiệt hai quạt lớn và keo kim loại lỏng duy trì hiệu suất cao. Thiết kế Predator cứng cáp phù hợp game thủ và người làm đồ họa.\";s:12:\"hinhanhkhac1\";s:12:\"helios16.jpg\";s:6:\"giamoi\";s:11:\"33990000.00\";s:5:\"giacu\";s:11:\"39088500.00\";s:9:\"trangthai\";i:1;s:7:\"hang_id\";i:18;s:10:\"danhmuc_id\";i:18;s:12:\"chuyenmuc_id\";i:1;}s:11:\"\0*\0original\";a:11:{s:4:\"masp\";i:110;s:5:\"tensp\";s:43:\"Acer Predator Helios Neo 16 PHN16-71 (2023)\";s:10:\"anhdaidien\";s:13:\"image_460.png\";s:4:\"mota\";s:316:\"Acer Helios Neo 16 trang bị i7-13700HX và RTX 4060, cho hiệu năng mạnh trong tầm trung. Màn hình WQXGA 165Hz sắc nét và mượt. Tản nhiệt hai quạt lớn và keo kim loại lỏng duy trì hiệu suất cao. Thiết kế Predator cứng cáp phù hợp game thủ và người làm đồ họa.\";s:12:\"hinhanhkhac1\";s:12:\"helios16.jpg\";s:6:\"giamoi\";s:11:\"33990000.00\";s:5:\"giacu\";s:11:\"39088500.00\";s:9:\"trangthai\";i:1;s:7:\"hang_id\";i:18;s:10:\"danhmuc_id\";i:18;s:12:\"chuyenmuc_id\";i:1;}s:10:\"\0*\0changes\";a:0:{}s:11:\"\0*\0previous\";a:0:{}s:8:\"\0*\0casts\";a:2:{s:6:\"giamoi\";s:9:\"decimal:2\";s:5:\"giacu\";s:9:\"decimal:2\";}s:17:\"\0*\0classCastCache\";a:0:{}s:21:\"\0*\0attributeCastCache\";a:0:{}s:13:\"\0*\0dateFormat\";N;s:10:\"\0*\0appends\";a:0:{}s:19:\"\0*\0dispatchesEvents\";a:0:{}s:14:\"\0*\0observables\";a:0:{}s:12:\"\0*\0relations\";a:1:{s:4:\"hang\";r:960;}s:10:\"\0*\0touches\";a:0:{}s:27:\"\0*\0relationAutoloadCallback\";N;s:26:\"\0*\0relationAutoloadContext\";N;s:10:\"timestamps\";b:0;s:13:\"usesUniqueIds\";b:0;s:9:\"\0*\0hidden\";a:0:{}s:10:\"\0*\0visible\";a:0:{}s:11:\"\0*\0fillable\";a:10:{i:0;s:5:\"tensp\";i:1;s:10:\"anhdaidien\";i:2;s:12:\"chuyenmuc_id\";i:3;s:4:\"mota\";i:4;s:7:\"hang_id\";i:5;s:10:\"danhmuc_id\";i:6;s:12:\"hinhanhkhac1\";i:7;s:6:\"giamoi\";i:8;s:5:\"giacu\";i:9;s:9:\"trangthai\";}s:10:\"\0*\0guarded\";a:1:{i:0;s:1:\"*\";}}i:38;O:18:\"App\\Models\\SanPham\":33:{s:13:\"\0*\0connection\";s:5:\"mysql\";s:8:\"\0*\0table\";s:7:\"sanpham\";s:13:\"\0*\0primaryKey\";s:4:\"masp\";s:10:\"\0*\0keyType\";s:3:\"int\";s:12:\"incrementing\";b:1;s:7:\"\0*\0with\";a:0:{}s:12:\"\0*\0withCount\";a:0:{}s:19:\"preventsLazyLoading\";b:0;s:10:\"\0*\0perPage\";i:15;s:6:\"exists\";b:1;s:18:\"wasRecentlyCreated\";b:0;s:28:\"\0*\0escapeWhenCastingToString\";b:0;s:13:\"\0*\0attributes\";a:11:{s:4:\"masp\";i:120;s:5:\"tensp\";s:43:\"Acer Predator Helios Neo 16 PHN16-71 (2023)\";s:10:\"anhdaidien\";s:13:\"image_538.png\";s:4:\"mota\";s:316:\"Acer Helios Neo 16 trang bị i7-13700HX và RTX 4060, cho hiệu năng mạnh trong tầm trung. Màn hình WQXGA 165Hz sắc nét và mượt. Tản nhiệt hai quạt lớn và keo kim loại lỏng duy trì hiệu suất cao. Thiết kế Predator cứng cáp phù hợp game thủ và người làm đồ họa.\";s:12:\"hinhanhkhac1\";s:12:\"helios16.jpg\";s:6:\"giamoi\";s:11:\"33990000.00\";s:5:\"giacu\";s:11:\"39088500.00\";s:9:\"trangthai\";i:1;s:7:\"hang_id\";i:18;s:10:\"danhmuc_id\";i:18;s:12:\"chuyenmuc_id\";i:3;}s:11:\"\0*\0original\";a:11:{s:4:\"masp\";i:120;s:5:\"tensp\";s:43:\"Acer Predator Helios Neo 16 PHN16-71 (2023)\";s:10:\"anhdaidien\";s:13:\"image_538.png\";s:4:\"mota\";s:316:\"Acer Helios Neo 16 trang bị i7-13700HX và RTX 4060, cho hiệu năng mạnh trong tầm trung. Màn hình WQXGA 165Hz sắc nét và mượt. Tản nhiệt hai quạt lớn và keo kim loại lỏng duy trì hiệu suất cao. Thiết kế Predator cứng cáp phù hợp game thủ và người làm đồ họa.\";s:12:\"hinhanhkhac1\";s:12:\"helios16.jpg\";s:6:\"giamoi\";s:11:\"33990000.00\";s:5:\"giacu\";s:11:\"39088500.00\";s:9:\"trangthai\";i:1;s:7:\"hang_id\";i:18;s:10:\"danhmuc_id\";i:18;s:12:\"chuyenmuc_id\";i:3;}s:10:\"\0*\0changes\";a:0:{}s:11:\"\0*\0previous\";a:0:{}s:8:\"\0*\0casts\";a:2:{s:6:\"giamoi\";s:9:\"decimal:2\";s:5:\"giacu\";s:9:\"decimal:2\";}s:17:\"\0*\0classCastCache\";a:0:{}s:21:\"\0*\0attributeCastCache\";a:0:{}s:13:\"\0*\0dateFormat\";N;s:10:\"\0*\0appends\";a:0:{}s:19:\"\0*\0dispatchesEvents\";a:0:{}s:14:\"\0*\0observables\";a:0:{}s:12:\"\0*\0relations\";a:1:{s:4:\"hang\";r:960;}s:10:\"\0*\0touches\";a:0:{}s:27:\"\0*\0relationAutoloadCallback\";N;s:26:\"\0*\0relationAutoloadContext\";N;s:10:\"timestamps\";b:0;s:13:\"usesUniqueIds\";b:0;s:9:\"\0*\0hidden\";a:0:{}s:10:\"\0*\0visible\";a:0:{}s:11:\"\0*\0fillable\";a:10:{i:0;s:5:\"tensp\";i:1;s:10:\"anhdaidien\";i:2;s:12:\"chuyenmuc_id\";i:3;s:4:\"mota\";i:4;s:7:\"hang_id\";i:5;s:10:\"danhmuc_id\";i:6;s:12:\"hinhanhkhac1\";i:7;s:6:\"giamoi\";i:8;s:5:\"giacu\";i:9;s:9:\"trangthai\";}s:10:\"\0*\0guarded\";a:1:{i:0;s:1:\"*\";}}i:39;O:18:\"App\\Models\\SanPham\":33:{s:13:\"\0*\0connection\";s:5:\"mysql\";s:8:\"\0*\0table\";s:7:\"sanpham\";s:13:\"\0*\0primaryKey\";s:4:\"masp\";s:10:\"\0*\0keyType\";s:3:\"int\";s:12:\"incrementing\";b:1;s:7:\"\0*\0with\";a:0:{}s:12:\"\0*\0withCount\";a:0:{}s:19:\"preventsLazyLoading\";b:0;s:10:\"\0*\0perPage\";i:15;s:6:\"exists\";b:1;s:18:\"wasRecentlyCreated\";b:0;s:28:\"\0*\0escapeWhenCastingToString\";b:0;s:13:\"\0*\0attributes\";a:11:{s:4:\"masp\";i:130;s:5:\"tensp\";s:43:\"Acer Predator Helios Neo 16 PHN16-71 (2023)\";s:10:\"anhdaidien\";s:13:\"image_538.png\";s:4:\"mota\";s:316:\"Acer Helios Neo 16 trang bị i7-13700HX và RTX 4060, cho hiệu năng mạnh trong tầm trung. Màn hình WQXGA 165Hz sắc nét và mượt. Tản nhiệt hai quạt lớn và keo kim loại lỏng duy trì hiệu suất cao. Thiết kế Predator cứng cáp phù hợp game thủ và người làm đồ họa.\";s:12:\"hinhanhkhac1\";s:12:\"helios16.jpg\";s:6:\"giamoi\";s:11:\"33990000.00\";s:5:\"giacu\";s:11:\"39088500.00\";s:9:\"trangthai\";i:1;s:7:\"hang_id\";i:18;s:10:\"danhmuc_id\";i:18;s:12:\"chuyenmuc_id\";i:1;}s:11:\"\0*\0original\";a:11:{s:4:\"masp\";i:130;s:5:\"tensp\";s:43:\"Acer Predator Helios Neo 16 PHN16-71 (2023)\";s:10:\"anhdaidien\";s:13:\"image_538.png\";s:4:\"mota\";s:316:\"Acer Helios Neo 16 trang bị i7-13700HX và RTX 4060, cho hiệu năng mạnh trong tầm trung. Màn hình WQXGA 165Hz sắc nét và mượt. Tản nhiệt hai quạt lớn và keo kim loại lỏng duy trì hiệu suất cao. Thiết kế Predator cứng cáp phù hợp game thủ và người làm đồ họa.\";s:12:\"hinhanhkhac1\";s:12:\"helios16.jpg\";s:6:\"giamoi\";s:11:\"33990000.00\";s:5:\"giacu\";s:11:\"39088500.00\";s:9:\"trangthai\";i:1;s:7:\"hang_id\";i:18;s:10:\"danhmuc_id\";i:18;s:12:\"chuyenmuc_id\";i:1;}s:10:\"\0*\0changes\";a:0:{}s:11:\"\0*\0previous\";a:0:{}s:8:\"\0*\0casts\";a:2:{s:6:\"giamoi\";s:9:\"decimal:2\";s:5:\"giacu\";s:9:\"decimal:2\";}s:17:\"\0*\0classCastCache\";a:0:{}s:21:\"\0*\0attributeCastCache\";a:0:{}s:13:\"\0*\0dateFormat\";N;s:10:\"\0*\0appends\";a:0:{}s:19:\"\0*\0dispatchesEvents\";a:0:{}s:14:\"\0*\0observables\";a:0:{}s:12:\"\0*\0relations\";a:1:{s:4:\"hang\";r:960;}s:10:\"\0*\0touches\";a:0:{}s:27:\"\0*\0relationAutoloadCallback\";N;s:26:\"\0*\0relationAutoloadContext\";N;s:10:\"timestamps\";b:0;s:13:\"usesUniqueIds\";b:0;s:9:\"\0*\0hidden\";a:0:{}s:10:\"\0*\0visible\";a:0:{}s:11:\"\0*\0fillable\";a:10:{i:0;s:5:\"tensp\";i:1;s:10:\"anhdaidien\";i:2;s:12:\"chuyenmuc_id\";i:3;s:4:\"mota\";i:4;s:7:\"hang_id\";i:5;s:10:\"danhmuc_id\";i:6;s:12:\"hinhanhkhac1\";i:7;s:6:\"giamoi\";i:8;s:5:\"giacu\";i:9;s:9:\"trangthai\";}s:10:\"\0*\0guarded\";a:1:{i:0;s:1:\"*\";}}i:40;O:18:\"App\\Models\\SanPham\":33:{s:13:\"\0*\0connection\";s:5:\"mysql\";s:8:\"\0*\0table\";s:7:\"sanpham\";s:13:\"\0*\0primaryKey\";s:4:\"masp\";s:10:\"\0*\0keyType\";s:3:\"int\";s:12:\"incrementing\";b:1;s:7:\"\0*\0with\";a:0:{}s:12:\"\0*\0withCount\";a:0:{}s:19:\"preventsLazyLoading\";b:0;s:10:\"\0*\0perPage\";i:15;s:6:\"exists\";b:1;s:18:\"wasRecentlyCreated\";b:0;s:28:\"\0*\0escapeWhenCastingToString\";b:0;s:13:\"\0*\0attributes\";a:11:{s:4:\"masp\";i:140;s:5:\"tensp\";s:43:\"Acer Predator Helios Neo 16 PHN16-71 (2023)\";s:10:\"anhdaidien\";s:13:\"image_539.png\";s:4:\"mota\";s:316:\"Acer Helios Neo 16 trang bị i7-13700HX và RTX 4060, cho hiệu năng mạnh trong tầm trung. Màn hình WQXGA 165Hz sắc nét và mượt. Tản nhiệt hai quạt lớn và keo kim loại lỏng duy trì hiệu suất cao. Thiết kế Predator cứng cáp phù hợp game thủ và người làm đồ họa.\";s:12:\"hinhanhkhac1\";s:12:\"helios16.jpg\";s:6:\"giamoi\";s:11:\"33990000.00\";s:5:\"giacu\";s:11:\"39088500.00\";s:9:\"trangthai\";i:1;s:7:\"hang_id\";i:18;s:10:\"danhmuc_id\";i:18;s:12:\"chuyenmuc_id\";i:3;}s:11:\"\0*\0original\";a:11:{s:4:\"masp\";i:140;s:5:\"tensp\";s:43:\"Acer Predator Helios Neo 16 PHN16-71 (2023)\";s:10:\"anhdaidien\";s:13:\"image_539.png\";s:4:\"mota\";s:316:\"Acer Helios Neo 16 trang bị i7-13700HX và RTX 4060, cho hiệu năng mạnh trong tầm trung. Màn hình WQXGA 165Hz sắc nét và mượt. Tản nhiệt hai quạt lớn và keo kim loại lỏng duy trì hiệu suất cao. Thiết kế Predator cứng cáp phù hợp game thủ và người làm đồ họa.\";s:12:\"hinhanhkhac1\";s:12:\"helios16.jpg\";s:6:\"giamoi\";s:11:\"33990000.00\";s:5:\"giacu\";s:11:\"39088500.00\";s:9:\"trangthai\";i:1;s:7:\"hang_id\";i:18;s:10:\"danhmuc_id\";i:18;s:12:\"chuyenmuc_id\";i:3;}s:10:\"\0*\0changes\";a:0:{}s:11:\"\0*\0previous\";a:0:{}s:8:\"\0*\0casts\";a:2:{s:6:\"giamoi\";s:9:\"decimal:2\";s:5:\"giacu\";s:9:\"decimal:2\";}s:17:\"\0*\0classCastCache\";a:0:{}s:21:\"\0*\0attributeCastCache\";a:0:{}s:13:\"\0*\0dateFormat\";N;s:10:\"\0*\0appends\";a:0:{}s:19:\"\0*\0dispatchesEvents\";a:0:{}s:14:\"\0*\0observables\";a:0:{}s:12:\"\0*\0relations\";a:1:{s:4:\"hang\";r:960;}s:10:\"\0*\0touches\";a:0:{}s:27:\"\0*\0relationAutoloadCallback\";N;s:26:\"\0*\0relationAutoloadContext\";N;s:10:\"timestamps\";b:0;s:13:\"usesUniqueIds\";b:0;s:9:\"\0*\0hidden\";a:0:{}s:10:\"\0*\0visible\";a:0:{}s:11:\"\0*\0fillable\";a:10:{i:0;s:5:\"tensp\";i:1;s:10:\"anhdaidien\";i:2;s:12:\"chuyenmuc_id\";i:3;s:4:\"mota\";i:4;s:7:\"hang_id\";i:5;s:10:\"danhmuc_id\";i:6;s:12:\"hinhanhkhac1\";i:7;s:6:\"giamoi\";i:8;s:5:\"giacu\";i:9;s:9:\"trangthai\";}s:10:\"\0*\0guarded\";a:1:{i:0;s:1:\"*\";}}i:41;O:18:\"App\\Models\\SanPham\":33:{s:13:\"\0*\0connection\";s:5:\"mysql\";s:8:\"\0*\0table\";s:7:\"sanpham\";s:13:\"\0*\0primaryKey\";s:4:\"masp\";s:10:\"\0*\0keyType\";s:3:\"int\";s:12:\"incrementing\";b:1;s:7:\"\0*\0with\";a:0:{}s:12:\"\0*\0withCount\";a:0:{}s:19:\"preventsLazyLoading\";b:0;s:10:\"\0*\0perPage\";i:15;s:6:\"exists\";b:1;s:18:\"wasRecentlyCreated\";b:0;s:28:\"\0*\0escapeWhenCastingToString\";b:0;s:13:\"\0*\0attributes\";a:11:{s:4:\"masp\";i:102;s:5:\"tensp\";s:17:\"HP Omen 16 (2023)\";s:10:\"anhdaidien\";s:13:\"image_347.png\";s:4:\"mota\";s:294:\"HP Omen 16 2023 trang bị i7-13700HX và RTX 4060, hiệu năng mạnh cho gaming trung – cao cấp. Màn hình 16.1 inch 165Hz chuẩn màu. Thiết kế tối giản, tản nhiệt hiệu quả. RAM và SSD nhanh giúp xử lý mượt. Phù hợp game thủ và người làm đồ họa.\";s:12:\"hinhanhkhac1\";s:10:\"omen16.jpg\";s:6:\"giamoi\";s:11:\"37990000.00\";s:5:\"giacu\";s:11:\"43688500.00\";s:9:\"trangthai\";i:1;s:7:\"hang_id\";i:4;s:10:\"danhmuc_id\";i:18;s:12:\"chuyenmuc_id\";i:1;}s:11:\"\0*\0original\";a:11:{s:4:\"masp\";i:102;s:5:\"tensp\";s:17:\"HP Omen 16 (2023)\";s:10:\"anhdaidien\";s:13:\"image_347.png\";s:4:\"mota\";s:294:\"HP Omen 16 2023 trang bị i7-13700HX và RTX 4060, hiệu năng mạnh cho gaming trung – cao cấp. Màn hình 16.1 inch 165Hz chuẩn màu. Thiết kế tối giản, tản nhiệt hiệu quả. RAM và SSD nhanh giúp xử lý mượt. Phù hợp game thủ và người làm đồ họa.\";s:12:\"hinhanhkhac1\";s:10:\"omen16.jpg\";s:6:\"giamoi\";s:11:\"37990000.00\";s:5:\"giacu\";s:11:\"43688500.00\";s:9:\"trangthai\";i:1;s:7:\"hang_id\";i:4;s:10:\"danhmuc_id\";i:18;s:12:\"chuyenmuc_id\";i:1;}s:10:\"\0*\0changes\";a:0:{}s:11:\"\0*\0previous\";a:0:{}s:8:\"\0*\0casts\";a:2:{s:6:\"giamoi\";s:9:\"decimal:2\";s:5:\"giacu\";s:9:\"decimal:2\";}s:17:\"\0*\0classCastCache\";a:0:{}s:21:\"\0*\0attributeCastCache\";a:0:{}s:13:\"\0*\0dateFormat\";N;s:10:\"\0*\0appends\";a:0:{}s:19:\"\0*\0dispatchesEvents\";a:0:{}s:14:\"\0*\0observables\";a:0:{}s:12:\"\0*\0relations\";a:1:{s:4:\"hang\";r:52;}s:10:\"\0*\0touches\";a:0:{}s:27:\"\0*\0relationAutoloadCallback\";N;s:26:\"\0*\0relationAutoloadContext\";N;s:10:\"timestamps\";b:0;s:13:\"usesUniqueIds\";b:0;s:9:\"\0*\0hidden\";a:0:{}s:10:\"\0*\0visible\";a:0:{}s:11:\"\0*\0fillable\";a:10:{i:0;s:5:\"tensp\";i:1;s:10:\"anhdaidien\";i:2;s:12:\"chuyenmuc_id\";i:3;s:4:\"mota\";i:4;s:7:\"hang_id\";i:5;s:10:\"danhmuc_id\";i:6;s:12:\"hinhanhkhac1\";i:7;s:6:\"giamoi\";i:8;s:5:\"giacu\";i:9;s:9:\"trangthai\";}s:10:\"\0*\0guarded\";a:1:{i:0;s:1:\"*\";}}i:42;O:18:\"App\\Models\\SanPham\":33:{s:13:\"\0*\0connection\";s:5:\"mysql\";s:8:\"\0*\0table\";s:7:\"sanpham\";s:13:\"\0*\0primaryKey\";s:4:\"masp\";s:10:\"\0*\0keyType\";s:3:\"int\";s:12:\"incrementing\";b:1;s:7:\"\0*\0with\";a:0:{}s:12:\"\0*\0withCount\";a:0:{}s:19:\"preventsLazyLoading\";b:0;s:10:\"\0*\0perPage\";i:15;s:6:\"exists\";b:1;s:18:\"wasRecentlyCreated\";b:0;s:28:\"\0*\0escapeWhenCastingToString\";b:0;s:13:\"\0*\0attributes\";a:11:{s:4:\"masp\";i:112;s:5:\"tensp\";s:17:\"HP Omen 16 (2023)\";s:10:\"anhdaidien\";s:13:\"image_524.png\";s:4:\"mota\";s:294:\"HP Omen 16 2023 trang bị i7-13700HX và RTX 4060, hiệu năng mạnh cho gaming trung – cao cấp. Màn hình 16.1 inch 165Hz chuẩn màu. Thiết kế tối giản, tản nhiệt hiệu quả. RAM và SSD nhanh giúp xử lý mượt. Phù hợp game thủ và người làm đồ họa.\";s:12:\"hinhanhkhac1\";s:10:\"omen16.jpg\";s:6:\"giamoi\";s:11:\"37990000.00\";s:5:\"giacu\";s:11:\"43688500.00\";s:9:\"trangthai\";i:1;s:7:\"hang_id\";i:4;s:10:\"danhmuc_id\";i:18;s:12:\"chuyenmuc_id\";i:3;}s:11:\"\0*\0original\";a:11:{s:4:\"masp\";i:112;s:5:\"tensp\";s:17:\"HP Omen 16 (2023)\";s:10:\"anhdaidien\";s:13:\"image_524.png\";s:4:\"mota\";s:294:\"HP Omen 16 2023 trang bị i7-13700HX và RTX 4060, hiệu năng mạnh cho gaming trung – cao cấp. Màn hình 16.1 inch 165Hz chuẩn màu. Thiết kế tối giản, tản nhiệt hiệu quả. RAM và SSD nhanh giúp xử lý mượt. Phù hợp game thủ và người làm đồ họa.\";s:12:\"hinhanhkhac1\";s:10:\"omen16.jpg\";s:6:\"giamoi\";s:11:\"37990000.00\";s:5:\"giacu\";s:11:\"43688500.00\";s:9:\"trangthai\";i:1;s:7:\"hang_id\";i:4;s:10:\"danhmuc_id\";i:18;s:12:\"chuyenmuc_id\";i:3;}s:10:\"\0*\0changes\";a:0:{}s:11:\"\0*\0previous\";a:0:{}s:8:\"\0*\0casts\";a:2:{s:6:\"giamoi\";s:9:\"decimal:2\";s:5:\"giacu\";s:9:\"decimal:2\";}s:17:\"\0*\0classCastCache\";a:0:{}s:21:\"\0*\0attributeCastCache\";a:0:{}s:13:\"\0*\0dateFormat\";N;s:10:\"\0*\0appends\";a:0:{}s:19:\"\0*\0dispatchesEvents\";a:0:{}s:14:\"\0*\0observables\";a:0:{}s:12:\"\0*\0relations\";a:1:{s:4:\"hang\";r:52;}s:10:\"\0*\0touches\";a:0:{}s:27:\"\0*\0relationAutoloadCallback\";N;s:26:\"\0*\0relationAutoloadContext\";N;s:10:\"timestamps\";b:0;s:13:\"usesUniqueIds\";b:0;s:9:\"\0*\0hidden\";a:0:{}s:10:\"\0*\0visible\";a:0:{}s:11:\"\0*\0fillable\";a:10:{i:0;s:5:\"tensp\";i:1;s:10:\"anhdaidien\";i:2;s:12:\"chuyenmuc_id\";i:3;s:4:\"mota\";i:4;s:7:\"hang_id\";i:5;s:10:\"danhmuc_id\";i:6;s:12:\"hinhanhkhac1\";i:7;s:6:\"giamoi\";i:8;s:5:\"giacu\";i:9;s:9:\"trangthai\";}s:10:\"\0*\0guarded\";a:1:{i:0;s:1:\"*\";}}i:43;O:18:\"App\\Models\\SanPham\":33:{s:13:\"\0*\0connection\";s:5:\"mysql\";s:8:\"\0*\0table\";s:7:\"sanpham\";s:13:\"\0*\0primaryKey\";s:4:\"masp\";s:10:\"\0*\0keyType\";s:3:\"int\";s:12:\"incrementing\";b:1;s:7:\"\0*\0with\";a:0:{}s:12:\"\0*\0withCount\";a:0:{}s:19:\"preventsLazyLoading\";b:0;s:10:\"\0*\0perPage\";i:15;s:6:\"exists\";b:1;s:18:\"wasRecentlyCreated\";b:0;s:28:\"\0*\0escapeWhenCastingToString\";b:0;s:13:\"\0*\0attributes\";a:11:{s:4:\"masp\";i:122;s:5:\"tensp\";s:17:\"HP Omen 16 (2023)\";s:10:\"anhdaidien\";s:13:\"image_608.png\";s:4:\"mota\";s:294:\"HP Omen 16 2023 trang bị i7-13700HX và RTX 4060, hiệu năng mạnh cho gaming trung – cao cấp. Màn hình 16.1 inch 165Hz chuẩn màu. Thiết kế tối giản, tản nhiệt hiệu quả. RAM và SSD nhanh giúp xử lý mượt. Phù hợp game thủ và người làm đồ họa.\";s:12:\"hinhanhkhac1\";s:10:\"omen16.jpg\";s:6:\"giamoi\";s:11:\"37990000.00\";s:5:\"giacu\";s:11:\"43688500.00\";s:9:\"trangthai\";i:1;s:7:\"hang_id\";i:4;s:10:\"danhmuc_id\";i:18;s:12:\"chuyenmuc_id\";i:1;}s:11:\"\0*\0original\";a:11:{s:4:\"masp\";i:122;s:5:\"tensp\";s:17:\"HP Omen 16 (2023)\";s:10:\"anhdaidien\";s:13:\"image_608.png\";s:4:\"mota\";s:294:\"HP Omen 16 2023 trang bị i7-13700HX và RTX 4060, hiệu năng mạnh cho gaming trung – cao cấp. Màn hình 16.1 inch 165Hz chuẩn màu. Thiết kế tối giản, tản nhiệt hiệu quả. RAM và SSD nhanh giúp xử lý mượt. Phù hợp game thủ và người làm đồ họa.\";s:12:\"hinhanhkhac1\";s:10:\"omen16.jpg\";s:6:\"giamoi\";s:11:\"37990000.00\";s:5:\"giacu\";s:11:\"43688500.00\";s:9:\"trangthai\";i:1;s:7:\"hang_id\";i:4;s:10:\"danhmuc_id\";i:18;s:12:\"chuyenmuc_id\";i:1;}s:10:\"\0*\0changes\";a:0:{}s:11:\"\0*\0previous\";a:0:{}s:8:\"\0*\0casts\";a:2:{s:6:\"giamoi\";s:9:\"decimal:2\";s:5:\"giacu\";s:9:\"decimal:2\";}s:17:\"\0*\0classCastCache\";a:0:{}s:21:\"\0*\0attributeCastCache\";a:0:{}s:13:\"\0*\0dateFormat\";N;s:10:\"\0*\0appends\";a:0:{}s:19:\"\0*\0dispatchesEvents\";a:0:{}s:14:\"\0*\0observables\";a:0:{}s:12:\"\0*\0relations\";a:1:{s:4:\"hang\";r:52;}s:10:\"\0*\0touches\";a:0:{}s:27:\"\0*\0relationAutoloadCallback\";N;s:26:\"\0*\0relationAutoloadContext\";N;s:10:\"timestamps\";b:0;s:13:\"usesUniqueIds\";b:0;s:9:\"\0*\0hidden\";a:0:{}s:10:\"\0*\0visible\";a:0:{}s:11:\"\0*\0fillable\";a:10:{i:0;s:5:\"tensp\";i:1;s:10:\"anhdaidien\";i:2;s:12:\"chuyenmuc_id\";i:3;s:4:\"mota\";i:4;s:7:\"hang_id\";i:5;s:10:\"danhmuc_id\";i:6;s:12:\"hinhanhkhac1\";i:7;s:6:\"giamoi\";i:8;s:5:\"giacu\";i:9;s:9:\"trangthai\";}s:10:\"\0*\0guarded\";a:1:{i:0;s:1:\"*\";}}i:44;O:18:\"App\\Models\\SanPham\":33:{s:13:\"\0*\0connection\";s:5:\"mysql\";s:8:\"\0*\0table\";s:7:\"sanpham\";s:13:\"\0*\0primaryKey\";s:4:\"masp\";s:10:\"\0*\0keyType\";s:3:\"int\";s:12:\"incrementing\";b:1;s:7:\"\0*\0with\";a:0:{}s:12:\"\0*\0withCount\";a:0:{}s:19:\"preventsLazyLoading\";b:0;s:10:\"\0*\0perPage\";i:15;s:6:\"exists\";b:1;s:18:\"wasRecentlyCreated\";b:0;s:28:\"\0*\0escapeWhenCastingToString\";b:0;s:13:\"\0*\0attributes\";a:11:{s:4:\"masp\";i:132;s:5:\"tensp\";s:17:\"HP Omen 16 (2023)\";s:10:\"anhdaidien\";s:13:\"image_282.png\";s:4:\"mota\";s:294:\"HP Omen 16 2023 trang bị i7-13700HX và RTX 4060, hiệu năng mạnh cho gaming trung – cao cấp. Màn hình 16.1 inch 165Hz chuẩn màu. Thiết kế tối giản, tản nhiệt hiệu quả. RAM và SSD nhanh giúp xử lý mượt. Phù hợp game thủ và người làm đồ họa.\";s:12:\"hinhanhkhac1\";s:10:\"omen16.jpg\";s:6:\"giamoi\";s:11:\"37990000.00\";s:5:\"giacu\";s:11:\"43688500.00\";s:9:\"trangthai\";i:1;s:7:\"hang_id\";i:4;s:10:\"danhmuc_id\";i:18;s:12:\"chuyenmuc_id\";i:3;}s:11:\"\0*\0original\";a:11:{s:4:\"masp\";i:132;s:5:\"tensp\";s:17:\"HP Omen 16 (2023)\";s:10:\"anhdaidien\";s:13:\"image_282.png\";s:4:\"mota\";s:294:\"HP Omen 16 2023 trang bị i7-13700HX và RTX 4060, hiệu năng mạnh cho gaming trung – cao cấp. Màn hình 16.1 inch 165Hz chuẩn màu. Thiết kế tối giản, tản nhiệt hiệu quả. RAM và SSD nhanh giúp xử lý mượt. Phù hợp game thủ và người làm đồ họa.\";s:12:\"hinhanhkhac1\";s:10:\"omen16.jpg\";s:6:\"giamoi\";s:11:\"37990000.00\";s:5:\"giacu\";s:11:\"43688500.00\";s:9:\"trangthai\";i:1;s:7:\"hang_id\";i:4;s:10:\"danhmuc_id\";i:18;s:12:\"chuyenmuc_id\";i:3;}s:10:\"\0*\0changes\";a:0:{}s:11:\"\0*\0previous\";a:0:{}s:8:\"\0*\0casts\";a:2:{s:6:\"giamoi\";s:9:\"decimal:2\";s:5:\"giacu\";s:9:\"decimal:2\";}s:17:\"\0*\0classCastCache\";a:0:{}s:21:\"\0*\0attributeCastCache\";a:0:{}s:13:\"\0*\0dateFormat\";N;s:10:\"\0*\0appends\";a:0:{}s:19:\"\0*\0dispatchesEvents\";a:0:{}s:14:\"\0*\0observables\";a:0:{}s:12:\"\0*\0relations\";a:1:{s:4:\"hang\";r:52;}s:10:\"\0*\0touches\";a:0:{}s:27:\"\0*\0relationAutoloadCallback\";N;s:26:\"\0*\0relationAutoloadContext\";N;s:10:\"timestamps\";b:0;s:13:\"usesUniqueIds\";b:0;s:9:\"\0*\0hidden\";a:0:{}s:10:\"\0*\0visible\";a:0:{}s:11:\"\0*\0fillable\";a:10:{i:0;s:5:\"tensp\";i:1;s:10:\"anhdaidien\";i:2;s:12:\"chuyenmuc_id\";i:3;s:4:\"mota\";i:4;s:7:\"hang_id\";i:5;s:10:\"danhmuc_id\";i:6;s:12:\"hinhanhkhac1\";i:7;s:6:\"giamoi\";i:8;s:5:\"giacu\";i:9;s:9:\"trangthai\";}s:10:\"\0*\0guarded\";a:1:{i:0;s:1:\"*\";}}i:45;O:18:\"App\\Models\\SanPham\":33:{s:13:\"\0*\0connection\";s:5:\"mysql\";s:8:\"\0*\0table\";s:7:\"sanpham\";s:13:\"\0*\0primaryKey\";s:4:\"masp\";s:10:\"\0*\0keyType\";s:3:\"int\";s:12:\"incrementing\";b:1;s:7:\"\0*\0with\";a:0:{}s:12:\"\0*\0withCount\";a:0:{}s:19:\"preventsLazyLoading\";b:0;s:10:\"\0*\0perPage\";i:15;s:6:\"exists\";b:1;s:18:\"wasRecentlyCreated\";b:0;s:28:\"\0*\0escapeWhenCastingToString\";b:0;s:13:\"\0*\0attributes\";a:11:{s:4:\"masp\";i:142;s:5:\"tensp\";s:17:\"HP Omen 16 (2023)\";s:10:\"anhdaidien\";s:13:\"image_608.png\";s:4:\"mota\";s:294:\"HP Omen 16 2023 trang bị i7-13700HX và RTX 4060, hiệu năng mạnh cho gaming trung – cao cấp. Màn hình 16.1 inch 165Hz chuẩn màu. Thiết kế tối giản, tản nhiệt hiệu quả. RAM và SSD nhanh giúp xử lý mượt. Phù hợp game thủ và người làm đồ họa.\";s:12:\"hinhanhkhac1\";s:10:\"omen16.jpg\";s:6:\"giamoi\";s:11:\"37990000.00\";s:5:\"giacu\";s:11:\"43688500.00\";s:9:\"trangthai\";i:1;s:7:\"hang_id\";i:4;s:10:\"danhmuc_id\";i:18;s:12:\"chuyenmuc_id\";i:1;}s:11:\"\0*\0original\";a:11:{s:4:\"masp\";i:142;s:5:\"tensp\";s:17:\"HP Omen 16 (2023)\";s:10:\"anhdaidien\";s:13:\"image_608.png\";s:4:\"mota\";s:294:\"HP Omen 16 2023 trang bị i7-13700HX và RTX 4060, hiệu năng mạnh cho gaming trung – cao cấp. Màn hình 16.1 inch 165Hz chuẩn màu. Thiết kế tối giản, tản nhiệt hiệu quả. RAM và SSD nhanh giúp xử lý mượt. Phù hợp game thủ và người làm đồ họa.\";s:12:\"hinhanhkhac1\";s:10:\"omen16.jpg\";s:6:\"giamoi\";s:11:\"37990000.00\";s:5:\"giacu\";s:11:\"43688500.00\";s:9:\"trangthai\";i:1;s:7:\"hang_id\";i:4;s:10:\"danhmuc_id\";i:18;s:12:\"chuyenmuc_id\";i:1;}s:10:\"\0*\0changes\";a:0:{}s:11:\"\0*\0previous\";a:0:{}s:8:\"\0*\0casts\";a:2:{s:6:\"giamoi\";s:9:\"decimal:2\";s:5:\"giacu\";s:9:\"decimal:2\";}s:17:\"\0*\0classCastCache\";a:0:{}s:21:\"\0*\0attributeCastCache\";a:0:{}s:13:\"\0*\0dateFormat\";N;s:10:\"\0*\0appends\";a:0:{}s:19:\"\0*\0dispatchesEvents\";a:0:{}s:14:\"\0*\0observables\";a:0:{}s:12:\"\0*\0relations\";a:1:{s:4:\"hang\";r:52;}s:10:\"\0*\0touches\";a:0:{}s:27:\"\0*\0relationAutoloadCallback\";N;s:26:\"\0*\0relationAutoloadContext\";N;s:10:\"timestamps\";b:0;s:13:\"usesUniqueIds\";b:0;s:9:\"\0*\0hidden\";a:0:{}s:10:\"\0*\0visible\";a:0:{}s:11:\"\0*\0fillable\";a:10:{i:0;s:5:\"tensp\";i:1;s:10:\"anhdaidien\";i:2;s:12:\"chuyenmuc_id\";i:3;s:4:\"mota\";i:4;s:7:\"hang_id\";i:5;s:10:\"danhmuc_id\";i:6;s:12:\"hinhanhkhac1\";i:7;s:6:\"giamoi\";i:8;s:5:\"giacu\";i:9;s:9:\"trangthai\";}s:10:\"\0*\0guarded\";a:1:{i:0;s:1:\"*\";}}i:46;O:18:\"App\\Models\\SanPham\":33:{s:13:\"\0*\0connection\";s:5:\"mysql\";s:8:\"\0*\0table\";s:7:\"sanpham\";s:13:\"\0*\0primaryKey\";s:4:\"masp\";s:10:\"\0*\0keyType\";s:3:\"int\";s:12:\"incrementing\";b:1;s:7:\"\0*\0with\";a:0:{}s:12:\"\0*\0withCount\";a:0:{}s:19:\"preventsLazyLoading\";b:0;s:10:\"\0*\0perPage\";i:15;s:6:\"exists\";b:1;s:18:\"wasRecentlyCreated\";b:0;s:28:\"\0*\0escapeWhenCastingToString\";b:0;s:13:\"\0*\0attributes\";a:11:{s:4:\"masp\";i:10;s:5:\"tensp\";s:34:\"Acer Predator Triton 500 SE (2022)\";s:10:\"anhdaidien\";s:24:\"Acer-Predator-Triton.jpg\";s:4:\"mota\";s:317:\"Acer Triton 500 SE dùng CPU i7-11800H và RTX 3070, cho hiệu năng mạnh trong khung máy mỏng gọn. Màn hình 16 inch WQXGA 165Hz sắc nét và mượt. Tản nhiệt Vapor Chamber duy trì hiệu suất cao. Thiết kế sang trọng phù hợp cả chơi game và làm việc đồ họa chuyên nghiệp.\";s:12:\"hinhanhkhac1\";s:24:\"Acer-Predator-Triton.jpg\";s:6:\"giamoi\";s:11:\"38990000.00\";s:5:\"giacu\";s:11:\"44838500.00\";s:9:\"trangthai\";i:1;s:7:\"hang_id\";i:18;s:10:\"danhmuc_id\";i:18;s:12:\"chuyenmuc_id\";i:2;}s:11:\"\0*\0original\";a:11:{s:4:\"masp\";i:10;s:5:\"tensp\";s:34:\"Acer Predator Triton 500 SE (2022)\";s:10:\"anhdaidien\";s:24:\"Acer-Predator-Triton.jpg\";s:4:\"mota\";s:317:\"Acer Triton 500 SE dùng CPU i7-11800H và RTX 3070, cho hiệu năng mạnh trong khung máy mỏng gọn. Màn hình 16 inch WQXGA 165Hz sắc nét và mượt. Tản nhiệt Vapor Chamber duy trì hiệu suất cao. Thiết kế sang trọng phù hợp cả chơi game và làm việc đồ họa chuyên nghiệp.\";s:12:\"hinhanhkhac1\";s:24:\"Acer-Predator-Triton.jpg\";s:6:\"giamoi\";s:11:\"38990000.00\";s:5:\"giacu\";s:11:\"44838500.00\";s:9:\"trangthai\";i:1;s:7:\"hang_id\";i:18;s:10:\"danhmuc_id\";i:18;s:12:\"chuyenmuc_id\";i:2;}s:10:\"\0*\0changes\";a:0:{}s:11:\"\0*\0previous\";a:0:{}s:8:\"\0*\0casts\";a:2:{s:6:\"giamoi\";s:9:\"decimal:2\";s:5:\"giacu\";s:9:\"decimal:2\";}s:17:\"\0*\0classCastCache\";a:0:{}s:21:\"\0*\0attributeCastCache\";a:0:{}s:13:\"\0*\0dateFormat\";N;s:10:\"\0*\0appends\";a:0:{}s:19:\"\0*\0dispatchesEvents\";a:0:{}s:14:\"\0*\0observables\";a:0:{}s:12:\"\0*\0relations\";a:1:{s:4:\"hang\";r:960;}s:10:\"\0*\0touches\";a:0:{}s:27:\"\0*\0relationAutoloadCallback\";N;s:26:\"\0*\0relationAutoloadContext\";N;s:10:\"timestamps\";b:0;s:13:\"usesUniqueIds\";b:0;s:9:\"\0*\0hidden\";a:0:{}s:10:\"\0*\0visible\";a:0:{}s:11:\"\0*\0fillable\";a:10:{i:0;s:5:\"tensp\";i:1;s:10:\"anhdaidien\";i:2;s:12:\"chuyenmuc_id\";i:3;s:4:\"mota\";i:4;s:7:\"hang_id\";i:5;s:10:\"danhmuc_id\";i:6;s:12:\"hinhanhkhac1\";i:7;s:6:\"giamoi\";i:8;s:5:\"giacu\";i:9;s:9:\"trangthai\";}s:10:\"\0*\0guarded\";a:1:{i:0;s:1:\"*\";}}i:47;O:18:\"App\\Models\\SanPham\":33:{s:13:\"\0*\0connection\";s:5:\"mysql\";s:8:\"\0*\0table\";s:7:\"sanpham\";s:13:\"\0*\0primaryKey\";s:4:\"masp\";s:10:\"\0*\0keyType\";s:3:\"int\";s:12:\"incrementing\";b:1;s:7:\"\0*\0with\";a:0:{}s:12:\"\0*\0withCount\";a:0:{}s:19:\"preventsLazyLoading\";b:0;s:10:\"\0*\0perPage\";i:15;s:6:\"exists\";b:1;s:18:\"wasRecentlyCreated\";b:0;s:28:\"\0*\0escapeWhenCastingToString\";b:0;s:13:\"\0*\0attributes\";a:11:{s:4:\"masp\";i:106;s:5:\"tensp\";s:36:\"MacBook Pro 14-inch M3 (2023–2024)\";s:10:\"anhdaidien\";s:13:\"image_578.png\";s:4:\"mota\";s:348:\"MacBook Pro M3 mang lại hiệu năng vượt trội cho công việc đồ họa 2D/3D nhẹ và edit video. Màn hình Liquid Retina XDR sáng và chuẩn màu. Pin lâu, máy êm và thiết kế cao cấp. SSD tốc độ cao giúp mở ứng dụng nhanh. Phù hợp người làm sáng tạo cần hiệu năng mạnh trong thân máy nhỏ.\";s:12:\"hinhanhkhac1\";s:18:\"macbook-pro-m3.jpg\";s:6:\"giamoi\";s:11:\"38990000.00\";s:5:\"giacu\";s:11:\"44838500.00\";s:9:\"trangthai\";i:1;s:7:\"hang_id\";i:1;s:10:\"danhmuc_id\";i:15;s:12:\"chuyenmuc_id\";i:1;}s:11:\"\0*\0original\";a:11:{s:4:\"masp\";i:106;s:5:\"tensp\";s:36:\"MacBook Pro 14-inch M3 (2023–2024)\";s:10:\"anhdaidien\";s:13:\"image_578.png\";s:4:\"mota\";s:348:\"MacBook Pro M3 mang lại hiệu năng vượt trội cho công việc đồ họa 2D/3D nhẹ và edit video. Màn hình Liquid Retina XDR sáng và chuẩn màu. Pin lâu, máy êm và thiết kế cao cấp. SSD tốc độ cao giúp mở ứng dụng nhanh. Phù hợp người làm sáng tạo cần hiệu năng mạnh trong thân máy nhỏ.\";s:12:\"hinhanhkhac1\";s:18:\"macbook-pro-m3.jpg\";s:6:\"giamoi\";s:11:\"38990000.00\";s:5:\"giacu\";s:11:\"44838500.00\";s:9:\"trangthai\";i:1;s:7:\"hang_id\";i:1;s:10:\"danhmuc_id\";i:15;s:12:\"chuyenmuc_id\";i:1;}s:10:\"\0*\0changes\";a:0:{}s:11:\"\0*\0previous\";a:0:{}s:8:\"\0*\0casts\";a:2:{s:6:\"giamoi\";s:9:\"decimal:2\";s:5:\"giacu\";s:9:\"decimal:2\";}s:17:\"\0*\0classCastCache\";a:0:{}s:21:\"\0*\0attributeCastCache\";a:0:{}s:13:\"\0*\0dateFormat\";N;s:10:\"\0*\0appends\";a:0:{}s:19:\"\0*\0dispatchesEvents\";a:0:{}s:14:\"\0*\0observables\";a:0:{}s:12:\"\0*\0relations\";a:1:{s:4:\"hang\";r:1076;}s:10:\"\0*\0touches\";a:0:{}s:27:\"\0*\0relationAutoloadCallback\";N;s:26:\"\0*\0relationAutoloadContext\";N;s:10:\"timestamps\";b:0;s:13:\"usesUniqueIds\";b:0;s:9:\"\0*\0hidden\";a:0:{}s:10:\"\0*\0visible\";a:0:{}s:11:\"\0*\0fillable\";a:10:{i:0;s:5:\"tensp\";i:1;s:10:\"anhdaidien\";i:2;s:12:\"chuyenmuc_id\";i:3;s:4:\"mota\";i:4;s:7:\"hang_id\";i:5;s:10:\"danhmuc_id\";i:6;s:12:\"hinhanhkhac1\";i:7;s:6:\"giamoi\";i:8;s:5:\"giacu\";i:9;s:9:\"trangthai\";}s:10:\"\0*\0guarded\";a:1:{i:0;s:1:\"*\";}}i:48;O:18:\"App\\Models\\SanPham\":33:{s:13:\"\0*\0connection\";s:5:\"mysql\";s:8:\"\0*\0table\";s:7:\"sanpham\";s:13:\"\0*\0primaryKey\";s:4:\"masp\";s:10:\"\0*\0keyType\";s:3:\"int\";s:12:\"incrementing\";b:1;s:7:\"\0*\0with\";a:0:{}s:12:\"\0*\0withCount\";a:0:{}s:19:\"preventsLazyLoading\";b:0;s:10:\"\0*\0perPage\";i:15;s:6:\"exists\";b:1;s:18:\"wasRecentlyCreated\";b:0;s:28:\"\0*\0escapeWhenCastingToString\";b:0;s:13:\"\0*\0attributes\";a:11:{s:4:\"masp\";i:116;s:5:\"tensp\";s:36:\"MacBook Pro 14-inch M3 (2023–2024)\";s:10:\"anhdaidien\";s:13:\"image_591.png\";s:4:\"mota\";s:348:\"MacBook Pro M3 mang lại hiệu năng vượt trội cho công việc đồ họa 2D/3D nhẹ và edit video. Màn hình Liquid Retina XDR sáng và chuẩn màu. Pin lâu, máy êm và thiết kế cao cấp. SSD tốc độ cao giúp mở ứng dụng nhanh. Phù hợp người làm sáng tạo cần hiệu năng mạnh trong thân máy nhỏ.\";s:12:\"hinhanhkhac1\";s:18:\"macbook-pro-m3.jpg\";s:6:\"giamoi\";s:11:\"38990000.00\";s:5:\"giacu\";s:11:\"44838500.00\";s:9:\"trangthai\";i:1;s:7:\"hang_id\";i:1;s:10:\"danhmuc_id\";i:15;s:12:\"chuyenmuc_id\";i:3;}s:11:\"\0*\0original\";a:11:{s:4:\"masp\";i:116;s:5:\"tensp\";s:36:\"MacBook Pro 14-inch M3 (2023–2024)\";s:10:\"anhdaidien\";s:13:\"image_591.png\";s:4:\"mota\";s:348:\"MacBook Pro M3 mang lại hiệu năng vượt trội cho công việc đồ họa 2D/3D nhẹ và edit video. Màn hình Liquid Retina XDR sáng và chuẩn màu. Pin lâu, máy êm và thiết kế cao cấp. SSD tốc độ cao giúp mở ứng dụng nhanh. Phù hợp người làm sáng tạo cần hiệu năng mạnh trong thân máy nhỏ.\";s:12:\"hinhanhkhac1\";s:18:\"macbook-pro-m3.jpg\";s:6:\"giamoi\";s:11:\"38990000.00\";s:5:\"giacu\";s:11:\"44838500.00\";s:9:\"trangthai\";i:1;s:7:\"hang_id\";i:1;s:10:\"danhmuc_id\";i:15;s:12:\"chuyenmuc_id\";i:3;}s:10:\"\0*\0changes\";a:0:{}s:11:\"\0*\0previous\";a:0:{}s:8:\"\0*\0casts\";a:2:{s:6:\"giamoi\";s:9:\"decimal:2\";s:5:\"giacu\";s:9:\"decimal:2\";}s:17:\"\0*\0classCastCache\";a:0:{}s:21:\"\0*\0attributeCastCache\";a:0:{}s:13:\"\0*\0dateFormat\";N;s:10:\"\0*\0appends\";a:0:{}s:19:\"\0*\0dispatchesEvents\";a:0:{}s:14:\"\0*\0observables\";a:0:{}s:12:\"\0*\0relations\";a:1:{s:4:\"hang\";r:1076;}s:10:\"\0*\0touches\";a:0:{}s:27:\"\0*\0relationAutoloadCallback\";N;s:26:\"\0*\0relationAutoloadContext\";N;s:10:\"timestamps\";b:0;s:13:\"usesUniqueIds\";b:0;s:9:\"\0*\0hidden\";a:0:{}s:10:\"\0*\0visible\";a:0:{}s:11:\"\0*\0fillable\";a:10:{i:0;s:5:\"tensp\";i:1;s:10:\"anhdaidien\";i:2;s:12:\"chuyenmuc_id\";i:3;s:4:\"mota\";i:4;s:7:\"hang_id\";i:5;s:10:\"danhmuc_id\";i:6;s:12:\"hinhanhkhac1\";i:7;s:6:\"giamoi\";i:8;s:5:\"giacu\";i:9;s:9:\"trangthai\";}s:10:\"\0*\0guarded\";a:1:{i:0;s:1:\"*\";}}i:49;O:18:\"App\\Models\\SanPham\":33:{s:13:\"\0*\0connection\";s:5:\"mysql\";s:8:\"\0*\0table\";s:7:\"sanpham\";s:13:\"\0*\0primaryKey\";s:4:\"masp\";s:10:\"\0*\0keyType\";s:3:\"int\";s:12:\"incrementing\";b:1;s:7:\"\0*\0with\";a:0:{}s:12:\"\0*\0withCount\";a:0:{}s:19:\"preventsLazyLoading\";b:0;s:10:\"\0*\0perPage\";i:15;s:6:\"exists\";b:1;s:18:\"wasRecentlyCreated\";b:0;s:28:\"\0*\0escapeWhenCastingToString\";b:0;s:13:\"\0*\0attributes\";a:11:{s:4:\"masp\";i:126;s:5:\"tensp\";s:36:\"MacBook Pro 14-inch M3 (2023–2024)\";s:10:\"anhdaidien\";s:13:\"image_556.png\";s:4:\"mota\";s:348:\"MacBook Pro M3 mang lại hiệu năng vượt trội cho công việc đồ họa 2D/3D nhẹ và edit video. Màn hình Liquid Retina XDR sáng và chuẩn màu. Pin lâu, máy êm và thiết kế cao cấp. SSD tốc độ cao giúp mở ứng dụng nhanh. Phù hợp người làm sáng tạo cần hiệu năng mạnh trong thân máy nhỏ.\";s:12:\"hinhanhkhac1\";s:18:\"macbook-pro-m3.jpg\";s:6:\"giamoi\";s:11:\"38990000.00\";s:5:\"giacu\";s:11:\"44838500.00\";s:9:\"trangthai\";i:1;s:7:\"hang_id\";i:1;s:10:\"danhmuc_id\";i:2;s:12:\"chuyenmuc_id\";i:1;}s:11:\"\0*\0original\";a:11:{s:4:\"masp\";i:126;s:5:\"tensp\";s:36:\"MacBook Pro 14-inch M3 (2023–2024)\";s:10:\"anhdaidien\";s:13:\"image_556.png\";s:4:\"mota\";s:348:\"MacBook Pro M3 mang lại hiệu năng vượt trội cho công việc đồ họa 2D/3D nhẹ và edit video. Màn hình Liquid Retina XDR sáng và chuẩn màu. Pin lâu, máy êm và thiết kế cao cấp. SSD tốc độ cao giúp mở ứng dụng nhanh. Phù hợp người làm sáng tạo cần hiệu năng mạnh trong thân máy nhỏ.\";s:12:\"hinhanhkhac1\";s:18:\"macbook-pro-m3.jpg\";s:6:\"giamoi\";s:11:\"38990000.00\";s:5:\"giacu\";s:11:\"44838500.00\";s:9:\"trangthai\";i:1;s:7:\"hang_id\";i:1;s:10:\"danhmuc_id\";i:2;s:12:\"chuyenmuc_id\";i:1;}s:10:\"\0*\0changes\";a:0:{}s:11:\"\0*\0previous\";a:0:{}s:8:\"\0*\0casts\";a:2:{s:6:\"giamoi\";s:9:\"decimal:2\";s:5:\"giacu\";s:9:\"decimal:2\";}s:17:\"\0*\0classCastCache\";a:0:{}s:21:\"\0*\0attributeCastCache\";a:0:{}s:13:\"\0*\0dateFormat\";N;s:10:\"\0*\0appends\";a:0:{}s:19:\"\0*\0dispatchesEvents\";a:0:{}s:14:\"\0*\0observables\";a:0:{}s:12:\"\0*\0relations\";a:1:{s:4:\"hang\";r:1076;}s:10:\"\0*\0touches\";a:0:{}s:27:\"\0*\0relationAutoloadCallback\";N;s:26:\"\0*\0relationAutoloadContext\";N;s:10:\"timestamps\";b:0;s:13:\"usesUniqueIds\";b:0;s:9:\"\0*\0hidden\";a:0:{}s:10:\"\0*\0visible\";a:0:{}s:11:\"\0*\0fillable\";a:10:{i:0;s:5:\"tensp\";i:1;s:10:\"anhdaidien\";i:2;s:12:\"chuyenmuc_id\";i:3;s:4:\"mota\";i:4;s:7:\"hang_id\";i:5;s:10:\"danhmuc_id\";i:6;s:12:\"hinhanhkhac1\";i:7;s:6:\"giamoi\";i:8;s:5:\"giacu\";i:9;s:9:\"trangthai\";}s:10:\"\0*\0guarded\";a:1:{i:0;s:1:\"*\";}}i:50;O:18:\"App\\Models\\SanPham\":33:{s:13:\"\0*\0connection\";s:5:\"mysql\";s:8:\"\0*\0table\";s:7:\"sanpham\";s:13:\"\0*\0primaryKey\";s:4:\"masp\";s:10:\"\0*\0keyType\";s:3:\"int\";s:12:\"incrementing\";b:1;s:7:\"\0*\0with\";a:0:{}s:12:\"\0*\0withCount\";a:0:{}s:19:\"preventsLazyLoading\";b:0;s:10:\"\0*\0perPage\";i:15;s:6:\"exists\";b:1;s:18:\"wasRecentlyCreated\";b:0;s:28:\"\0*\0escapeWhenCastingToString\";b:0;s:13:\"\0*\0attributes\";a:11:{s:4:\"masp\";i:136;s:5:\"tensp\";s:36:\"MacBook Pro 14-inch M3 (2023–2024)\";s:10:\"anhdaidien\";s:13:\"image_604.png\";s:4:\"mota\";s:348:\"MacBook Pro M3 mang lại hiệu năng vượt trội cho công việc đồ họa 2D/3D nhẹ và edit video. Màn hình Liquid Retina XDR sáng và chuẩn màu. Pin lâu, máy êm và thiết kế cao cấp. SSD tốc độ cao giúp mở ứng dụng nhanh. Phù hợp người làm sáng tạo cần hiệu năng mạnh trong thân máy nhỏ.\";s:12:\"hinhanhkhac1\";s:18:\"macbook-pro-m3.jpg\";s:6:\"giamoi\";s:11:\"38990000.00\";s:5:\"giacu\";s:11:\"44838500.00\";s:9:\"trangthai\";i:1;s:7:\"hang_id\";i:1;s:10:\"danhmuc_id\";i:15;s:12:\"chuyenmuc_id\";i:3;}s:11:\"\0*\0original\";a:11:{s:4:\"masp\";i:136;s:5:\"tensp\";s:36:\"MacBook Pro 14-inch M3 (2023–2024)\";s:10:\"anhdaidien\";s:13:\"image_604.png\";s:4:\"mota\";s:348:\"MacBook Pro M3 mang lại hiệu năng vượt trội cho công việc đồ họa 2D/3D nhẹ và edit video. Màn hình Liquid Retina XDR sáng và chuẩn màu. Pin lâu, máy êm và thiết kế cao cấp. SSD tốc độ cao giúp mở ứng dụng nhanh. Phù hợp người làm sáng tạo cần hiệu năng mạnh trong thân máy nhỏ.\";s:12:\"hinhanhkhac1\";s:18:\"macbook-pro-m3.jpg\";s:6:\"giamoi\";s:11:\"38990000.00\";s:5:\"giacu\";s:11:\"44838500.00\";s:9:\"trangthai\";i:1;s:7:\"hang_id\";i:1;s:10:\"danhmuc_id\";i:15;s:12:\"chuyenmuc_id\";i:3;}s:10:\"\0*\0changes\";a:0:{}s:11:\"\0*\0previous\";a:0:{}s:8:\"\0*\0casts\";a:2:{s:6:\"giamoi\";s:9:\"decimal:2\";s:5:\"giacu\";s:9:\"decimal:2\";}s:17:\"\0*\0classCastCache\";a:0:{}s:21:\"\0*\0attributeCastCache\";a:0:{}s:13:\"\0*\0dateFormat\";N;s:10:\"\0*\0appends\";a:0:{}s:19:\"\0*\0dispatchesEvents\";a:0:{}s:14:\"\0*\0observables\";a:0:{}s:12:\"\0*\0relations\";a:1:{s:4:\"hang\";r:1076;}s:10:\"\0*\0touches\";a:0:{}s:27:\"\0*\0relationAutoloadCallback\";N;s:26:\"\0*\0relationAutoloadContext\";N;s:10:\"timestamps\";b:0;s:13:\"usesUniqueIds\";b:0;s:9:\"\0*\0hidden\";a:0:{}s:10:\"\0*\0visible\";a:0:{}s:11:\"\0*\0fillable\";a:10:{i:0;s:5:\"tensp\";i:1;s:10:\"anhdaidien\";i:2;s:12:\"chuyenmuc_id\";i:3;s:4:\"mota\";i:4;s:7:\"hang_id\";i:5;s:10:\"danhmuc_id\";i:6;s:12:\"hinhanhkhac1\";i:7;s:6:\"giamoi\";i:8;s:5:\"giacu\";i:9;s:9:\"trangthai\";}s:10:\"\0*\0guarded\";a:1:{i:0;s:1:\"*\";}}i:51;O:18:\"App\\Models\\SanPham\":33:{s:13:\"\0*\0connection\";s:5:\"mysql\";s:8:\"\0*\0table\";s:7:\"sanpham\";s:13:\"\0*\0primaryKey\";s:4:\"masp\";s:10:\"\0*\0keyType\";s:3:\"int\";s:12:\"incrementing\";b:1;s:7:\"\0*\0with\";a:0:{}s:12:\"\0*\0withCount\";a:0:{}s:19:\"preventsLazyLoading\";b:0;s:10:\"\0*\0perPage\";i:15;s:6:\"exists\";b:1;s:18:\"wasRecentlyCreated\";b:0;s:28:\"\0*\0escapeWhenCastingToString\";b:0;s:13:\"\0*\0attributes\";a:11:{s:4:\"masp\";i:146;s:5:\"tensp\";s:36:\"MacBook Pro 14-inch M3 (2023–2024)\";s:10:\"anhdaidien\";s:13:\"image_671.png\";s:4:\"mota\";s:348:\"MacBook Pro M3 mang lại hiệu năng vượt trội cho công việc đồ họa 2D/3D nhẹ và edit video. Màn hình Liquid Retina XDR sáng và chuẩn màu. Pin lâu, máy êm và thiết kế cao cấp. SSD tốc độ cao giúp mở ứng dụng nhanh. Phù hợp người làm sáng tạo cần hiệu năng mạnh trong thân máy nhỏ.\";s:12:\"hinhanhkhac1\";s:18:\"macbook-pro-m3.jpg\";s:6:\"giamoi\";s:11:\"38990000.00\";s:5:\"giacu\";s:11:\"44838500.00\";s:9:\"trangthai\";i:1;s:7:\"hang_id\";i:1;s:10:\"danhmuc_id\";N;s:12:\"chuyenmuc_id\";i:1;}s:11:\"\0*\0original\";a:11:{s:4:\"masp\";i:146;s:5:\"tensp\";s:36:\"MacBook Pro 14-inch M3 (2023–2024)\";s:10:\"anhdaidien\";s:13:\"image_671.png\";s:4:\"mota\";s:348:\"MacBook Pro M3 mang lại hiệu năng vượt trội cho công việc đồ họa 2D/3D nhẹ và edit video. Màn hình Liquid Retina XDR sáng và chuẩn màu. Pin lâu, máy êm và thiết kế cao cấp. SSD tốc độ cao giúp mở ứng dụng nhanh. Phù hợp người làm sáng tạo cần hiệu năng mạnh trong thân máy nhỏ.\";s:12:\"hinhanhkhac1\";s:18:\"macbook-pro-m3.jpg\";s:6:\"giamoi\";s:11:\"38990000.00\";s:5:\"giacu\";s:11:\"44838500.00\";s:9:\"trangthai\";i:1;s:7:\"hang_id\";i:1;s:10:\"danhmuc_id\";N;s:12:\"chuyenmuc_id\";i:1;}s:10:\"\0*\0changes\";a:0:{}s:11:\"\0*\0previous\";a:0:{}s:8:\"\0*\0casts\";a:2:{s:6:\"giamoi\";s:9:\"decimal:2\";s:5:\"giacu\";s:9:\"decimal:2\";}s:17:\"\0*\0classCastCache\";a:0:{}s:21:\"\0*\0attributeCastCache\";a:0:{}s:13:\"\0*\0dateFormat\";N;s:10:\"\0*\0appends\";a:0:{}s:19:\"\0*\0dispatchesEvents\";a:0:{}s:14:\"\0*\0observables\";a:0:{}s:12:\"\0*\0relations\";a:1:{s:4:\"hang\";r:1076;}s:10:\"\0*\0touches\";a:0:{}s:27:\"\0*\0relationAutoloadCallback\";N;s:26:\"\0*\0relationAutoloadContext\";N;s:10:\"timestamps\";b:0;s:13:\"usesUniqueIds\";b:0;s:9:\"\0*\0hidden\";a:0:{}s:10:\"\0*\0visible\";a:0:{}s:11:\"\0*\0fillable\";a:10:{i:0;s:5:\"tensp\";i:1;s:10:\"anhdaidien\";i:2;s:12:\"chuyenmuc_id\";i:3;s:4:\"mota\";i:4;s:7:\"hang_id\";i:5;s:10:\"danhmuc_id\";i:6;s:12:\"hinhanhkhac1\";i:7;s:6:\"giamoi\";i:8;s:5:\"giacu\";i:9;s:9:\"trangthai\";}s:10:\"\0*\0guarded\";a:1:{i:0;s:1:\"*\";}}i:52;O:18:\"App\\Models\\SanPham\":33:{s:13:\"\0*\0connection\";s:5:\"mysql\";s:8:\"\0*\0table\";s:7:\"sanpham\";s:13:\"\0*\0primaryKey\";s:4:\"masp\";s:10:\"\0*\0keyType\";s:3:\"int\";s:12:\"incrementing\";b:1;s:7:\"\0*\0with\";a:0:{}s:12:\"\0*\0withCount\";a:0:{}s:19:\"preventsLazyLoading\";b:0;s:10:\"\0*\0perPage\";i:15;s:6:\"exists\";b:1;s:18:\"wasRecentlyCreated\";b:0;s:28:\"\0*\0escapeWhenCastingToString\";b:0;s:13:\"\0*\0attributes\";a:11:{s:4:\"masp\";i:156;s:5:\"tensp\";s:36:\"MacBook Pro 14-inch M3 (2023–2024)\";s:10:\"anhdaidien\";s:13:\"image_670.png\";s:4:\"mota\";s:348:\"MacBook Pro M3 mang lại hiệu năng vượt trội cho công việc đồ họa 2D/3D nhẹ và edit video. Màn hình Liquid Retina XDR sáng và chuẩn màu. Pin lâu, máy êm và thiết kế cao cấp. SSD tốc độ cao giúp mở ứng dụng nhanh. Phù hợp người làm sáng tạo cần hiệu năng mạnh trong thân máy nhỏ.\";s:12:\"hinhanhkhac1\";s:18:\"macbook-pro-m3.jpg\";s:6:\"giamoi\";s:11:\"38990000.00\";s:5:\"giacu\";s:11:\"44838500.00\";s:9:\"trangthai\";i:1;s:7:\"hang_id\";i:1;s:10:\"danhmuc_id\";i:2;s:12:\"chuyenmuc_id\";i:3;}s:11:\"\0*\0original\";a:11:{s:4:\"masp\";i:156;s:5:\"tensp\";s:36:\"MacBook Pro 14-inch M3 (2023–2024)\";s:10:\"anhdaidien\";s:13:\"image_670.png\";s:4:\"mota\";s:348:\"MacBook Pro M3 mang lại hiệu năng vượt trội cho công việc đồ họa 2D/3D nhẹ và edit video. Màn hình Liquid Retina XDR sáng và chuẩn màu. Pin lâu, máy êm và thiết kế cao cấp. SSD tốc độ cao giúp mở ứng dụng nhanh. Phù hợp người làm sáng tạo cần hiệu năng mạnh trong thân máy nhỏ.\";s:12:\"hinhanhkhac1\";s:18:\"macbook-pro-m3.jpg\";s:6:\"giamoi\";s:11:\"38990000.00\";s:5:\"giacu\";s:11:\"44838500.00\";s:9:\"trangthai\";i:1;s:7:\"hang_id\";i:1;s:10:\"danhmuc_id\";i:2;s:12:\"chuyenmuc_id\";i:3;}s:10:\"\0*\0changes\";a:0:{}s:11:\"\0*\0previous\";a:0:{}s:8:\"\0*\0casts\";a:2:{s:6:\"giamoi\";s:9:\"decimal:2\";s:5:\"giacu\";s:9:\"decimal:2\";}s:17:\"\0*\0classCastCache\";a:0:{}s:21:\"\0*\0attributeCastCache\";a:0:{}s:13:\"\0*\0dateFormat\";N;s:10:\"\0*\0appends\";a:0:{}s:19:\"\0*\0dispatchesEvents\";a:0:{}s:14:\"\0*\0observables\";a:0:{}s:12:\"\0*\0relations\";a:1:{s:4:\"hang\";r:1076;}s:10:\"\0*\0touches\";a:0:{}s:27:\"\0*\0relationAutoloadCallback\";N;s:26:\"\0*\0relationAutoloadContext\";N;s:10:\"timestamps\";b:0;s:13:\"usesUniqueIds\";b:0;s:9:\"\0*\0hidden\";a:0:{}s:10:\"\0*\0visible\";a:0:{}s:11:\"\0*\0fillable\";a:10:{i:0;s:5:\"tensp\";i:1;s:10:\"anhdaidien\";i:2;s:12:\"chuyenmuc_id\";i:3;s:4:\"mota\";i:4;s:7:\"hang_id\";i:5;s:10:\"danhmuc_id\";i:6;s:12:\"hinhanhkhac1\";i:7;s:6:\"giamoi\";i:8;s:5:\"giacu\";i:9;s:9:\"trangthai\";}s:10:\"\0*\0guarded\";a:1:{i:0;s:1:\"*\";}}i:53;O:18:\"App\\Models\\SanPham\":33:{s:13:\"\0*\0connection\";s:5:\"mysql\";s:8:\"\0*\0table\";s:7:\"sanpham\";s:13:\"\0*\0primaryKey\";s:4:\"masp\";s:10:\"\0*\0keyType\";s:3:\"int\";s:12:\"incrementing\";b:1;s:7:\"\0*\0with\";a:0:{}s:12:\"\0*\0withCount\";a:0:{}s:19:\"preventsLazyLoading\";b:0;s:10:\"\0*\0perPage\";i:15;s:6:\"exists\";b:1;s:18:\"wasRecentlyCreated\";b:0;s:28:\"\0*\0escapeWhenCastingToString\";b:0;s:13:\"\0*\0attributes\";a:11:{s:4:\"masp\";i:166;s:5:\"tensp\";s:36:\"MacBook Pro 14-inch M3 (2023–2024)\";s:10:\"anhdaidien\";s:13:\"image_549.png\";s:4:\"mota\";s:348:\"MacBook Pro M3 mang lại hiệu năng vượt trội cho công việc đồ họa 2D/3D nhẹ và edit video. Màn hình Liquid Retina XDR sáng và chuẩn màu. Pin lâu, máy êm và thiết kế cao cấp. SSD tốc độ cao giúp mở ứng dụng nhanh. Phù hợp người làm sáng tạo cần hiệu năng mạnh trong thân máy nhỏ.\";s:12:\"hinhanhkhac1\";s:18:\"macbook-pro-m3.jpg\";s:6:\"giamoi\";s:11:\"38990000.00\";s:5:\"giacu\";s:11:\"44838500.00\";s:9:\"trangthai\";i:1;s:7:\"hang_id\";i:1;s:10:\"danhmuc_id\";i:15;s:12:\"chuyenmuc_id\";i:1;}s:11:\"\0*\0original\";a:11:{s:4:\"masp\";i:166;s:5:\"tensp\";s:36:\"MacBook Pro 14-inch M3 (2023–2024)\";s:10:\"anhdaidien\";s:13:\"image_549.png\";s:4:\"mota\";s:348:\"MacBook Pro M3 mang lại hiệu năng vượt trội cho công việc đồ họa 2D/3D nhẹ và edit video. Màn hình Liquid Retina XDR sáng và chuẩn màu. Pin lâu, máy êm và thiết kế cao cấp. SSD tốc độ cao giúp mở ứng dụng nhanh. Phù hợp người làm sáng tạo cần hiệu năng mạnh trong thân máy nhỏ.\";s:12:\"hinhanhkhac1\";s:18:\"macbook-pro-m3.jpg\";s:6:\"giamoi\";s:11:\"38990000.00\";s:5:\"giacu\";s:11:\"44838500.00\";s:9:\"trangthai\";i:1;s:7:\"hang_id\";i:1;s:10:\"danhmuc_id\";i:15;s:12:\"chuyenmuc_id\";i:1;}s:10:\"\0*\0changes\";a:0:{}s:11:\"\0*\0previous\";a:0:{}s:8:\"\0*\0casts\";a:2:{s:6:\"giamoi\";s:9:\"decimal:2\";s:5:\"giacu\";s:9:\"decimal:2\";}s:17:\"\0*\0classCastCache\";a:0:{}s:21:\"\0*\0attributeCastCache\";a:0:{}s:13:\"\0*\0dateFormat\";N;s:10:\"\0*\0appends\";a:0:{}s:19:\"\0*\0dispatchesEvents\";a:0:{}s:14:\"\0*\0observables\";a:0:{}s:12:\"\0*\0relations\";a:1:{s:4:\"hang\";r:1076;}s:10:\"\0*\0touches\";a:0:{}s:27:\"\0*\0relationAutoloadCallback\";N;s:26:\"\0*\0relationAutoloadContext\";N;s:10:\"timestamps\";b:0;s:13:\"usesUniqueIds\";b:0;s:9:\"\0*\0hidden\";a:0:{}s:10:\"\0*\0visible\";a:0:{}s:11:\"\0*\0fillable\";a:10:{i:0;s:5:\"tensp\";i:1;s:10:\"anhdaidien\";i:2;s:12:\"chuyenmuc_id\";i:3;s:4:\"mota\";i:4;s:7:\"hang_id\";i:5;s:10:\"danhmuc_id\";i:6;s:12:\"hinhanhkhac1\";i:7;s:6:\"giamoi\";i:8;s:5:\"giacu\";i:9;s:9:\"trangthai\";}s:10:\"\0*\0guarded\";a:1:{i:0;s:1:\"*\";}}i:54;O:18:\"App\\Models\\SanPham\":33:{s:13:\"\0*\0connection\";s:5:\"mysql\";s:8:\"\0*\0table\";s:7:\"sanpham\";s:13:\"\0*\0primaryKey\";s:4:\"masp\";s:10:\"\0*\0keyType\";s:3:\"int\";s:12:\"incrementing\";b:1;s:7:\"\0*\0with\";a:0:{}s:12:\"\0*\0withCount\";a:0:{}s:19:\"preventsLazyLoading\";b:0;s:10:\"\0*\0perPage\";i:15;s:6:\"exists\";b:1;s:18:\"wasRecentlyCreated\";b:0;s:28:\"\0*\0escapeWhenCastingToString\";b:0;s:13:\"\0*\0attributes\";a:11:{s:4:\"masp\";i:176;s:5:\"tensp\";s:36:\"MacBook Pro 14-inch M3 (2023–2024)\";s:10:\"anhdaidien\";s:13:\"image_585.png\";s:4:\"mota\";s:348:\"MacBook Pro M3 mang lại hiệu năng vượt trội cho công việc đồ họa 2D/3D nhẹ và edit video. Màn hình Liquid Retina XDR sáng và chuẩn màu. Pin lâu, máy êm và thiết kế cao cấp. SSD tốc độ cao giúp mở ứng dụng nhanh. Phù hợp người làm sáng tạo cần hiệu năng mạnh trong thân máy nhỏ.\";s:12:\"hinhanhkhac1\";s:18:\"macbook-pro-m3.jpg\";s:6:\"giamoi\";s:11:\"38990000.00\";s:5:\"giacu\";s:11:\"44838500.00\";s:9:\"trangthai\";i:1;s:7:\"hang_id\";i:1;s:10:\"danhmuc_id\";i:2;s:12:\"chuyenmuc_id\";i:3;}s:11:\"\0*\0original\";a:11:{s:4:\"masp\";i:176;s:5:\"tensp\";s:36:\"MacBook Pro 14-inch M3 (2023–2024)\";s:10:\"anhdaidien\";s:13:\"image_585.png\";s:4:\"mota\";s:348:\"MacBook Pro M3 mang lại hiệu năng vượt trội cho công việc đồ họa 2D/3D nhẹ và edit video. Màn hình Liquid Retina XDR sáng và chuẩn màu. Pin lâu, máy êm và thiết kế cao cấp. SSD tốc độ cao giúp mở ứng dụng nhanh. Phù hợp người làm sáng tạo cần hiệu năng mạnh trong thân máy nhỏ.\";s:12:\"hinhanhkhac1\";s:18:\"macbook-pro-m3.jpg\";s:6:\"giamoi\";s:11:\"38990000.00\";s:5:\"giacu\";s:11:\"44838500.00\";s:9:\"trangthai\";i:1;s:7:\"hang_id\";i:1;s:10:\"danhmuc_id\";i:2;s:12:\"chuyenmuc_id\";i:3;}s:10:\"\0*\0changes\";a:0:{}s:11:\"\0*\0previous\";a:0:{}s:8:\"\0*\0casts\";a:2:{s:6:\"giamoi\";s:9:\"decimal:2\";s:5:\"giacu\";s:9:\"decimal:2\";}s:17:\"\0*\0classCastCache\";a:0:{}s:21:\"\0*\0attributeCastCache\";a:0:{}s:13:\"\0*\0dateFormat\";N;s:10:\"\0*\0appends\";a:0:{}s:19:\"\0*\0dispatchesEvents\";a:0:{}s:14:\"\0*\0observables\";a:0:{}s:12:\"\0*\0relations\";a:1:{s:4:\"hang\";r:1076;}s:10:\"\0*\0touches\";a:0:{}s:27:\"\0*\0relationAutoloadCallback\";N;s:26:\"\0*\0relationAutoloadContext\";N;s:10:\"timestamps\";b:0;s:13:\"usesUniqueIds\";b:0;s:9:\"\0*\0hidden\";a:0:{}s:10:\"\0*\0visible\";a:0:{}s:11:\"\0*\0fillable\";a:10:{i:0;s:5:\"tensp\";i:1;s:10:\"anhdaidien\";i:2;s:12:\"chuyenmuc_id\";i:3;s:4:\"mota\";i:4;s:7:\"hang_id\";i:5;s:10:\"danhmuc_id\";i:6;s:12:\"hinhanhkhac1\";i:7;s:6:\"giamoi\";i:8;s:5:\"giacu\";i:9;s:9:\"trangthai\";}s:10:\"\0*\0guarded\";a:1:{i:0;s:1:\"*\";}}i:55;O:18:\"App\\Models\\SanPham\":33:{s:13:\"\0*\0connection\";s:5:\"mysql\";s:8:\"\0*\0table\";s:7:\"sanpham\";s:13:\"\0*\0primaryKey\";s:4:\"masp\";s:10:\"\0*\0keyType\";s:3:\"int\";s:12:\"incrementing\";b:1;s:7:\"\0*\0with\";a:0:{}s:12:\"\0*\0withCount\";a:0:{}s:19:\"preventsLazyLoading\";b:0;s:10:\"\0*\0perPage\";i:15;s:6:\"exists\";b:1;s:18:\"wasRecentlyCreated\";b:0;s:28:\"\0*\0escapeWhenCastingToString\";b:0;s:13:\"\0*\0attributes\";a:11:{s:4:\"masp\";i:104;s:5:\"tensp\";s:28:\"Gigabyte Aorus 15 BSF (2023)\";s:10:\"anhdaidien\";s:13:\"image_357.png\";s:4:\"mota\";s:291:\"Gigabyte Aorus 15 BSF dùng i7-13700H và RTX 4070, mang lại hiệu năng mạnh cho gaming và đồ họa. Màn hình FHD 360Hz cho độ mượt cực cao. Tản nhiệt WINDFORCE 4 giữ máy ổn định. Thiết kế nam tính, phù hợp game thủ yêu cầu tốc độ quét cao.\";s:12:\"hinhanhkhac1\";s:11:\"aorus15.jpg\";s:6:\"giamoi\";s:11:\"43990000.00\";s:5:\"giacu\";s:11:\"50588500.00\";s:9:\"trangthai\";i:1;s:7:\"hang_id\";i:19;s:10:\"danhmuc_id\";i:18;s:12:\"chuyenmuc_id\";i:3;}s:11:\"\0*\0original\";a:11:{s:4:\"masp\";i:104;s:5:\"tensp\";s:28:\"Gigabyte Aorus 15 BSF (2023)\";s:10:\"anhdaidien\";s:13:\"image_357.png\";s:4:\"mota\";s:291:\"Gigabyte Aorus 15 BSF dùng i7-13700H và RTX 4070, mang lại hiệu năng mạnh cho gaming và đồ họa. Màn hình FHD 360Hz cho độ mượt cực cao. Tản nhiệt WINDFORCE 4 giữ máy ổn định. Thiết kế nam tính, phù hợp game thủ yêu cầu tốc độ quét cao.\";s:12:\"hinhanhkhac1\";s:11:\"aorus15.jpg\";s:6:\"giamoi\";s:11:\"43990000.00\";s:5:\"giacu\";s:11:\"50588500.00\";s:9:\"trangthai\";i:1;s:7:\"hang_id\";i:19;s:10:\"danhmuc_id\";i:18;s:12:\"chuyenmuc_id\";i:3;}s:10:\"\0*\0changes\";a:0:{}s:11:\"\0*\0previous\";a:0:{}s:8:\"\0*\0casts\";a:2:{s:6:\"giamoi\";s:9:\"decimal:2\";s:5:\"giacu\";s:9:\"decimal:2\";}s:17:\"\0*\0classCastCache\";a:0:{}s:21:\"\0*\0attributeCastCache\";a:0:{}s:13:\"\0*\0dateFormat\";N;s:10:\"\0*\0appends\";a:0:{}s:19:\"\0*\0dispatchesEvents\";a:0:{}s:14:\"\0*\0observables\";a:0:{}s:12:\"\0*\0relations\";a:1:{s:4:\"hang\";r:1682;}s:10:\"\0*\0touches\";a:0:{}s:27:\"\0*\0relationAutoloadCallback\";N;s:26:\"\0*\0relationAutoloadContext\";N;s:10:\"timestamps\";b:0;s:13:\"usesUniqueIds\";b:0;s:9:\"\0*\0hidden\";a:0:{}s:10:\"\0*\0visible\";a:0:{}s:11:\"\0*\0fillable\";a:10:{i:0;s:5:\"tensp\";i:1;s:10:\"anhdaidien\";i:2;s:12:\"chuyenmuc_id\";i:3;s:4:\"mota\";i:4;s:7:\"hang_id\";i:5;s:10:\"danhmuc_id\";i:6;s:12:\"hinhanhkhac1\";i:7;s:6:\"giamoi\";i:8;s:5:\"giacu\";i:9;s:9:\"trangthai\";}s:10:\"\0*\0guarded\";a:1:{i:0;s:1:\"*\";}}i:56;O:18:\"App\\Models\\SanPham\":33:{s:13:\"\0*\0connection\";s:5:\"mysql\";s:8:\"\0*\0table\";s:7:\"sanpham\";s:13:\"\0*\0primaryKey\";s:4:\"masp\";s:10:\"\0*\0keyType\";s:3:\"int\";s:12:\"incrementing\";b:1;s:7:\"\0*\0with\";a:0:{}s:12:\"\0*\0withCount\";a:0:{}s:19:\"preventsLazyLoading\";b:0;s:10:\"\0*\0perPage\";i:15;s:6:\"exists\";b:1;s:18:\"wasRecentlyCreated\";b:0;s:28:\"\0*\0escapeWhenCastingToString\";b:0;s:13:\"\0*\0attributes\";a:11:{s:4:\"masp\";i:114;s:5:\"tensp\";s:28:\"Gigabyte Aorus 15 BSF (2023)\";s:10:\"anhdaidien\";s:13:\"image_517.png\";s:4:\"mota\";s:291:\"Gigabyte Aorus 15 BSF dùng i7-13700H và RTX 4070, mang lại hiệu năng mạnh cho gaming và đồ họa. Màn hình FHD 360Hz cho độ mượt cực cao. Tản nhiệt WINDFORCE 4 giữ máy ổn định. Thiết kế nam tính, phù hợp game thủ yêu cầu tốc độ quét cao.\";s:12:\"hinhanhkhac1\";s:11:\"aorus15.jpg\";s:6:\"giamoi\";s:11:\"43990000.00\";s:5:\"giacu\";s:11:\"50588500.00\";s:9:\"trangthai\";i:1;s:7:\"hang_id\";i:19;s:10:\"danhmuc_id\";i:18;s:12:\"chuyenmuc_id\";i:1;}s:11:\"\0*\0original\";a:11:{s:4:\"masp\";i:114;s:5:\"tensp\";s:28:\"Gigabyte Aorus 15 BSF (2023)\";s:10:\"anhdaidien\";s:13:\"image_517.png\";s:4:\"mota\";s:291:\"Gigabyte Aorus 15 BSF dùng i7-13700H và RTX 4070, mang lại hiệu năng mạnh cho gaming và đồ họa. Màn hình FHD 360Hz cho độ mượt cực cao. Tản nhiệt WINDFORCE 4 giữ máy ổn định. Thiết kế nam tính, phù hợp game thủ yêu cầu tốc độ quét cao.\";s:12:\"hinhanhkhac1\";s:11:\"aorus15.jpg\";s:6:\"giamoi\";s:11:\"43990000.00\";s:5:\"giacu\";s:11:\"50588500.00\";s:9:\"trangthai\";i:1;s:7:\"hang_id\";i:19;s:10:\"danhmuc_id\";i:18;s:12:\"chuyenmuc_id\";i:1;}s:10:\"\0*\0changes\";a:0:{}s:11:\"\0*\0previous\";a:0:{}s:8:\"\0*\0casts\";a:2:{s:6:\"giamoi\";s:9:\"decimal:2\";s:5:\"giacu\";s:9:\"decimal:2\";}s:17:\"\0*\0classCastCache\";a:0:{}s:21:\"\0*\0attributeCastCache\";a:0:{}s:13:\"\0*\0dateFormat\";N;s:10:\"\0*\0appends\";a:0:{}s:19:\"\0*\0dispatchesEvents\";a:0:{}s:14:\"\0*\0observables\";a:0:{}s:12:\"\0*\0relations\";a:1:{s:4:\"hang\";r:1682;}s:10:\"\0*\0touches\";a:0:{}s:27:\"\0*\0relationAutoloadCallback\";N;s:26:\"\0*\0relationAutoloadContext\";N;s:10:\"timestamps\";b:0;s:13:\"usesUniqueIds\";b:0;s:9:\"\0*\0hidden\";a:0:{}s:10:\"\0*\0visible\";a:0:{}s:11:\"\0*\0fillable\";a:10:{i:0;s:5:\"tensp\";i:1;s:10:\"anhdaidien\";i:2;s:12:\"chuyenmuc_id\";i:3;s:4:\"mota\";i:4;s:7:\"hang_id\";i:5;s:10:\"danhmuc_id\";i:6;s:12:\"hinhanhkhac1\";i:7;s:6:\"giamoi\";i:8;s:5:\"giacu\";i:9;s:9:\"trangthai\";}s:10:\"\0*\0guarded\";a:1:{i:0;s:1:\"*\";}}i:57;O:18:\"App\\Models\\SanPham\":33:{s:13:\"\0*\0connection\";s:5:\"mysql\";s:8:\"\0*\0table\";s:7:\"sanpham\";s:13:\"\0*\0primaryKey\";s:4:\"masp\";s:10:\"\0*\0keyType\";s:3:\"int\";s:12:\"incrementing\";b:1;s:7:\"\0*\0with\";a:0:{}s:12:\"\0*\0withCount\";a:0:{}s:19:\"preventsLazyLoading\";b:0;s:10:\"\0*\0perPage\";i:15;s:6:\"exists\";b:1;s:18:\"wasRecentlyCreated\";b:0;s:28:\"\0*\0escapeWhenCastingToString\";b:0;s:13:\"\0*\0attributes\";a:11:{s:4:\"masp\";i:124;s:5:\"tensp\";s:28:\"Gigabyte Aorus 15 BSF (2023)\";s:10:\"anhdaidien\";s:13:\"image_653.png\";s:4:\"mota\";s:291:\"Gigabyte Aorus 15 BSF dùng i7-13700H và RTX 4070, mang lại hiệu năng mạnh cho gaming và đồ họa. Màn hình FHD 360Hz cho độ mượt cực cao. Tản nhiệt WINDFORCE 4 giữ máy ổn định. Thiết kế nam tính, phù hợp game thủ yêu cầu tốc độ quét cao.\";s:12:\"hinhanhkhac1\";s:11:\"aorus15.jpg\";s:6:\"giamoi\";s:11:\"43990000.00\";s:5:\"giacu\";s:11:\"50588500.00\";s:9:\"trangthai\";i:1;s:7:\"hang_id\";i:19;s:10:\"danhmuc_id\";i:18;s:12:\"chuyenmuc_id\";i:3;}s:11:\"\0*\0original\";a:11:{s:4:\"masp\";i:124;s:5:\"tensp\";s:28:\"Gigabyte Aorus 15 BSF (2023)\";s:10:\"anhdaidien\";s:13:\"image_653.png\";s:4:\"mota\";s:291:\"Gigabyte Aorus 15 BSF dùng i7-13700H và RTX 4070, mang lại hiệu năng mạnh cho gaming và đồ họa. Màn hình FHD 360Hz cho độ mượt cực cao. Tản nhiệt WINDFORCE 4 giữ máy ổn định. Thiết kế nam tính, phù hợp game thủ yêu cầu tốc độ quét cao.\";s:12:\"hinhanhkhac1\";s:11:\"aorus15.jpg\";s:6:\"giamoi\";s:11:\"43990000.00\";s:5:\"giacu\";s:11:\"50588500.00\";s:9:\"trangthai\";i:1;s:7:\"hang_id\";i:19;s:10:\"danhmuc_id\";i:18;s:12:\"chuyenmuc_id\";i:3;}s:10:\"\0*\0changes\";a:0:{}s:11:\"\0*\0previous\";a:0:{}s:8:\"\0*\0casts\";a:2:{s:6:\"giamoi\";s:9:\"decimal:2\";s:5:\"giacu\";s:9:\"decimal:2\";}s:17:\"\0*\0classCastCache\";a:0:{}s:21:\"\0*\0attributeCastCache\";a:0:{}s:13:\"\0*\0dateFormat\";N;s:10:\"\0*\0appends\";a:0:{}s:19:\"\0*\0dispatchesEvents\";a:0:{}s:14:\"\0*\0observables\";a:0:{}s:12:\"\0*\0relations\";a:1:{s:4:\"hang\";r:1682;}s:10:\"\0*\0touches\";a:0:{}s:27:\"\0*\0relationAutoloadCallback\";N;s:26:\"\0*\0relationAutoloadContext\";N;s:10:\"timestamps\";b:0;s:13:\"usesUniqueIds\";b:0;s:9:\"\0*\0hidden\";a:0:{}s:10:\"\0*\0visible\";a:0:{}s:11:\"\0*\0fillable\";a:10:{i:0;s:5:\"tensp\";i:1;s:10:\"anhdaidien\";i:2;s:12:\"chuyenmuc_id\";i:3;s:4:\"mota\";i:4;s:7:\"hang_id\";i:5;s:10:\"danhmuc_id\";i:6;s:12:\"hinhanhkhac1\";i:7;s:6:\"giamoi\";i:8;s:5:\"giacu\";i:9;s:9:\"trangthai\";}s:10:\"\0*\0guarded\";a:1:{i:0;s:1:\"*\";}}i:58;O:18:\"App\\Models\\SanPham\":33:{s:13:\"\0*\0connection\";s:5:\"mysql\";s:8:\"\0*\0table\";s:7:\"sanpham\";s:13:\"\0*\0primaryKey\";s:4:\"masp\";s:10:\"\0*\0keyType\";s:3:\"int\";s:12:\"incrementing\";b:1;s:7:\"\0*\0with\";a:0:{}s:12:\"\0*\0withCount\";a:0:{}s:19:\"preventsLazyLoading\";b:0;s:10:\"\0*\0perPage\";i:15;s:6:\"exists\";b:1;s:18:\"wasRecentlyCreated\";b:0;s:28:\"\0*\0escapeWhenCastingToString\";b:0;s:13:\"\0*\0attributes\";a:11:{s:4:\"masp\";i:134;s:5:\"tensp\";s:28:\"Gigabyte Aorus 15 BSF (2023)\";s:10:\"anhdaidien\";s:13:\"image_354.png\";s:4:\"mota\";s:291:\"Gigabyte Aorus 15 BSF dùng i7-13700H và RTX 4070, mang lại hiệu năng mạnh cho gaming và đồ họa. Màn hình FHD 360Hz cho độ mượt cực cao. Tản nhiệt WINDFORCE 4 giữ máy ổn định. Thiết kế nam tính, phù hợp game thủ yêu cầu tốc độ quét cao.\";s:12:\"hinhanhkhac1\";s:11:\"aorus15.jpg\";s:6:\"giamoi\";s:11:\"43990000.00\";s:5:\"giacu\";s:11:\"50588500.00\";s:9:\"trangthai\";i:1;s:7:\"hang_id\";i:19;s:10:\"danhmuc_id\";i:18;s:12:\"chuyenmuc_id\";i:1;}s:11:\"\0*\0original\";a:11:{s:4:\"masp\";i:134;s:5:\"tensp\";s:28:\"Gigabyte Aorus 15 BSF (2023)\";s:10:\"anhdaidien\";s:13:\"image_354.png\";s:4:\"mota\";s:291:\"Gigabyte Aorus 15 BSF dùng i7-13700H và RTX 4070, mang lại hiệu năng mạnh cho gaming và đồ họa. Màn hình FHD 360Hz cho độ mượt cực cao. Tản nhiệt WINDFORCE 4 giữ máy ổn định. Thiết kế nam tính, phù hợp game thủ yêu cầu tốc độ quét cao.\";s:12:\"hinhanhkhac1\";s:11:\"aorus15.jpg\";s:6:\"giamoi\";s:11:\"43990000.00\";s:5:\"giacu\";s:11:\"50588500.00\";s:9:\"trangthai\";i:1;s:7:\"hang_id\";i:19;s:10:\"danhmuc_id\";i:18;s:12:\"chuyenmuc_id\";i:1;}s:10:\"\0*\0changes\";a:0:{}s:11:\"\0*\0previous\";a:0:{}s:8:\"\0*\0casts\";a:2:{s:6:\"giamoi\";s:9:\"decimal:2\";s:5:\"giacu\";s:9:\"decimal:2\";}s:17:\"\0*\0classCastCache\";a:0:{}s:21:\"\0*\0attributeCastCache\";a:0:{}s:13:\"\0*\0dateFormat\";N;s:10:\"\0*\0appends\";a:0:{}s:19:\"\0*\0dispatchesEvents\";a:0:{}s:14:\"\0*\0observables\";a:0:{}s:12:\"\0*\0relations\";a:1:{s:4:\"hang\";r:1682;}s:10:\"\0*\0touches\";a:0:{}s:27:\"\0*\0relationAutoloadCallback\";N;s:26:\"\0*\0relationAutoloadContext\";N;s:10:\"timestamps\";b:0;s:13:\"usesUniqueIds\";b:0;s:9:\"\0*\0hidden\";a:0:{}s:10:\"\0*\0visible\";a:0:{}s:11:\"\0*\0fillable\";a:10:{i:0;s:5:\"tensp\";i:1;s:10:\"anhdaidien\";i:2;s:12:\"chuyenmuc_id\";i:3;s:4:\"mota\";i:4;s:7:\"hang_id\";i:5;s:10:\"danhmuc_id\";i:6;s:12:\"hinhanhkhac1\";i:7;s:6:\"giamoi\";i:8;s:5:\"giacu\";i:9;s:9:\"trangthai\";}s:10:\"\0*\0guarded\";a:1:{i:0;s:1:\"*\";}}i:59;O:18:\"App\\Models\\SanPham\":33:{s:13:\"\0*\0connection\";s:5:\"mysql\";s:8:\"\0*\0table\";s:7:\"sanpham\";s:13:\"\0*\0primaryKey\";s:4:\"masp\";s:10:\"\0*\0keyType\";s:3:\"int\";s:12:\"incrementing\";b:1;s:7:\"\0*\0with\";a:0:{}s:12:\"\0*\0withCount\";a:0:{}s:19:\"preventsLazyLoading\";b:0;s:10:\"\0*\0perPage\";i:15;s:6:\"exists\";b:1;s:18:\"wasRecentlyCreated\";b:0;s:28:\"\0*\0escapeWhenCastingToString\";b:0;s:13:\"\0*\0attributes\";a:11:{s:4:\"masp\";i:144;s:5:\"tensp\";s:28:\"Gigabyte Aorus 15 BSF (2023)\";s:10:\"anhdaidien\";s:13:\"image_353.png\";s:4:\"mota\";s:291:\"Gigabyte Aorus 15 BSF dùng i7-13700H và RTX 4070, mang lại hiệu năng mạnh cho gaming và đồ họa. Màn hình FHD 360Hz cho độ mượt cực cao. Tản nhiệt WINDFORCE 4 giữ máy ổn định. Thiết kế nam tính, phù hợp game thủ yêu cầu tốc độ quét cao.\";s:12:\"hinhanhkhac1\";s:11:\"aorus15.jpg\";s:6:\"giamoi\";s:11:\"43990000.00\";s:5:\"giacu\";s:11:\"50588500.00\";s:9:\"trangthai\";i:1;s:7:\"hang_id\";i:19;s:10:\"danhmuc_id\";i:18;s:12:\"chuyenmuc_id\";i:3;}s:11:\"\0*\0original\";a:11:{s:4:\"masp\";i:144;s:5:\"tensp\";s:28:\"Gigabyte Aorus 15 BSF (2023)\";s:10:\"anhdaidien\";s:13:\"image_353.png\";s:4:\"mota\";s:291:\"Gigabyte Aorus 15 BSF dùng i7-13700H và RTX 4070, mang lại hiệu năng mạnh cho gaming và đồ họa. Màn hình FHD 360Hz cho độ mượt cực cao. Tản nhiệt WINDFORCE 4 giữ máy ổn định. Thiết kế nam tính, phù hợp game thủ yêu cầu tốc độ quét cao.\";s:12:\"hinhanhkhac1\";s:11:\"aorus15.jpg\";s:6:\"giamoi\";s:11:\"43990000.00\";s:5:\"giacu\";s:11:\"50588500.00\";s:9:\"trangthai\";i:1;s:7:\"hang_id\";i:19;s:10:\"danhmuc_id\";i:18;s:12:\"chuyenmuc_id\";i:3;}s:10:\"\0*\0changes\";a:0:{}s:11:\"\0*\0previous\";a:0:{}s:8:\"\0*\0casts\";a:2:{s:6:\"giamoi\";s:9:\"decimal:2\";s:5:\"giacu\";s:9:\"decimal:2\";}s:17:\"\0*\0classCastCache\";a:0:{}s:21:\"\0*\0attributeCastCache\";a:0:{}s:13:\"\0*\0dateFormat\";N;s:10:\"\0*\0appends\";a:0:{}s:19:\"\0*\0dispatchesEvents\";a:0:{}s:14:\"\0*\0observables\";a:0:{}s:12:\"\0*\0relations\";a:1:{s:4:\"hang\";r:1682;}s:10:\"\0*\0touches\";a:0:{}s:27:\"\0*\0relationAutoloadCallback\";N;s:26:\"\0*\0relationAutoloadContext\";N;s:10:\"timestamps\";b:0;s:13:\"usesUniqueIds\";b:0;s:9:\"\0*\0hidden\";a:0:{}s:10:\"\0*\0visible\";a:0:{}s:11:\"\0*\0fillable\";a:10:{i:0;s:5:\"tensp\";i:1;s:10:\"anhdaidien\";i:2;s:12:\"chuyenmuc_id\";i:3;s:4:\"mota\";i:4;s:7:\"hang_id\";i:5;s:10:\"danhmuc_id\";i:6;s:12:\"hinhanhkhac1\";i:7;s:6:\"giamoi\";i:8;s:5:\"giacu\";i:9;s:9:\"trangthai\";}s:10:\"\0*\0guarded\";a:1:{i:0;s:1:\"*\";}}i:60;O:18:\"App\\Models\\SanPham\":33:{s:13:\"\0*\0connection\";s:5:\"mysql\";s:8:\"\0*\0table\";s:7:\"sanpham\";s:13:\"\0*\0primaryKey\";s:4:\"masp\";s:10:\"\0*\0keyType\";s:3:\"int\";s:12:\"incrementing\";b:1;s:7:\"\0*\0with\";a:0:{}s:12:\"\0*\0withCount\";a:0:{}s:19:\"preventsLazyLoading\";b:0;s:10:\"\0*\0perPage\";i:15;s:6:\"exists\";b:1;s:18:\"wasRecentlyCreated\";b:0;s:28:\"\0*\0escapeWhenCastingToString\";b:0;s:13:\"\0*\0attributes\";a:11:{s:4:\"masp\";i:9;s:5:\"tensp\";s:26:\"MSI Stealth 17 GS77 (2023)\";s:10:\"anhdaidien\";s:18:\"MSI-Stealth-17.jpg\";s:4:\"mota\";s:336:\"MSI Stealth 17 GS77 trang bị i7-13700HX và RTX 4070, mang lại hiệu năng mạnh mẽ cho gaming và sáng tạo nội dung. Màn hình 17 inch QHD+ 240Hz sắc nét và mượt. Thiết kế mỏng nhẹ hơn laptop gaming truyền thống, cùng tản nhiệt hiệu quả. RAM và SSD dung lượng lớn cho đa nhiệm tốt.\";s:12:\"hinhanhkhac1\";s:18:\"MSI-Stealth-17.jpg\";s:6:\"giamoi\";s:11:\"45990000.00\";s:5:\"giacu\";s:11:\"52888500.00\";s:9:\"trangthai\";i:1;s:7:\"hang_id\";i:21;s:10:\"danhmuc_id\";i:18;s:12:\"chuyenmuc_id\";i:3;}s:11:\"\0*\0original\";a:11:{s:4:\"masp\";i:9;s:5:\"tensp\";s:26:\"MSI Stealth 17 GS77 (2023)\";s:10:\"anhdaidien\";s:18:\"MSI-Stealth-17.jpg\";s:4:\"mota\";s:336:\"MSI Stealth 17 GS77 trang bị i7-13700HX và RTX 4070, mang lại hiệu năng mạnh mẽ cho gaming và sáng tạo nội dung. Màn hình 17 inch QHD+ 240Hz sắc nét và mượt. Thiết kế mỏng nhẹ hơn laptop gaming truyền thống, cùng tản nhiệt hiệu quả. RAM và SSD dung lượng lớn cho đa nhiệm tốt.\";s:12:\"hinhanhkhac1\";s:18:\"MSI-Stealth-17.jpg\";s:6:\"giamoi\";s:11:\"45990000.00\";s:5:\"giacu\";s:11:\"52888500.00\";s:9:\"trangthai\";i:1;s:7:\"hang_id\";i:21;s:10:\"danhmuc_id\";i:18;s:12:\"chuyenmuc_id\";i:3;}s:10:\"\0*\0changes\";a:0:{}s:11:\"\0*\0previous\";a:0:{}s:8:\"\0*\0casts\";a:2:{s:6:\"giamoi\";s:9:\"decimal:2\";s:5:\"giacu\";s:9:\"decimal:2\";}s:17:\"\0*\0classCastCache\";a:0:{}s:21:\"\0*\0attributeCastCache\";a:0:{}s:13:\"\0*\0dateFormat\";N;s:10:\"\0*\0appends\";a:0:{}s:19:\"\0*\0dispatchesEvents\";a:0:{}s:14:\"\0*\0observables\";a:0:{}s:12:\"\0*\0relations\";a:1:{s:4:\"hang\";r:1798;}s:10:\"\0*\0touches\";a:0:{}s:27:\"\0*\0relationAutoloadCallback\";N;s:26:\"\0*\0relationAutoloadContext\";N;s:10:\"timestamps\";b:0;s:13:\"usesUniqueIds\";b:0;s:9:\"\0*\0hidden\";a:0:{}s:10:\"\0*\0visible\";a:0:{}s:11:\"\0*\0fillable\";a:10:{i:0;s:5:\"tensp\";i:1;s:10:\"anhdaidien\";i:2;s:12:\"chuyenmuc_id\";i:3;s:4:\"mota\";i:4;s:7:\"hang_id\";i:5;s:10:\"danhmuc_id\";i:6;s:12:\"hinhanhkhac1\";i:7;s:6:\"giamoi\";i:8;s:5:\"giacu\";i:9;s:9:\"trangthai\";}s:10:\"\0*\0guarded\";a:1:{i:0;s:1:\"*\";}}}s:28:\"\0*\0escapeWhenCastingToString\";b:0;}', 1763024903);

-- --------------------------------------------------------

--
-- Cấu trúc bảng cho bảng `cache_locks`
--

CREATE TABLE `cache_locks` (
  `key` varchar(255) NOT NULL,
  `owner` varchar(255) NOT NULL,
  `expiration` int(11) NOT NULL
) ENGINE=InnoDB DEFAULT CHARSET=utf8mb4 COLLATE=utf8mb4_unicode_ci;

-- --------------------------------------------------------

--
-- Cấu trúc bảng cho bảng `chitiet_donhang`
--

CREATE TABLE `chitiet_donhang` (
  `id` bigint(20) UNSIGNED NOT NULL,
  `donhang_id` bigint(20) UNSIGNED NOT NULL,
  `sanpham_id` int(10) UNSIGNED NOT NULL,
  `so_luong` int(11) NOT NULL DEFAULT 1,
  `don_gia` decimal(15,2) NOT NULL,
  `thanh_tien` decimal(15,2) NOT NULL,
  `created_at` timestamp NULL DEFAULT NULL,
  `updated_at` timestamp NULL DEFAULT NULL
) ENGINE=InnoDB DEFAULT CHARSET=utf8mb4 COLLATE=utf8mb4_unicode_ci;

--
-- Đang đổ dữ liệu cho bảng `chitiet_donhang`
--

INSERT INTO `chitiet_donhang` (`id`, `donhang_id`, `sanpham_id`, `so_luong`, `don_gia`, `thanh_tien`, `created_at`, `updated_at`) VALUES
(1, 11, 6, 5, 18990000.00, 94950000.00, '2025-11-06 17:50:37', '2025-11-06 17:50:37'),
(2, 12, 6, 2, 18990000.00, 37980000.00, '2025-11-06 18:29:26', '2025-11-06 18:29:26'),
(3, 13, 10, 2, 54970000.00, 109940000.00, '2025-11-06 19:20:28', '2025-11-06 19:20:28'),
(4, 14, 11, 1, 2000000000.00, 2000000000.00, '2025-11-06 20:03:09', '2025-11-06 20:03:09'),
(5, 15, 6, 2, 2000000000.00, 4000000000.00, '2025-11-06 20:09:00', '2025-11-06 20:09:00'),
(6, 16, 11, 1, 2000000000.00, 2000000000.00, '2025-11-06 20:14:27', '2025-11-06 20:14:27'),
(7, 17, 11, 1, 20000000.00, 20000000.00, '2025-11-06 20:20:22', '2025-11-06 20:20:22'),
(8, 18, 11, 1, 20000000.00, 20000000.00, '2025-11-06 20:21:53', '2025-11-06 20:21:53'),
(9, 19, 2, 2, 20000000.00, 40000000.00, '2025-11-08 11:29:55', '2025-11-08 11:29:55'),
(10, 20, 2, 1, 20000000.00, 20000000.00, '2025-11-08 16:41:13', '2025-11-08 16:41:13'),
(11, 20, 5, 1, 20000000.00, 20000000.00, '2025-11-08 16:41:13', '2025-11-08 16:41:13'),
(12, 20, 8, 1, 20000000.00, 20000000.00, '2025-11-08 16:41:13', '2025-11-08 16:41:13'),
(13, 21, 8, 1, 20000000.00, 20000000.00, '2025-11-08 17:31:10', '2025-11-08 17:31:10'),
(14, 22, 2, 1, 20000000.00, 20000000.00, '2025-11-08 17:43:08', '2025-11-08 17:43:08'),
(15, 23, 2, 1, 20000000.00, 20000000.00, '2025-11-08 17:46:57', '2025-11-08 17:46:57'),
(16, 24, 5, 1, 20000000.00, 20000000.00, '2025-11-08 17:59:07', '2025-11-08 17:59:07'),
(17, 25, 5, 1, 20000000.00, 20000000.00, '2025-11-08 18:00:04', '2025-11-08 18:00:04'),
(18, 26, 5, 1, 20000000.00, 20000000.00, '2025-11-08 18:01:44', '2025-11-08 18:01:44'),
(19, 27, 2, 1, 20490000.00, 20490000.00, '2025-11-11 10:01:43', '2025-11-11 10:01:43'),
(20, 28, 1, 1, 73990000.00, 73990000.00, '2025-11-11 10:11:04', '2025-11-11 10:11:04'),
(21, 29, 1, 1, 73990000.00, 73990000.00, '2025-11-11 10:16:38', '2025-11-11 10:16:38'),
(22, 30, 5, 2, 25490000.00, 50980000.00, '2025-11-11 10:30:42', '2025-11-11 10:30:42'),
(23, 30, 1, 1, 73990000.00, 73990000.00, '2025-11-11 10:30:42', '2025-11-11 10:30:42'),
(24, 31, 1, 2, 73990000.00, 147980000.00, '2025-11-11 10:43:42', '2025-11-11 10:43:42'),
(25, 32, 2, 1, 20490000.00, 20490000.00, '2025-11-12 07:35:21', '2025-11-12 07:35:21'),
(26, 33, 1, 1, 73990000.00, 73990000.00, '2025-11-12 11:35:30', '2025-11-12 11:35:30');

-- --------------------------------------------------------

--
-- Cấu trúc bảng cho bảng `chuyenmuc`
--

CREATE TABLE `chuyenmuc` (
  `id` bigint(20) UNSIGNED NOT NULL,
  `tenchuyenmuc` varchar(50) NOT NULL,
  `trangthai` int(11) NOT NULL DEFAULT 1
) ENGINE=InnoDB DEFAULT CHARSET=utf8mb4 COLLATE=utf8mb4_unicode_ci;

--
-- Đang đổ dữ liệu cho bảng `chuyenmuc`
--

INSERT INTO `chuyenmuc` (`id`, `tenchuyenmuc`, `trangthai`) VALUES
(1, 'top seller', 1),
(2, 'sản phẩm nổi bật', 1),
(3, 'sản phẩm đang khuyến mãi', 1),
(4, 'sản phẩm hot', 1);

-- --------------------------------------------------------

--
-- Cấu trúc bảng cho bảng `danhmuc`
--

CREATE TABLE `danhmuc` (
  `id` bigint(20) UNSIGNED NOT NULL,
  `tendanhmuc` varchar(255) DEFAULT NULL,
  `hinhanh` varchar(255) NOT NULL,
  `mota` text DEFAULT NULL,
  `created_at` timestamp NULL DEFAULT NULL,
  `updated_at` timestamp NULL DEFAULT NULL
) ENGINE=InnoDB DEFAULT CHARSET=utf8mb4 COLLATE=utf8mb4_unicode_ci;

--
-- Đang đổ dữ liệu cho bảng `danhmuc`
--

INSERT INTO `danhmuc` (`id`, `tendanhmuc`, `hinhanh`, `mota`, `created_at`, `updated_at`) VALUES
(2, 'Laptop Văn Phòng', 'vanphong.webp', 'Nhẹ, bền, pin lâu', NULL, '2025-11-07 15:55:26'),
(15, 'Laptop Đồ họa', 'dohoa.webp', 'cấu hình tầm trung', '2025-11-07 15:47:47', '2025-11-07 16:51:26'),
(18, 'Laptop Gaming', 'gaming.webp', 'dành cho game thủ', '2025-11-09 18:44:20', '2025-11-09 18:44:20');

-- --------------------------------------------------------

--
-- Cấu trúc bảng cho bảng `donhang`
--

CREATE TABLE `donhang` (
  `id` bigint(20) UNSIGNED NOT NULL,
  `user_id` int(11) NOT NULL,
  `ten_khachhang` varchar(255) NOT NULL,
  `email` varchar(255) DEFAULT NULL,
  `sdt` varchar(20) DEFAULT NULL,
  `diachi` varchar(255) DEFAULT NULL,
  `tong_tien` decimal(15,2) NOT NULL,
  `phuong_thuc_thanh_toan` varchar(255) NOT NULL DEFAULT 'cod',
  `ghi_chu` text DEFAULT NULL,
  `trang_thai` enum('chờ xử lý','đã xác nhận','đang giao','đã hoàn thành','đã hủy') DEFAULT 'chờ xử lý',
  `created_at` timestamp NULL DEFAULT NULL,
  `updated_at` timestamp NULL DEFAULT NULL
) ENGINE=InnoDB DEFAULT CHARSET=utf8mb4 COLLATE=utf8mb4_unicode_ci;

--
-- Đang đổ dữ liệu cho bảng `donhang`
--

INSERT INTO `donhang` (`id`, `user_id`, `ten_khachhang`, `email`, `sdt`, `diachi`, `tong_tien`, `phuong_thuc_thanh_toan`, `ghi_chu`, `trang_thai`, `created_at`, `updated_at`) VALUES
(11, 2, 'Khỉ', 'khi1@gmail.com', '0975439645', 'tổ 4 phường nghĩa thành, Phường 3, Quận 5, TP. Hồ Chí Minh', 949500.00, 'cod', 'hehe', 'chờ xử lý', '2025-11-06 17:50:37', '2025-11-06 17:50:37'),
(12, 2, 'Khỉ', 'khi1@gmail.com', '0975439645', 'tổ 4 phường nghĩa thành, Phường 3, Quận 5, TP. Hồ Chí Minh', 379800.00, 'cod', 'đại đại đi', 'chờ xử lý', '2025-11-06 18:29:26', '2025-11-06 18:29:26'),
(13, 2, 'Khỉ', 'khi1@gmail.com', '0975439645', 'tổ 4 phường nghĩa thành, Phường 2, Quận 1, TP. Hồ Chí Minh', 109940000.00, 'cod', 'a', 'chờ xử lý', '2025-11-06 19:20:28', '2025-11-06 19:20:28'),
(14, 2, 'lộc', 'khi1@gmail.com', '0975439645', 'tổ 4 phường nghĩa thành, Phường 1, Quận 1, TP. Hồ Chí Minh', 2000000000.00, 'cod', 'hehe', 'chờ xử lý', '2025-11-06 20:03:09', '2025-11-06 20:03:09'),
(15, 2, 'lộc', 'khi1@gmail.com', '0975439645', 'tổ 4 phường nghĩa thành, Phường 3, Quận 5, TP. Hồ Chí Minh', 4000000000.00, 'cod', 'f', 'chờ xử lý', '2025-11-06 20:09:00', '2025-11-06 20:09:00'),
(16, 2, 'TungTungTung Sahur', 'khi1@gmail.com', '0975439645', 'tổ 4 phường nghĩa thành, Phường 1, Quận 1, TP. Hồ Chí Minh', 2000000000.00, 'cod', 'f', 'chờ xử lý', '2025-11-06 20:14:27', '2025-11-06 20:14:27'),
(17, 2, 'TungTungTung Sahur', 'khi1@gmail.com', '0975439645', 'tổ 4 phường nghĩa thành, Phường 1, Quận 1, TP. Hồ Chí Minh', 20000000.00, 'cod', NULL, 'chờ xử lý', '2025-11-06 20:20:22', '2025-11-06 20:20:22'),
(18, 2, 'Khỉ', 'khi1@gmail.com', '0975439645', 'tổ 4 phường nghĩa thành, Phường 2, Quận 1, TP. Hồ Chí Minh', 20000000.00, 'cod', NULL, 'chờ xử lý', '2025-11-06 20:21:53', '2025-11-06 20:21:53'),
(19, 2, 'Khỉ', 'khi1@gmail.com', '0975439645', 'tổ 4 phường nghĩa thành, Phường 3, Quận 5, TP. Hồ Chí Minh', 40000000.00, 'cod', NULL, 'chờ xử lý', '2025-11-08 11:29:55', '2025-11-08 11:29:55'),
(20, 2, 'TungTungTung Sahur', 'test@example.com', '0975439645', 'tổ 4 phường nghĩa thành, Phường 2, Quận 1, TP. Hồ Chí Minh', 60000000.00, 'cod', NULL, 'chờ xử lý', '2025-11-08 16:41:13', '2025-11-08 16:41:13'),
(21, 2, 'TungTungTung Sahur', 'test@example.com', '0975439645', 'tổ 4 phường nghĩa thành, Phường 3, Quận 5, TP. Hồ Chí Minh', 20000000.00, 'vnpay', NULL, 'đã xác nhận', '2025-11-08 17:31:10', '2025-11-08 17:31:10'),
(22, 2, 'Trần dương đắc lộc', 'khi1@gmail.com', '0975439645', 'tổ 4 phường nghĩa thành, Phường 3, Quận 1, TP. Hồ Chí Minh', 20000000.00, 'vnpay', NULL, 'đã xác nhận', '2025-11-08 17:43:08', '2025-11-08 17:43:08'),
(23, 2, 'Trần dương đắc lộc', 'khi1@gmail.com', '0975439645', 'tổ 4 phường nghĩa thành, Phường 2, Quận 3, TP. Hồ Chí Minh', 20000000.00, 'vnpay', NULL, 'đã xác nhận', '2025-11-08 17:46:56', '2025-11-08 17:46:56'),
(24, 2, 'TungTungTung Sahur', 'test@example.com', '0975439645', 'tổ 4 phường nghĩa thành, Phường 3, Quận 5, TP. Hồ Chí Minh', 20000000.00, 'cod', NULL, 'chờ xử lý', '2025-11-08 17:59:07', '2025-11-08 17:59:07'),
(25, 2, 'TungTungTung Sahur', 'test@example.com', '0975439645', 'tổ 4 phường nghĩa thành, Phường 3, Quận 5, TP. Hồ Chí Minh', 20000000.00, 'cod', NULL, 'chờ xử lý', '2025-11-08 18:00:04', '2025-11-08 18:00:04'),
(26, 2, 'TungTungTung Sahur', 'test@example.com', '0975439645', 'tổ 4 phường nghĩa thành, Phường 3, Quận 5, TP. Hồ Chí Minh', 20000000.00, 'cod', NULL, 'đang giao', '2025-11-08 18:01:44', '2025-11-10 12:43:54'),
(27, 6, 'Thân công báo', 'pewdiepie@gmail.com', '0975439645', 'tổ 4 phường nghĩa thành, Phường 1, Quận 1, TP. Hồ Chí Minh', 20490000.00, 'cod', ':)))', 'đã xác nhận', '2025-11-11 10:01:43', '2025-11-11 10:02:11'),
(28, 2, 'Thân công báo', 'pewdiepie@gmail.com', '0975439645', 'tổ 4 phường nghĩa thành, Phường 2, Quận 5, TP. Hồ Chí Minh', 73990000.00, 'cod', NULL, 'đã xác nhận', '2025-11-11 10:11:04', '2025-11-11 10:13:34'),
(29, 2, 'Thân công báo', 'pewdiepie@gmail.com', '0975439645', 'tổ 4 phường nghĩa thành, Phường 3, Quận 5, TP. Hồ Chí Minh', 73990000.00, 'cod', NULL, 'đã xác nhận', '2025-11-11 10:16:38', '2025-11-11 10:23:03'),
(30, 2, 'Thân công báo', 'pewdiepie@gmail.com', '0975439645', 'tổ 4 phường nghĩa thành, Phường 3, Quận 3, TP. Hồ Chí Minh', 124970000.00, 'cod', NULL, 'đang giao', '2025-11-11 10:30:42', '2025-11-11 10:49:23'),
(31, 2, 'Thân công báo', 'pewdiepie@gmail.com', '0975439645', 'tổ 4 phường nghĩa thành, Phường 3, Quận 3, TP. Hồ Chí Minh', 147980000.00, 'cod', NULL, 'đã hoàn thành', '2025-11-11 10:43:42', '2025-11-11 10:49:37'),
(32, 5, 'Thân công báo', 'pewdiepie@gmail.com', '0975439645', 'tổ 4 phường nghĩa thành, Phường 3, Quận 5, TP. Hồ Chí Minh', 20490000.00, 'vnpay', NULL, 'đã xác nhận', '2025-11-12 07:35:21', '2025-11-12 07:35:21'),
(33, 6, 'Thân công báo', 'pewdiepie@gmail.com', '0975439645', 'tổ 4 phường nghĩa thành, Phường 3, Quận 3, TP. Hồ Chí Minh', 73990000.00, 'vnpay', NULL, 'đã xác nhận', '2025-11-12 11:35:30', '2025-11-12 11:35:30');

-- --------------------------------------------------------

--
-- Cấu trúc bảng cho bảng `failed_jobs`
--

CREATE TABLE `failed_jobs` (
  `id` bigint(20) UNSIGNED NOT NULL,
  `uuid` varchar(255) NOT NULL,
  `connection` text NOT NULL,
  `queue` text NOT NULL,
  `payload` longtext NOT NULL,
  `exception` longtext NOT NULL,
  `failed_at` timestamp NOT NULL DEFAULT current_timestamp()
) ENGINE=InnoDB DEFAULT CHARSET=utf8mb4 COLLATE=utf8mb4_unicode_ci;

--
-- Đang đổ dữ liệu cho bảng `failed_jobs`
--

INSERT INTO `failed_jobs` (`id`, `uuid`, `connection`, `queue`, `payload`, `exception`, `failed_at`) VALUES
(1, '029ceabf-7b3d-4caa-a9dc-e1c0c87d1964', 'database', 'default', '{\"uuid\":\"029ceabf-7b3d-4caa-a9dc-e1c0c87d1964\",\"displayName\":\"App\\\\Mail\\\\LoginNotification\",\"job\":\"Illuminate\\\\Queue\\\\CallQueuedHandler@call\",\"maxTries\":null,\"maxExceptions\":null,\"failOnTimeout\":false,\"backoff\":null,\"timeout\":null,\"retryUntil\":null,\"data\":{\"commandName\":\"Illuminate\\\\Mail\\\\SendQueuedMailable\",\"command\":\"O:34:\\\"Illuminate\\\\Mail\\\\SendQueuedMailable\\\":17:{s:8:\\\"mailable\\\";O:26:\\\"App\\\\Mail\\\\LoginNotification\\\":5:{s:4:\\\"user\\\";O:45:\\\"Illuminate\\\\Contracts\\\\Database\\\\ModelIdentifier\\\":5:{s:5:\\\"class\\\";s:19:\\\"App\\\\Models\\\\TaiKhoan\\\";s:2:\\\"id\\\";i:5;s:9:\\\"relations\\\";a:0:{}s:10:\\\"connection\\\";s:5:\\\"mysql\\\";s:15:\\\"collectionClass\\\";N;}s:2:\\\"ip\\\";s:9:\\\"127.0.0.1\\\";s:4:\\\"time\\\";s:19:\\\"2025-11-12 14:33:13\\\";s:2:\\\"to\\\";a:1:{i:0;a:2:{s:4:\\\"name\\\";N;s:7:\\\"address\\\";s:21:\\\"duytung9903@gmail.com\\\";}}s:6:\\\"mailer\\\";s:4:\\\"smtp\\\";}s:5:\\\"tries\\\";N;s:7:\\\"timeout\\\";N;s:13:\\\"maxExceptions\\\";N;s:17:\\\"shouldBeEncrypted\\\";b:0;s:10:\\\"connection\\\";N;s:5:\\\"queue\\\";N;s:12:\\\"messageGroup\\\";N;s:12:\\\"deduplicator\\\";N;s:5:\\\"delay\\\";N;s:11:\\\"afterCommit\\\";N;s:10:\\\"middleware\\\";a:0:{}s:7:\\\"chained\\\";a:0:{}s:15:\\\"chainConnection\\\";N;s:10:\\\"chainQueue\\\";N;s:19:\\\"chainCatchCallbacks\\\";N;s:3:\\\"job\\\";N;}\"},\"createdAt\":1762932794,\"delay\":null}', 'ErrorException: Undefined variable $city in A:\\BE_Weblaptop\\storage\\framework\\views\\5175952062a010b4305441deb1252e78.php:29\nStack trace:\n#0 A:\\BE_Weblaptop\\vendor\\laravel\\framework\\src\\Illuminate\\Foundation\\Bootstrap\\HandleExceptions.php(258): Illuminate\\Foundation\\Bootstrap\\HandleExceptions->handleError(2, \'Undefined varia...\', \'A:\\\\BE_Weblaptop...\', 29)\n#1 A:\\BE_Weblaptop\\storage\\framework\\views\\5175952062a010b4305441deb1252e78.php(29): Illuminate\\Foundation\\Bootstrap\\HandleExceptions->{closure:Illuminate\\Foundation\\Bootstrap\\HandleExceptions::forwardsTo():257}(2, \'Undefined varia...\', \'A:\\\\BE_Weblaptop...\', 29)\n#2 A:\\BE_Weblaptop\\vendor\\laravel\\framework\\src\\Illuminate\\Filesystem\\Filesystem.php(123): require(\'A:\\\\BE_Weblaptop...\')\n#3 A:\\BE_Weblaptop\\vendor\\laravel\\framework\\src\\Illuminate\\Filesystem\\Filesystem.php(124): Illuminate\\Filesystem\\Filesystem::{closure:Illuminate\\Filesystem\\Filesystem::getRequire():120}()\n#4 A:\\BE_Weblaptop\\vendor\\laravel\\framework\\src\\Illuminate\\View\\Engines\\PhpEngine.php(57): Illuminate\\Filesystem\\Filesystem->getRequire(\'A:\\\\BE_Weblaptop...\', Array)\n#5 A:\\BE_Weblaptop\\vendor\\laravel\\framework\\src\\Illuminate\\View\\Engines\\CompilerEngine.php(76): Illuminate\\View\\Engines\\PhpEngine->evaluatePath(\'A:\\\\BE_Weblaptop...\', Array)\n#6 A:\\BE_Weblaptop\\vendor\\laravel\\framework\\src\\Illuminate\\View\\View.php(208): Illuminate\\View\\Engines\\CompilerEngine->get(\'A:\\\\BE_Weblaptop...\', Array)\n#7 A:\\BE_Weblaptop\\vendor\\laravel\\framework\\src\\Illuminate\\View\\View.php(191): Illuminate\\View\\View->getContents()\n#8 A:\\BE_Weblaptop\\vendor\\laravel\\framework\\src\\Illuminate\\View\\View.php(160): Illuminate\\View\\View->renderContents()\n#9 A:\\BE_Weblaptop\\vendor\\laravel\\framework\\src\\Illuminate\\Mail\\Mailer.php(444): Illuminate\\View\\View->render()\n#10 A:\\BE_Weblaptop\\vendor\\laravel\\framework\\src\\Illuminate\\Mail\\Mailer.php(419): Illuminate\\Mail\\Mailer->renderView(\'emails.login\', Array)\n#11 A:\\BE_Weblaptop\\vendor\\laravel\\framework\\src\\Illuminate\\Mail\\Mailer.php(312): Illuminate\\Mail\\Mailer->addContent(Object(Illuminate\\Mail\\Message), \'emails.login\', NULL, NULL, Array)\n#12 A:\\BE_Weblaptop\\vendor\\laravel\\framework\\src\\Illuminate\\Mail\\Mailable.php(207): Illuminate\\Mail\\Mailer->send(\'emails.login\', Array, Object(Closure))\n#13 A:\\BE_Weblaptop\\vendor\\laravel\\framework\\src\\Illuminate\\Support\\Traits\\Localizable.php(19): Illuminate\\Mail\\Mailable->{closure:Illuminate\\Mail\\Mailable::send():200}()\n#14 A:\\BE_Weblaptop\\vendor\\laravel\\framework\\src\\Illuminate\\Mail\\Mailable.php(200): Illuminate\\Mail\\Mailable->withLocale(NULL, Object(Closure))\n#15 A:\\BE_Weblaptop\\vendor\\laravel\\framework\\src\\Illuminate\\Mail\\SendQueuedMailable.php(82): Illuminate\\Mail\\Mailable->send(Object(Illuminate\\Mail\\MailManager))\n#16 A:\\BE_Weblaptop\\vendor\\laravel\\framework\\src\\Illuminate\\Container\\BoundMethod.php(36): Illuminate\\Mail\\SendQueuedMailable->handle(Object(Illuminate\\Mail\\MailManager))\n#17 A:\\BE_Weblaptop\\vendor\\laravel\\framework\\src\\Illuminate\\Container\\Util.php(43): Illuminate\\Container\\BoundMethod::{closure:Illuminate\\Container\\BoundMethod::call():35}()\n#18 A:\\BE_Weblaptop\\vendor\\laravel\\framework\\src\\Illuminate\\Container\\BoundMethod.php(96): Illuminate\\Container\\Util::unwrapIfClosure(Object(Closure))\n#19 A:\\BE_Weblaptop\\vendor\\laravel\\framework\\src\\Illuminate\\Container\\BoundMethod.php(35): Illuminate\\Container\\BoundMethod::callBoundMethod(Object(Illuminate\\Foundation\\Application), Array, Object(Closure))\n#20 A:\\BE_Weblaptop\\vendor\\laravel\\framework\\src\\Illuminate\\Container\\Container.php(836): Illuminate\\Container\\BoundMethod::call(Object(Illuminate\\Foundation\\Application), Array, Array, NULL)\n#21 A:\\BE_Weblaptop\\vendor\\laravel\\framework\\src\\Illuminate\\Bus\\Dispatcher.php(132): Illuminate\\Container\\Container->call(Array)\n#22 A:\\BE_Weblaptop\\vendor\\laravel\\framework\\src\\Illuminate\\Pipeline\\Pipeline.php(180): Illuminate\\Bus\\Dispatcher->{closure:Illuminate\\Bus\\Dispatcher::dispatchNow():129}(Object(Illuminate\\Mail\\SendQueuedMailable))\n#23 A:\\BE_Weblaptop\\vendor\\laravel\\framework\\src\\Illuminate\\Pipeline\\Pipeline.php(137): Illuminate\\Pipeline\\Pipeline->{closure:Illuminate\\Pipeline\\Pipeline::prepareDestination():178}(Object(Illuminate\\Mail\\SendQueuedMailable))\n#24 A:\\BE_Weblaptop\\vendor\\laravel\\framework\\src\\Illuminate\\Bus\\Dispatcher.php(136): Illuminate\\Pipeline\\Pipeline->then(Object(Closure))\n#25 A:\\BE_Weblaptop\\vendor\\laravel\\framework\\src\\Illuminate\\Queue\\CallQueuedHandler.php(134): Illuminate\\Bus\\Dispatcher->dispatchNow(Object(Illuminate\\Mail\\SendQueuedMailable), false)\n#26 A:\\BE_Weblaptop\\vendor\\laravel\\framework\\src\\Illuminate\\Pipeline\\Pipeline.php(180): Illuminate\\Queue\\CallQueuedHandler->{closure:Illuminate\\Queue\\CallQueuedHandler::dispatchThroughMiddleware():127}(Object(Illuminate\\Mail\\SendQueuedMailable))\n#27 A:\\BE_Weblaptop\\vendor\\laravel\\framework\\src\\Illuminate\\Pipeline\\Pipeline.php(137): Illuminate\\Pipeline\\Pipeline->{closure:Illuminate\\Pipeline\\Pipeline::prepareDestination():178}(Object(Illuminate\\Mail\\SendQueuedMailable))\n#28 A:\\BE_Weblaptop\\vendor\\laravel\\framework\\src\\Illuminate\\Queue\\CallQueuedHandler.php(127): Illuminate\\Pipeline\\Pipeline->then(Object(Closure))\n#29 A:\\BE_Weblaptop\\vendor\\laravel\\framework\\src\\Illuminate\\Queue\\CallQueuedHandler.php(68): Illuminate\\Queue\\CallQueuedHandler->dispatchThroughMiddleware(Object(Illuminate\\Queue\\Jobs\\DatabaseJob), Object(Illuminate\\Mail\\SendQueuedMailable))\n#30 A:\\BE_Weblaptop\\vendor\\laravel\\framework\\src\\Illuminate\\Queue\\Jobs\\Job.php(102): Illuminate\\Queue\\CallQueuedHandler->call(Object(Illuminate\\Queue\\Jobs\\DatabaseJob), Array)\n#31 A:\\BE_Weblaptop\\vendor\\laravel\\framework\\src\\Illuminate\\Queue\\Worker.php(451): Illuminate\\Queue\\Jobs\\Job->fire()\n#32 A:\\BE_Weblaptop\\vendor\\laravel\\framework\\src\\Illuminate\\Queue\\Worker.php(401): Illuminate\\Queue\\Worker->process(\'database\', Object(Illuminate\\Queue\\Jobs\\DatabaseJob), Object(Illuminate\\Queue\\WorkerOptions))\n#33 A:\\BE_Weblaptop\\vendor\\laravel\\framework\\src\\Illuminate\\Queue\\Worker.php(187): Illuminate\\Queue\\Worker->runJob(Object(Illuminate\\Queue\\Jobs\\DatabaseJob), \'database\', Object(Illuminate\\Queue\\WorkerOptions))\n#34 A:\\BE_Weblaptop\\vendor\\laravel\\framework\\src\\Illuminate\\Queue\\Console\\WorkCommand.php(148): Illuminate\\Queue\\Worker->daemon(\'database\', \'default\', Object(Illuminate\\Queue\\WorkerOptions))\n#35 A:\\BE_Weblaptop\\vendor\\laravel\\framework\\src\\Illuminate\\Queue\\Console\\WorkCommand.php(131): Illuminate\\Queue\\Console\\WorkCommand->runWorker(\'database\', \'default\')\n#36 A:\\BE_Weblaptop\\vendor\\laravel\\framework\\src\\Illuminate\\Container\\BoundMethod.php(36): Illuminate\\Queue\\Console\\WorkCommand->handle()\n#37 A:\\BE_Weblaptop\\vendor\\laravel\\framework\\src\\Illuminate\\Container\\Util.php(43): Illuminate\\Container\\BoundMethod::{closure:Illuminate\\Container\\BoundMethod::call():35}()\n#38 A:\\BE_Weblaptop\\vendor\\laravel\\framework\\src\\Illuminate\\Container\\BoundMethod.php(96): Illuminate\\Container\\Util::unwrapIfClosure(Object(Closure))\n#39 A:\\BE_Weblaptop\\vendor\\laravel\\framework\\src\\Illuminate\\Container\\BoundMethod.php(35): Illuminate\\Container\\BoundMethod::callBoundMethod(Object(Illuminate\\Foundation\\Application), Array, Object(Closure))\n#40 A:\\BE_Weblaptop\\vendor\\laravel\\framework\\src\\Illuminate\\Container\\Container.php(836): Illuminate\\Container\\BoundMethod::call(Object(Illuminate\\Foundation\\Application), Array, Array, NULL)\n#41 A:\\BE_Weblaptop\\vendor\\laravel\\framework\\src\\Illuminate\\Console\\Command.php(211): Illuminate\\Container\\Container->call(Array)\n#42 A:\\BE_Weblaptop\\vendor\\symfony\\console\\Command\\Command.php(318): Illuminate\\Console\\Command->execute(Object(Symfony\\Component\\Console\\Input\\ArgvInput), Object(Illuminate\\Console\\OutputStyle))\n#43 A:\\BE_Weblaptop\\vendor\\laravel\\framework\\src\\Illuminate\\Console\\Command.php(180): Symfony\\Component\\Console\\Command\\Command->run(Object(Symfony\\Component\\Console\\Input\\ArgvInput), Object(Illuminate\\Console\\OutputStyle))\n#44 A:\\BE_Weblaptop\\vendor\\symfony\\console\\Application.php(1110): Illuminate\\Console\\Command->run(Object(Symfony\\Component\\Console\\Input\\ArgvInput), Object(Symfony\\Component\\Console\\Output\\ConsoleOutput))\n#45 A:\\BE_Weblaptop\\vendor\\symfony\\console\\Application.php(359): Symfony\\Component\\Console\\Application->doRunCommand(Object(Illuminate\\Queue\\Console\\WorkCommand), Object(Symfony\\Component\\Console\\Input\\ArgvInput), Object(Symfony\\Component\\Console\\Output\\ConsoleOutput))\n#46 A:\\BE_Weblaptop\\vendor\\symfony\\console\\Application.php(194): Symfony\\Component\\Console\\Application->doRun(Object(Symfony\\Component\\Console\\Input\\ArgvInput), Object(Symfony\\Component\\Console\\Output\\ConsoleOutput))\n#47 A:\\BE_Weblaptop\\vendor\\laravel\\framework\\src\\Illuminate\\Foundation\\Console\\Kernel.php(197): Symfony\\Component\\Console\\Application->run(Object(Symfony\\Component\\Console\\Input\\ArgvInput), Object(Symfony\\Component\\Console\\Output\\ConsoleOutput))\n#48 A:\\BE_Weblaptop\\vendor\\laravel\\framework\\src\\Illuminate\\Foundation\\Application.php(1235): Illuminate\\Foundation\\Console\\Kernel->handle(Object(Symfony\\Component\\Console\\Input\\ArgvInput), Object(Symfony\\Component\\Console\\Output\\ConsoleOutput))\n#49 A:\\BE_Weblaptop\\artisan(16): Illuminate\\Foundation\\Application->handleCommand(Object(Symfony\\Component\\Console\\Input\\ArgvInput))\n#50 {main}\n\nNext Illuminate\\View\\ViewException: Undefined variable $city (View: A:\\BE_Weblaptop\\resources\\views\\emails\\login.blade.php) in A:\\BE_Weblaptop\\storage\\framework\\views\\5175952062a010b4305441deb1252e78.php:29\nStack trace:\n#0 A:\\BE_Weblaptop\\vendor\\laravel\\framework\\src\\Illuminate\\View\\Engines\\PhpEngine.php(59): Illuminate\\View\\Engines\\CompilerEngine->handleViewException(Object(ErrorException), 0)\n#1 A:\\BE_Weblaptop\\vendor\\laravel\\framework\\src\\Illuminate\\View\\Engines\\CompilerEngine.php(76): Illuminate\\View\\Engines\\PhpEngine->evaluatePath(\'A:\\\\BE_Weblaptop...\', Array)\n#2 A:\\BE_Weblaptop\\vendor\\laravel\\framework\\src\\Illuminate\\View\\View.php(208): Illuminate\\View\\Engines\\CompilerEngine->get(\'A:\\\\BE_Weblaptop...\', Array)\n#3 A:\\BE_Weblaptop\\vendor\\laravel\\framework\\src\\Illuminate\\View\\View.php(191): Illuminate\\View\\View->getContents()\n#4 A:\\BE_Weblaptop\\vendor\\laravel\\framework\\src\\Illuminate\\View\\View.php(160): Illuminate\\View\\View->renderContents()\n#5 A:\\BE_Weblaptop\\vendor\\laravel\\framework\\src\\Illuminate\\Mail\\Mailer.php(444): Illuminate\\View\\View->render()\n#6 A:\\BE_Weblaptop\\vendor\\laravel\\framework\\src\\Illuminate\\Mail\\Mailer.php(419): Illuminate\\Mail\\Mailer->renderView(\'emails.login\', Array)\n#7 A:\\BE_Weblaptop\\vendor\\laravel\\framework\\src\\Illuminate\\Mail\\Mailer.php(312): Illuminate\\Mail\\Mailer->addContent(Object(Illuminate\\Mail\\Message), \'emails.login\', NULL, NULL, Array)\n#8 A:\\BE_Weblaptop\\vendor\\laravel\\framework\\src\\Illuminate\\Mail\\Mailable.php(207): Illuminate\\Mail\\Mailer->send(\'emails.login\', Array, Object(Closure))\n#9 A:\\BE_Weblaptop\\vendor\\laravel\\framework\\src\\Illuminate\\Support\\Traits\\Localizable.php(19): Illuminate\\Mail\\Mailable->{closure:Illuminate\\Mail\\Mailable::send():200}()\n#10 A:\\BE_Weblaptop\\vendor\\laravel\\framework\\src\\Illuminate\\Mail\\Mailable.php(200): Illuminate\\Mail\\Mailable->withLocale(NULL, Object(Closure))\n#11 A:\\BE_Weblaptop\\vendor\\laravel\\framework\\src\\Illuminate\\Mail\\SendQueuedMailable.php(82): Illuminate\\Mail\\Mailable->send(Object(Illuminate\\Mail\\MailManager))\n#12 A:\\BE_Weblaptop\\vendor\\laravel\\framework\\src\\Illuminate\\Container\\BoundMethod.php(36): Illuminate\\Mail\\SendQueuedMailable->handle(Object(Illuminate\\Mail\\MailManager))\n#13 A:\\BE_Weblaptop\\vendor\\laravel\\framework\\src\\Illuminate\\Container\\Util.php(43): Illuminate\\Container\\BoundMethod::{closure:Illuminate\\Container\\BoundMethod::call():35}()\n#14 A:\\BE_Weblaptop\\vendor\\laravel\\framework\\src\\Illuminate\\Container\\BoundMethod.php(96): Illuminate\\Container\\Util::unwrapIfClosure(Object(Closure))\n#15 A:\\BE_Weblaptop\\vendor\\laravel\\framework\\src\\Illuminate\\Container\\BoundMethod.php(35): Illuminate\\Container\\BoundMethod::callBoundMethod(Object(Illuminate\\Foundation\\Application), Array, Object(Closure))\n#16 A:\\BE_Weblaptop\\vendor\\laravel\\framework\\src\\Illuminate\\Container\\Container.php(836): Illuminate\\Container\\BoundMethod::call(Object(Illuminate\\Foundation\\Application), Array, Array, NULL)\n#17 A:\\BE_Weblaptop\\vendor\\laravel\\framework\\src\\Illuminate\\Bus\\Dispatcher.php(132): Illuminate\\Container\\Container->call(Array)\n#18 A:\\BE_Weblaptop\\vendor\\laravel\\framework\\src\\Illuminate\\Pipeline\\Pipeline.php(180): Illuminate\\Bus\\Dispatcher->{closure:Illuminate\\Bus\\Dispatcher::dispatchNow():129}(Object(Illuminate\\Mail\\SendQueuedMailable))\n#19 A:\\BE_Weblaptop\\vendor\\laravel\\framework\\src\\Illuminate\\Pipeline\\Pipeline.php(137): Illuminate\\Pipeline\\Pipeline->{closure:Illuminate\\Pipeline\\Pipeline::prepareDestination():178}(Object(Illuminate\\Mail\\SendQueuedMailable))\n#20 A:\\BE_Weblaptop\\vendor\\laravel\\framework\\src\\Illuminate\\Bus\\Dispatcher.php(136): Illuminate\\Pipeline\\Pipeline->then(Object(Closure))\n#21 A:\\BE_Weblaptop\\vendor\\laravel\\framework\\src\\Illuminate\\Queue\\CallQueuedHandler.php(134): Illuminate\\Bus\\Dispatcher->dispatchNow(Object(Illuminate\\Mail\\SendQueuedMailable), false)\n#22 A:\\BE_Weblaptop\\vendor\\laravel\\framework\\src\\Illuminate\\Pipeline\\Pipeline.php(180): Illuminate\\Queue\\CallQueuedHandler->{closure:Illuminate\\Queue\\CallQueuedHandler::dispatchThroughMiddleware():127}(Object(Illuminate\\Mail\\SendQueuedMailable))\n#23 A:\\BE_Weblaptop\\vendor\\laravel\\framework\\src\\Illuminate\\Pipeline\\Pipeline.php(137): Illuminate\\Pipeline\\Pipeline->{closure:Illuminate\\Pipeline\\Pipeline::prepareDestination():178}(Object(Illuminate\\Mail\\SendQueuedMailable))\n#24 A:\\BE_Weblaptop\\vendor\\laravel\\framework\\src\\Illuminate\\Queue\\CallQueuedHandler.php(127): Illuminate\\Pipeline\\Pipeline->then(Object(Closure))\n#25 A:\\BE_Weblaptop\\vendor\\laravel\\framework\\src\\Illuminate\\Queue\\CallQueuedHandler.php(68): Illuminate\\Queue\\CallQueuedHandler->dispatchThroughMiddleware(Object(Illuminate\\Queue\\Jobs\\DatabaseJob), Object(Illuminate\\Mail\\SendQueuedMailable))\n#26 A:\\BE_Weblaptop\\vendor\\laravel\\framework\\src\\Illuminate\\Queue\\Jobs\\Job.php(102): Illuminate\\Queue\\CallQueuedHandler->call(Object(Illuminate\\Queue\\Jobs\\DatabaseJob), Array)\n#27 A:\\BE_Weblaptop\\vendor\\laravel\\framework\\src\\Illuminate\\Queue\\Worker.php(451): Illuminate\\Queue\\Jobs\\Job->fire()\n#28 A:\\BE_Weblaptop\\vendor\\laravel\\framework\\src\\Illuminate\\Queue\\Worker.php(401): Illuminate\\Queue\\Worker->process(\'database\', Object(Illuminate\\Queue\\Jobs\\DatabaseJob), Object(Illuminate\\Queue\\WorkerOptions))\n#29 A:\\BE_Weblaptop\\vendor\\laravel\\framework\\src\\Illuminate\\Queue\\Worker.php(187): Illuminate\\Queue\\Worker->runJob(Object(Illuminate\\Queue\\Jobs\\DatabaseJob), \'database\', Object(Illuminate\\Queue\\WorkerOptions))\n#30 A:\\BE_Weblaptop\\vendor\\laravel\\framework\\src\\Illuminate\\Queue\\Console\\WorkCommand.php(148): Illuminate\\Queue\\Worker->daemon(\'database\', \'default\', Object(Illuminate\\Queue\\WorkerOptions))\n#31 A:\\BE_Weblaptop\\vendor\\laravel\\framework\\src\\Illuminate\\Queue\\Console\\WorkCommand.php(131): Illuminate\\Queue\\Console\\WorkCommand->runWorker(\'database\', \'default\')\n#32 A:\\BE_Weblaptop\\vendor\\laravel\\framework\\src\\Illuminate\\Container\\BoundMethod.php(36): Illuminate\\Queue\\Console\\WorkCommand->handle()\n#33 A:\\BE_Weblaptop\\vendor\\laravel\\framework\\src\\Illuminate\\Container\\Util.php(43): Illuminate\\Container\\BoundMethod::{closure:Illuminate\\Container\\BoundMethod::call():35}()\n#34 A:\\BE_Weblaptop\\vendor\\laravel\\framework\\src\\Illuminate\\Container\\BoundMethod.php(96): Illuminate\\Container\\Util::unwrapIfClosure(Object(Closure))\n#35 A:\\BE_Weblaptop\\vendor\\laravel\\framework\\src\\Illuminate\\Container\\BoundMethod.php(35): Illuminate\\Container\\BoundMethod::callBoundMethod(Object(Illuminate\\Foundation\\Application), Array, Object(Closure))\n#36 A:\\BE_Weblaptop\\vendor\\laravel\\framework\\src\\Illuminate\\Container\\Container.php(836): Illuminate\\Container\\BoundMethod::call(Object(Illuminate\\Foundation\\Application), Array, Array, NULL)\n#37 A:\\BE_Weblaptop\\vendor\\laravel\\framework\\src\\Illuminate\\Console\\Command.php(211): Illuminate\\Container\\Container->call(Array)\n#38 A:\\BE_Weblaptop\\vendor\\symfony\\console\\Command\\Command.php(318): Illuminate\\Console\\Command->execute(Object(Symfony\\Component\\Console\\Input\\ArgvInput), Object(Illuminate\\Console\\OutputStyle))\n#39 A:\\BE_Weblaptop\\vendor\\laravel\\framework\\src\\Illuminate\\Console\\Command.php(180): Symfony\\Component\\Console\\Command\\Command->run(Object(Symfony\\Component\\Console\\Input\\ArgvInput), Object(Illuminate\\Console\\OutputStyle))\n#40 A:\\BE_Weblaptop\\vendor\\symfony\\console\\Application.php(1110): Illuminate\\Console\\Command->run(Object(Symfony\\Component\\Console\\Input\\ArgvInput), Object(Symfony\\Component\\Console\\Output\\ConsoleOutput))\n#41 A:\\BE_Weblaptop\\vendor\\symfony\\console\\Application.php(359): Symfony\\Component\\Console\\Application->doRunCommand(Object(Illuminate\\Queue\\Console\\WorkCommand), Object(Symfony\\Component\\Console\\Input\\ArgvInput), Object(Symfony\\Component\\Console\\Output\\ConsoleOutput))\n#42 A:\\BE_Weblaptop\\vendor\\symfony\\console\\Application.php(194): Symfony\\Component\\Console\\Application->doRun(Object(Symfony\\Component\\Console\\Input\\ArgvInput), Object(Symfony\\Component\\Console\\Output\\ConsoleOutput))\n#43 A:\\BE_Weblaptop\\vendor\\laravel\\framework\\src\\Illuminate\\Foundation\\Console\\Kernel.php(197): Symfony\\Component\\Console\\Application->run(Object(Symfony\\Component\\Console\\Input\\ArgvInput), Object(Symfony\\Component\\Console\\Output\\ConsoleOutput))\n#44 A:\\BE_Weblaptop\\vendor\\laravel\\framework\\src\\Illuminate\\Foundation\\Application.php(1235): Illuminate\\Foundation\\Console\\Kernel->handle(Object(Symfony\\Component\\Console\\Input\\ArgvInput), Object(Symfony\\Component\\Console\\Output\\ConsoleOutput))\n#45 A:\\BE_Weblaptop\\artisan(16): Illuminate\\Foundation\\Application->handleCommand(Object(Symfony\\Component\\Console\\Input\\ArgvInput))\n#46 {main}', '2025-11-12 11:28:42'),
(2, 'af70b983-aab5-4afc-87f1-cfa7ecd291af', 'database', 'default', '{\"uuid\":\"af70b983-aab5-4afc-87f1-cfa7ecd291af\",\"displayName\":\"App\\\\Mail\\\\LoginNotification\",\"job\":\"Illuminate\\\\Queue\\\\CallQueuedHandler@call\",\"maxTries\":null,\"maxExceptions\":null,\"failOnTimeout\":false,\"backoff\":null,\"timeout\":null,\"retryUntil\":null,\"data\":{\"commandName\":\"Illuminate\\\\Mail\\\\SendQueuedMailable\",\"command\":\"O:34:\\\"Illuminate\\\\Mail\\\\SendQueuedMailable\\\":17:{s:8:\\\"mailable\\\";O:26:\\\"App\\\\Mail\\\\LoginNotification\\\":5:{s:4:\\\"user\\\";O:45:\\\"Illuminate\\\\Contracts\\\\Database\\\\ModelIdentifier\\\":5:{s:5:\\\"class\\\";s:19:\\\"App\\\\Models\\\\TaiKhoan\\\";s:2:\\\"id\\\";i:6;s:9:\\\"relations\\\";a:0:{}s:10:\\\"connection\\\";s:5:\\\"mysql\\\";s:15:\\\"collectionClass\\\";N;}s:2:\\\"ip\\\";s:9:\\\"127.0.0.1\\\";s:4:\\\"time\\\";s:19:\\\"2025-11-12 18:28:58\\\";s:2:\\\"to\\\";a:1:{i:0;a:2:{s:4:\\\"name\\\";N;s:7:\\\"address\\\";s:20:\\\"0neexxchan@gmail.com\\\";}}s:6:\\\"mailer\\\";s:4:\\\"smtp\\\";}s:5:\\\"tries\\\";N;s:7:\\\"timeout\\\";N;s:13:\\\"maxExceptions\\\";N;s:17:\\\"shouldBeEncrypted\\\";b:0;s:10:\\\"connection\\\";N;s:5:\\\"queue\\\";N;s:12:\\\"messageGroup\\\";N;s:12:\\\"deduplicator\\\";N;s:5:\\\"delay\\\";N;s:11:\\\"afterCommit\\\";N;s:10:\\\"middleware\\\";a:0:{}s:7:\\\"chained\\\";a:0:{}s:15:\\\"chainConnection\\\";N;s:10:\\\"chainQueue\\\";N;s:19:\\\"chainCatchCallbacks\\\";N;s:3:\\\"job\\\";N;}\"},\"createdAt\":1762946939,\"delay\":null}', 'ErrorException: Undefined variable $city in A:\\BE_Weblaptop\\storage\\framework\\views\\5175952062a010b4305441deb1252e78.php:29\nStack trace:\n#0 A:\\BE_Weblaptop\\vendor\\laravel\\framework\\src\\Illuminate\\Foundation\\Bootstrap\\HandleExceptions.php(258): Illuminate\\Foundation\\Bootstrap\\HandleExceptions->handleError(2, \'Undefined varia...\', \'A:\\\\BE_Weblaptop...\', 29)\n#1 A:\\BE_Weblaptop\\storage\\framework\\views\\5175952062a010b4305441deb1252e78.php(29): Illuminate\\Foundation\\Bootstrap\\HandleExceptions->{closure:Illuminate\\Foundation\\Bootstrap\\HandleExceptions::forwardsTo():257}(2, \'Undefined varia...\', \'A:\\\\BE_Weblaptop...\', 29)\n#2 A:\\BE_Weblaptop\\vendor\\laravel\\framework\\src\\Illuminate\\Filesystem\\Filesystem.php(123): require(\'A:\\\\BE_Weblaptop...\')\n#3 A:\\BE_Weblaptop\\vendor\\laravel\\framework\\src\\Illuminate\\Filesystem\\Filesystem.php(124): Illuminate\\Filesystem\\Filesystem::{closure:Illuminate\\Filesystem\\Filesystem::getRequire():120}()\n#4 A:\\BE_Weblaptop\\vendor\\laravel\\framework\\src\\Illuminate\\View\\Engines\\PhpEngine.php(57): Illuminate\\Filesystem\\Filesystem->getRequire(\'A:\\\\BE_Weblaptop...\', Array)\n#5 A:\\BE_Weblaptop\\vendor\\laravel\\framework\\src\\Illuminate\\View\\Engines\\CompilerEngine.php(76): Illuminate\\View\\Engines\\PhpEngine->evaluatePath(\'A:\\\\BE_Weblaptop...\', Array)\n#6 A:\\BE_Weblaptop\\vendor\\laravel\\framework\\src\\Illuminate\\View\\View.php(208): Illuminate\\View\\Engines\\CompilerEngine->get(\'A:\\\\BE_Weblaptop...\', Array)\n#7 A:\\BE_Weblaptop\\vendor\\laravel\\framework\\src\\Illuminate\\View\\View.php(191): Illuminate\\View\\View->getContents()\n#8 A:\\BE_Weblaptop\\vendor\\laravel\\framework\\src\\Illuminate\\View\\View.php(160): Illuminate\\View\\View->renderContents()\n#9 A:\\BE_Weblaptop\\vendor\\laravel\\framework\\src\\Illuminate\\Mail\\Mailer.php(444): Illuminate\\View\\View->render()\n#10 A:\\BE_Weblaptop\\vendor\\laravel\\framework\\src\\Illuminate\\Mail\\Mailer.php(419): Illuminate\\Mail\\Mailer->renderView(\'emails.login\', Array)\n#11 A:\\BE_Weblaptop\\vendor\\laravel\\framework\\src\\Illuminate\\Mail\\Mailer.php(312): Illuminate\\Mail\\Mailer->addContent(Object(Illuminate\\Mail\\Message), \'emails.login\', NULL, NULL, Array)\n#12 A:\\BE_Weblaptop\\vendor\\laravel\\framework\\src\\Illuminate\\Mail\\Mailable.php(207): Illuminate\\Mail\\Mailer->send(\'emails.login\', Array, Object(Closure))\n#13 A:\\BE_Weblaptop\\vendor\\laravel\\framework\\src\\Illuminate\\Support\\Traits\\Localizable.php(19): Illuminate\\Mail\\Mailable->{closure:Illuminate\\Mail\\Mailable::send():200}()\n#14 A:\\BE_Weblaptop\\vendor\\laravel\\framework\\src\\Illuminate\\Mail\\Mailable.php(200): Illuminate\\Mail\\Mailable->withLocale(NULL, Object(Closure))\n#15 A:\\BE_Weblaptop\\vendor\\laravel\\framework\\src\\Illuminate\\Mail\\SendQueuedMailable.php(82): Illuminate\\Mail\\Mailable->send(Object(Illuminate\\Mail\\MailManager))\n#16 A:\\BE_Weblaptop\\vendor\\laravel\\framework\\src\\Illuminate\\Container\\BoundMethod.php(36): Illuminate\\Mail\\SendQueuedMailable->handle(Object(Illuminate\\Mail\\MailManager))\n#17 A:\\BE_Weblaptop\\vendor\\laravel\\framework\\src\\Illuminate\\Container\\Util.php(43): Illuminate\\Container\\BoundMethod::{closure:Illuminate\\Container\\BoundMethod::call():35}()\n#18 A:\\BE_Weblaptop\\vendor\\laravel\\framework\\src\\Illuminate\\Container\\BoundMethod.php(96): Illuminate\\Container\\Util::unwrapIfClosure(Object(Closure))\n#19 A:\\BE_Weblaptop\\vendor\\laravel\\framework\\src\\Illuminate\\Container\\BoundMethod.php(35): Illuminate\\Container\\BoundMethod::callBoundMethod(Object(Illuminate\\Foundation\\Application), Array, Object(Closure))\n#20 A:\\BE_Weblaptop\\vendor\\laravel\\framework\\src\\Illuminate\\Container\\Container.php(836): Illuminate\\Container\\BoundMethod::call(Object(Illuminate\\Foundation\\Application), Array, Array, NULL)\n#21 A:\\BE_Weblaptop\\vendor\\laravel\\framework\\src\\Illuminate\\Bus\\Dispatcher.php(132): Illuminate\\Container\\Container->call(Array)\n#22 A:\\BE_Weblaptop\\vendor\\laravel\\framework\\src\\Illuminate\\Pipeline\\Pipeline.php(180): Illuminate\\Bus\\Dispatcher->{closure:Illuminate\\Bus\\Dispatcher::dispatchNow():129}(Object(Illuminate\\Mail\\SendQueuedMailable))\n#23 A:\\BE_Weblaptop\\vendor\\laravel\\framework\\src\\Illuminate\\Pipeline\\Pipeline.php(137): Illuminate\\Pipeline\\Pipeline->{closure:Illuminate\\Pipeline\\Pipeline::prepareDestination():178}(Object(Illuminate\\Mail\\SendQueuedMailable))\n#24 A:\\BE_Weblaptop\\vendor\\laravel\\framework\\src\\Illuminate\\Bus\\Dispatcher.php(136): Illuminate\\Pipeline\\Pipeline->then(Object(Closure))\n#25 A:\\BE_Weblaptop\\vendor\\laravel\\framework\\src\\Illuminate\\Queue\\CallQueuedHandler.php(134): Illuminate\\Bus\\Dispatcher->dispatchNow(Object(Illuminate\\Mail\\SendQueuedMailable), false)\n#26 A:\\BE_Weblaptop\\vendor\\laravel\\framework\\src\\Illuminate\\Pipeline\\Pipeline.php(180): Illuminate\\Queue\\CallQueuedHandler->{closure:Illuminate\\Queue\\CallQueuedHandler::dispatchThroughMiddleware():127}(Object(Illuminate\\Mail\\SendQueuedMailable))\n#27 A:\\BE_Weblaptop\\vendor\\laravel\\framework\\src\\Illuminate\\Pipeline\\Pipeline.php(137): Illuminate\\Pipeline\\Pipeline->{closure:Illuminate\\Pipeline\\Pipeline::prepareDestination():178}(Object(Illuminate\\Mail\\SendQueuedMailable))\n#28 A:\\BE_Weblaptop\\vendor\\laravel\\framework\\src\\Illuminate\\Queue\\CallQueuedHandler.php(127): Illuminate\\Pipeline\\Pipeline->then(Object(Closure))\n#29 A:\\BE_Weblaptop\\vendor\\laravel\\framework\\src\\Illuminate\\Queue\\CallQueuedHandler.php(68): Illuminate\\Queue\\CallQueuedHandler->dispatchThroughMiddleware(Object(Illuminate\\Queue\\Jobs\\DatabaseJob), Object(Illuminate\\Mail\\SendQueuedMailable))\n#30 A:\\BE_Weblaptop\\vendor\\laravel\\framework\\src\\Illuminate\\Queue\\Jobs\\Job.php(102): Illuminate\\Queue\\CallQueuedHandler->call(Object(Illuminate\\Queue\\Jobs\\DatabaseJob), Array)\n#31 A:\\BE_Weblaptop\\vendor\\laravel\\framework\\src\\Illuminate\\Queue\\Worker.php(451): Illuminate\\Queue\\Jobs\\Job->fire()\n#32 A:\\BE_Weblaptop\\vendor\\laravel\\framework\\src\\Illuminate\\Queue\\Worker.php(401): Illuminate\\Queue\\Worker->process(\'database\', Object(Illuminate\\Queue\\Jobs\\DatabaseJob), Object(Illuminate\\Queue\\WorkerOptions))\n#33 A:\\BE_Weblaptop\\vendor\\laravel\\framework\\src\\Illuminate\\Queue\\Worker.php(187): Illuminate\\Queue\\Worker->runJob(Object(Illuminate\\Queue\\Jobs\\DatabaseJob), \'database\', Object(Illuminate\\Queue\\WorkerOptions))\n#34 A:\\BE_Weblaptop\\vendor\\laravel\\framework\\src\\Illuminate\\Queue\\Console\\WorkCommand.php(148): Illuminate\\Queue\\Worker->daemon(\'database\', \'default\', Object(Illuminate\\Queue\\WorkerOptions))\n#35 A:\\BE_Weblaptop\\vendor\\laravel\\framework\\src\\Illuminate\\Queue\\Console\\WorkCommand.php(131): Illuminate\\Queue\\Console\\WorkCommand->runWorker(\'database\', \'default\')\n#36 A:\\BE_Weblaptop\\vendor\\laravel\\framework\\src\\Illuminate\\Container\\BoundMethod.php(36): Illuminate\\Queue\\Console\\WorkCommand->handle()\n#37 A:\\BE_Weblaptop\\vendor\\laravel\\framework\\src\\Illuminate\\Container\\Util.php(43): Illuminate\\Container\\BoundMethod::{closure:Illuminate\\Container\\BoundMethod::call():35}()\n#38 A:\\BE_Weblaptop\\vendor\\laravel\\framework\\src\\Illuminate\\Container\\BoundMethod.php(96): Illuminate\\Container\\Util::unwrapIfClosure(Object(Closure))\n#39 A:\\BE_Weblaptop\\vendor\\laravel\\framework\\src\\Illuminate\\Container\\BoundMethod.php(35): Illuminate\\Container\\BoundMethod::callBoundMethod(Object(Illuminate\\Foundation\\Application), Array, Object(Closure))\n#40 A:\\BE_Weblaptop\\vendor\\laravel\\framework\\src\\Illuminate\\Container\\Container.php(836): Illuminate\\Container\\BoundMethod::call(Object(Illuminate\\Foundation\\Application), Array, Array, NULL)\n#41 A:\\BE_Weblaptop\\vendor\\laravel\\framework\\src\\Illuminate\\Console\\Command.php(211): Illuminate\\Container\\Container->call(Array)\n#42 A:\\BE_Weblaptop\\vendor\\symfony\\console\\Command\\Command.php(318): Illuminate\\Console\\Command->execute(Object(Symfony\\Component\\Console\\Input\\ArgvInput), Object(Illuminate\\Console\\OutputStyle))\n#43 A:\\BE_Weblaptop\\vendor\\laravel\\framework\\src\\Illuminate\\Console\\Command.php(180): Symfony\\Component\\Console\\Command\\Command->run(Object(Symfony\\Component\\Console\\Input\\ArgvInput), Object(Illuminate\\Console\\OutputStyle))\n#44 A:\\BE_Weblaptop\\vendor\\symfony\\console\\Application.php(1110): Illuminate\\Console\\Command->run(Object(Symfony\\Component\\Console\\Input\\ArgvInput), Object(Symfony\\Component\\Console\\Output\\ConsoleOutput))\n#45 A:\\BE_Weblaptop\\vendor\\symfony\\console\\Application.php(359): Symfony\\Component\\Console\\Application->doRunCommand(Object(Illuminate\\Queue\\Console\\WorkCommand), Object(Symfony\\Component\\Console\\Input\\ArgvInput), Object(Symfony\\Component\\Console\\Output\\ConsoleOutput))\n#46 A:\\BE_Weblaptop\\vendor\\symfony\\console\\Application.php(194): Symfony\\Component\\Console\\Application->doRun(Object(Symfony\\Component\\Console\\Input\\ArgvInput), Object(Symfony\\Component\\Console\\Output\\ConsoleOutput))\n#47 A:\\BE_Weblaptop\\vendor\\laravel\\framework\\src\\Illuminate\\Foundation\\Console\\Kernel.php(197): Symfony\\Component\\Console\\Application->run(Object(Symfony\\Component\\Console\\Input\\ArgvInput), Object(Symfony\\Component\\Console\\Output\\ConsoleOutput))\n#48 A:\\BE_Weblaptop\\vendor\\laravel\\framework\\src\\Illuminate\\Foundation\\Application.php(1235): Illuminate\\Foundation\\Console\\Kernel->handle(Object(Symfony\\Component\\Console\\Input\\ArgvInput), Object(Symfony\\Component\\Console\\Output\\ConsoleOutput))\n#49 A:\\BE_Weblaptop\\artisan(16): Illuminate\\Foundation\\Application->handleCommand(Object(Symfony\\Component\\Console\\Input\\ArgvInput))\n#50 {main}\n\nNext Illuminate\\View\\ViewException: Undefined variable $city (View: A:\\BE_Weblaptop\\resources\\views\\emails\\login.blade.php) in A:\\BE_Weblaptop\\storage\\framework\\views\\5175952062a010b4305441deb1252e78.php:29\nStack trace:\n#0 A:\\BE_Weblaptop\\vendor\\laravel\\framework\\src\\Illuminate\\View\\Engines\\PhpEngine.php(59): Illuminate\\View\\Engines\\CompilerEngine->handleViewException(Object(ErrorException), 0)\n#1 A:\\BE_Weblaptop\\vendor\\laravel\\framework\\src\\Illuminate\\View\\Engines\\CompilerEngine.php(76): Illuminate\\View\\Engines\\PhpEngine->evaluatePath(\'A:\\\\BE_Weblaptop...\', Array)\n#2 A:\\BE_Weblaptop\\vendor\\laravel\\framework\\src\\Illuminate\\View\\View.php(208): Illuminate\\View\\Engines\\CompilerEngine->get(\'A:\\\\BE_Weblaptop...\', Array)\n#3 A:\\BE_Weblaptop\\vendor\\laravel\\framework\\src\\Illuminate\\View\\View.php(191): Illuminate\\View\\View->getContents()\n#4 A:\\BE_Weblaptop\\vendor\\laravel\\framework\\src\\Illuminate\\View\\View.php(160): Illuminate\\View\\View->renderContents()\n#5 A:\\BE_Weblaptop\\vendor\\laravel\\framework\\src\\Illuminate\\Mail\\Mailer.php(444): Illuminate\\View\\View->render()\n#6 A:\\BE_Weblaptop\\vendor\\laravel\\framework\\src\\Illuminate\\Mail\\Mailer.php(419): Illuminate\\Mail\\Mailer->renderView(\'emails.login\', Array)\n#7 A:\\BE_Weblaptop\\vendor\\laravel\\framework\\src\\Illuminate\\Mail\\Mailer.php(312): Illuminate\\Mail\\Mailer->addContent(Object(Illuminate\\Mail\\Message), \'emails.login\', NULL, NULL, Array)\n#8 A:\\BE_Weblaptop\\vendor\\laravel\\framework\\src\\Illuminate\\Mail\\Mailable.php(207): Illuminate\\Mail\\Mailer->send(\'emails.login\', Array, Object(Closure))\n#9 A:\\BE_Weblaptop\\vendor\\laravel\\framework\\src\\Illuminate\\Support\\Traits\\Localizable.php(19): Illuminate\\Mail\\Mailable->{closure:Illuminate\\Mail\\Mailable::send():200}()\n#10 A:\\BE_Weblaptop\\vendor\\laravel\\framework\\src\\Illuminate\\Mail\\Mailable.php(200): Illuminate\\Mail\\Mailable->withLocale(NULL, Object(Closure))\n#11 A:\\BE_Weblaptop\\vendor\\laravel\\framework\\src\\Illuminate\\Mail\\SendQueuedMailable.php(82): Illuminate\\Mail\\Mailable->send(Object(Illuminate\\Mail\\MailManager))\n#12 A:\\BE_Weblaptop\\vendor\\laravel\\framework\\src\\Illuminate\\Container\\BoundMethod.php(36): Illuminate\\Mail\\SendQueuedMailable->handle(Object(Illuminate\\Mail\\MailManager))\n#13 A:\\BE_Weblaptop\\vendor\\laravel\\framework\\src\\Illuminate\\Container\\Util.php(43): Illuminate\\Container\\BoundMethod::{closure:Illuminate\\Container\\BoundMethod::call():35}()\n#14 A:\\BE_Weblaptop\\vendor\\laravel\\framework\\src\\Illuminate\\Container\\BoundMethod.php(96): Illuminate\\Container\\Util::unwrapIfClosure(Object(Closure))\n#15 A:\\BE_Weblaptop\\vendor\\laravel\\framework\\src\\Illuminate\\Container\\BoundMethod.php(35): Illuminate\\Container\\BoundMethod::callBoundMethod(Object(Illuminate\\Foundation\\Application), Array, Object(Closure))\n#16 A:\\BE_Weblaptop\\vendor\\laravel\\framework\\src\\Illuminate\\Container\\Container.php(836): Illuminate\\Container\\BoundMethod::call(Object(Illuminate\\Foundation\\Application), Array, Array, NULL)\n#17 A:\\BE_Weblaptop\\vendor\\laravel\\framework\\src\\Illuminate\\Bus\\Dispatcher.php(132): Illuminate\\Container\\Container->call(Array)\n#18 A:\\BE_Weblaptop\\vendor\\laravel\\framework\\src\\Illuminate\\Pipeline\\Pipeline.php(180): Illuminate\\Bus\\Dispatcher->{closure:Illuminate\\Bus\\Dispatcher::dispatchNow():129}(Object(Illuminate\\Mail\\SendQueuedMailable))\n#19 A:\\BE_Weblaptop\\vendor\\laravel\\framework\\src\\Illuminate\\Pipeline\\Pipeline.php(137): Illuminate\\Pipeline\\Pipeline->{closure:Illuminate\\Pipeline\\Pipeline::prepareDestination():178}(Object(Illuminate\\Mail\\SendQueuedMailable))\n#20 A:\\BE_Weblaptop\\vendor\\laravel\\framework\\src\\Illuminate\\Bus\\Dispatcher.php(136): Illuminate\\Pipeline\\Pipeline->then(Object(Closure))\n#21 A:\\BE_Weblaptop\\vendor\\laravel\\framework\\src\\Illuminate\\Queue\\CallQueuedHandler.php(134): Illuminate\\Bus\\Dispatcher->dispatchNow(Object(Illuminate\\Mail\\SendQueuedMailable), false)\n#22 A:\\BE_Weblaptop\\vendor\\laravel\\framework\\src\\Illuminate\\Pipeline\\Pipeline.php(180): Illuminate\\Queue\\CallQueuedHandler->{closure:Illuminate\\Queue\\CallQueuedHandler::dispatchThroughMiddleware():127}(Object(Illuminate\\Mail\\SendQueuedMailable))\n#23 A:\\BE_Weblaptop\\vendor\\laravel\\framework\\src\\Illuminate\\Pipeline\\Pipeline.php(137): Illuminate\\Pipeline\\Pipeline->{closure:Illuminate\\Pipeline\\Pipeline::prepareDestination():178}(Object(Illuminate\\Mail\\SendQueuedMailable))\n#24 A:\\BE_Weblaptop\\vendor\\laravel\\framework\\src\\Illuminate\\Queue\\CallQueuedHandler.php(127): Illuminate\\Pipeline\\Pipeline->then(Object(Closure))\n#25 A:\\BE_Weblaptop\\vendor\\laravel\\framework\\src\\Illuminate\\Queue\\CallQueuedHandler.php(68): Illuminate\\Queue\\CallQueuedHandler->dispatchThroughMiddleware(Object(Illuminate\\Queue\\Jobs\\DatabaseJob), Object(Illuminate\\Mail\\SendQueuedMailable))\n#26 A:\\BE_Weblaptop\\vendor\\laravel\\framework\\src\\Illuminate\\Queue\\Jobs\\Job.php(102): Illuminate\\Queue\\CallQueuedHandler->call(Object(Illuminate\\Queue\\Jobs\\DatabaseJob), Array)\n#27 A:\\BE_Weblaptop\\vendor\\laravel\\framework\\src\\Illuminate\\Queue\\Worker.php(451): Illuminate\\Queue\\Jobs\\Job->fire()\n#28 A:\\BE_Weblaptop\\vendor\\laravel\\framework\\src\\Illuminate\\Queue\\Worker.php(401): Illuminate\\Queue\\Worker->process(\'database\', Object(Illuminate\\Queue\\Jobs\\DatabaseJob), Object(Illuminate\\Queue\\WorkerOptions))\n#29 A:\\BE_Weblaptop\\vendor\\laravel\\framework\\src\\Illuminate\\Queue\\Worker.php(187): Illuminate\\Queue\\Worker->runJob(Object(Illuminate\\Queue\\Jobs\\DatabaseJob), \'database\', Object(Illuminate\\Queue\\WorkerOptions))\n#30 A:\\BE_Weblaptop\\vendor\\laravel\\framework\\src\\Illuminate\\Queue\\Console\\WorkCommand.php(148): Illuminate\\Queue\\Worker->daemon(\'database\', \'default\', Object(Illuminate\\Queue\\WorkerOptions))\n#31 A:\\BE_Weblaptop\\vendor\\laravel\\framework\\src\\Illuminate\\Queue\\Console\\WorkCommand.php(131): Illuminate\\Queue\\Console\\WorkCommand->runWorker(\'database\', \'default\')\n#32 A:\\BE_Weblaptop\\vendor\\laravel\\framework\\src\\Illuminate\\Container\\BoundMethod.php(36): Illuminate\\Queue\\Console\\WorkCommand->handle()\n#33 A:\\BE_Weblaptop\\vendor\\laravel\\framework\\src\\Illuminate\\Container\\Util.php(43): Illuminate\\Container\\BoundMethod::{closure:Illuminate\\Container\\BoundMethod::call():35}()\n#34 A:\\BE_Weblaptop\\vendor\\laravel\\framework\\src\\Illuminate\\Container\\BoundMethod.php(96): Illuminate\\Container\\Util::unwrapIfClosure(Object(Closure))\n#35 A:\\BE_Weblaptop\\vendor\\laravel\\framework\\src\\Illuminate\\Container\\BoundMethod.php(35): Illuminate\\Container\\BoundMethod::callBoundMethod(Object(Illuminate\\Foundation\\Application), Array, Object(Closure))\n#36 A:\\BE_Weblaptop\\vendor\\laravel\\framework\\src\\Illuminate\\Container\\Container.php(836): Illuminate\\Container\\BoundMethod::call(Object(Illuminate\\Foundation\\Application), Array, Array, NULL)\n#37 A:\\BE_Weblaptop\\vendor\\laravel\\framework\\src\\Illuminate\\Console\\Command.php(211): Illuminate\\Container\\Container->call(Array)\n#38 A:\\BE_Weblaptop\\vendor\\symfony\\console\\Command\\Command.php(318): Illuminate\\Console\\Command->execute(Object(Symfony\\Component\\Console\\Input\\ArgvInput), Object(Illuminate\\Console\\OutputStyle))\n#39 A:\\BE_Weblaptop\\vendor\\laravel\\framework\\src\\Illuminate\\Console\\Command.php(180): Symfony\\Component\\Console\\Command\\Command->run(Object(Symfony\\Component\\Console\\Input\\ArgvInput), Object(Illuminate\\Console\\OutputStyle))\n#40 A:\\BE_Weblaptop\\vendor\\symfony\\console\\Application.php(1110): Illuminate\\Console\\Command->run(Object(Symfony\\Component\\Console\\Input\\ArgvInput), Object(Symfony\\Component\\Console\\Output\\ConsoleOutput))\n#41 A:\\BE_Weblaptop\\vendor\\symfony\\console\\Application.php(359): Symfony\\Component\\Console\\Application->doRunCommand(Object(Illuminate\\Queue\\Console\\WorkCommand), Object(Symfony\\Component\\Console\\Input\\ArgvInput), Object(Symfony\\Component\\Console\\Output\\ConsoleOutput))\n#42 A:\\BE_Weblaptop\\vendor\\symfony\\console\\Application.php(194): Symfony\\Component\\Console\\Application->doRun(Object(Symfony\\Component\\Console\\Input\\ArgvInput), Object(Symfony\\Component\\Console\\Output\\ConsoleOutput))\n#43 A:\\BE_Weblaptop\\vendor\\laravel\\framework\\src\\Illuminate\\Foundation\\Console\\Kernel.php(197): Symfony\\Component\\Console\\Application->run(Object(Symfony\\Component\\Console\\Input\\ArgvInput), Object(Symfony\\Component\\Console\\Output\\ConsoleOutput))\n#44 A:\\BE_Weblaptop\\vendor\\laravel\\framework\\src\\Illuminate\\Foundation\\Application.php(1235): Illuminate\\Foundation\\Console\\Kernel->handle(Object(Symfony\\Component\\Console\\Input\\ArgvInput), Object(Symfony\\Component\\Console\\Output\\ConsoleOutput))\n#45 A:\\BE_Weblaptop\\artisan(16): Illuminate\\Foundation\\Application->handleCommand(Object(Symfony\\Component\\Console\\Input\\ArgvInput))\n#46 {main}', '2025-11-12 11:29:01');

-- --------------------------------------------------------

--
-- Cấu trúc bảng cho bảng `hang`
--

CREATE TABLE `hang` (
  `id` bigint(20) UNSIGNED NOT NULL,
  `tenhang` varchar(255) NOT NULL,
  `hinhanh` varchar(255) NOT NULL,
  `created_at` timestamp NULL DEFAULT NULL,
  `updated_at` timestamp NULL DEFAULT NULL
) ENGINE=InnoDB DEFAULT CHARSET=utf8mb4 COLLATE=utf8mb4_unicode_ci;

--
-- Đang đổ dữ liệu cho bảng `hang`
--

INSERT INTO `hang` (`id`, `tenhang`, `hinhanh`, `created_at`, `updated_at`) VALUES
(1, 'Apple', 'macbook.webp', NULL, '2025-11-07 15:00:41'),
(2, 'Dell', 'Dell.webp', NULL, NULL),
(3, 'Asus', 'Asus.webp', NULL, NULL),
(4, 'HP', 'HP.webp', NULL, '2025-11-08 06:25:44'),
(18, 'Acer', 'image_22.png', '2025-11-08 06:44:42', '2025-11-08 08:28:38'),
(19, 'Gigabyte', 'image_27.png', '2025-11-08 08:29:34', '2025-11-08 08:29:34'),
(20, 'Lenovo', 'image_29.png', '2025-11-08 08:30:12', '2025-11-08 08:30:12'),
(21, 'MSI', 'image_30.png', '2025-11-08 08:30:34', '2025-11-08 08:30:34');

-- --------------------------------------------------------

--
-- Cấu trúc bảng cho bảng `jobs`
--

CREATE TABLE `jobs` (
  `id` bigint(20) UNSIGNED NOT NULL,
  `queue` varchar(255) NOT NULL,
  `payload` longtext NOT NULL,
  `attempts` tinyint(3) UNSIGNED NOT NULL,
  `reserved_at` int(10) UNSIGNED DEFAULT NULL,
  `available_at` int(10) UNSIGNED NOT NULL,
  `created_at` int(10) UNSIGNED NOT NULL
) ENGINE=InnoDB DEFAULT CHARSET=utf8mb4 COLLATE=utf8mb4_unicode_ci;

-- --------------------------------------------------------

--
-- Cấu trúc bảng cho bảng `job_batches`
--

CREATE TABLE `job_batches` (
  `id` varchar(255) NOT NULL,
  `name` varchar(255) NOT NULL,
  `total_jobs` int(11) NOT NULL,
  `pending_jobs` int(11) NOT NULL,
  `failed_jobs` int(11) NOT NULL,
  `failed_job_ids` longtext NOT NULL,
  `options` mediumtext DEFAULT NULL,
  `cancelled_at` int(11) DEFAULT NULL,
  `created_at` int(11) NOT NULL,
  `finished_at` int(11) DEFAULT NULL
) ENGINE=InnoDB DEFAULT CHARSET=utf8mb4 COLLATE=utf8mb4_unicode_ci;

-- --------------------------------------------------------

--
-- Cấu trúc bảng cho bảng `kho`
--

CREATE TABLE `kho` (
  `id` int(11) NOT NULL,
  `id_sanpham` int(11) NOT NULL,
  `soluong_nhap` int(11) NOT NULL,
  `soluong_ton` int(11) NOT NULL,
  `soluong_daban` int(11) DEFAULT 0,
  `created_at` timestamp NULL DEFAULT NULL,
  `updated_at` timestamp NULL DEFAULT NULL
) ENGINE=InnoDB DEFAULT CHARSET=utf8mb4 COLLATE=utf8mb4_unicode_ci;

--
-- Đang đổ dữ liệu cho bảng `kho`
--

INSERT INTO `kho` (`id`, `id_sanpham`, `soluong_nhap`, `soluong_ton`, `soluong_daban`, `created_at`, `updated_at`) VALUES
(12, 11, 50, 50, 0, '2025-11-11 10:00:01', '2025-11-11 10:00:01'),
(13, 105, 50, 50, 0, '2025-11-11 10:00:01', '2025-11-11 10:00:01'),
(14, 106, 50, 50, 0, '2025-11-11 10:00:01', '2025-11-11 10:00:01'),
(15, 115, 50, 50, 0, '2025-11-11 10:00:01', '2025-11-11 10:00:01'),
(16, 116, 50, 50, 0, '2025-11-11 10:00:01', '2025-11-11 10:00:01'),
(17, 125, 50, 50, 0, '2025-11-11 10:00:01', '2025-11-11 10:00:01'),
(18, 126, 50, 50, 0, '2025-11-11 10:00:01', '2025-11-11 10:00:01'),
(19, 135, 50, 50, 0, '2025-11-11 10:00:01', '2025-11-11 10:00:01'),
(20, 136, 50, 50, 0, '2025-11-11 10:00:01', '2025-11-11 10:00:01'),
(21, 145, 50, 50, 0, '2025-11-11 10:00:01', '2025-11-11 10:00:01'),
(22, 146, 50, 50, 0, '2025-11-11 10:00:01', '2025-11-11 10:00:01'),
(23, 155, 50, 50, 0, '2025-11-11 10:00:01', '2025-11-11 10:00:01'),
(24, 156, 50, 50, 0, '2025-11-11 10:00:01', '2025-11-11 10:00:01'),
(25, 166, 50, 50, 0, '2025-11-11 10:00:01', '2025-11-11 10:00:01'),
(26, 175, 50, 50, 0, '2025-11-11 10:00:01', '2025-11-11 10:00:01'),
(27, 176, 50, 50, 0, '2025-11-11 10:00:01', '2025-11-11 10:00:01'),
(28, 6, 50, 50, 0, '2025-11-11 10:00:01', '2025-11-11 10:00:01'),
(29, 101, 50, 50, 0, '2025-11-11 10:00:01', '2025-11-11 10:00:01'),
(30, 111, 50, 50, 0, '2025-11-11 10:00:01', '2025-11-11 10:00:01'),
(31, 121, 50, 50, 0, '2025-11-11 10:00:01', '2025-11-11 10:00:01'),
(32, 131, 50, 50, 0, '2025-11-11 10:00:01', '2025-11-11 10:00:01'),
(33, 1, 50, 47, 3, '2025-11-11 10:00:01', '2025-11-12 11:35:30'),
(34, 2, 50, 49, 1, '2025-11-11 10:00:01', '2025-11-12 07:35:21'),
(35, 98, 50, 50, 0, '2025-11-11 10:00:01', '2025-11-11 10:00:01'),
(36, 107, 50, 50, 0, '2025-11-11 10:00:01', '2025-11-11 10:00:01'),
(37, 108, 50, 50, 0, '2025-11-11 10:00:01', '2025-11-11 10:00:01'),
(38, 117, 50, 50, 0, '2025-11-11 10:00:01', '2025-11-11 10:00:01'),
(39, 118, 50, 50, 0, '2025-11-11 10:00:01', '2025-11-11 10:00:01'),
(40, 127, 50, 50, 0, '2025-11-11 10:00:01', '2025-11-11 10:00:01'),
(41, 128, 50, 50, 0, '2025-11-11 10:00:01', '2025-11-11 10:00:01'),
(42, 137, 50, 50, 0, '2025-11-11 10:00:01', '2025-11-11 10:00:01'),
(43, 138, 50, 50, 0, '2025-11-11 10:00:01', '2025-11-11 10:00:01'),
(44, 147, 50, 50, 0, '2025-11-11 10:00:01', '2025-11-11 10:00:01'),
(45, 148, 50, 50, 0, '2025-11-11 10:00:01', '2025-11-11 10:00:01'),
(46, 157, 50, 50, 0, '2025-11-11 10:00:01', '2025-11-11 10:00:01'),
(47, 167, 50, 50, 0, '2025-11-11 10:00:01', '2025-11-11 10:00:01'),
(48, 177, 50, 50, 0, '2025-11-11 10:00:01', '2025-11-11 10:00:01'),
(49, 3, 50, 50, 0, '2025-11-11 10:00:01', '2025-11-11 10:00:01'),
(50, 4, 50, 50, 0, '2025-11-11 10:00:01', '2025-11-11 10:00:01'),
(51, 8, 50, 50, 0, '2025-11-11 10:00:01', '2025-11-11 10:00:01'),
(52, 102, 50, 50, 0, '2025-11-11 10:00:01', '2025-11-11 10:00:01'),
(53, 112, 50, 50, 0, '2025-11-11 10:00:01', '2025-11-11 10:00:01'),
(54, 122, 50, 50, 0, '2025-11-11 10:00:01', '2025-11-11 10:00:01'),
(55, 132, 50, 50, 0, '2025-11-11 10:00:01', '2025-11-11 10:00:01'),
(56, 142, 50, 50, 0, '2025-11-11 10:00:01', '2025-11-11 10:00:01'),
(57, 7, 50, 50, 0, '2025-11-11 10:00:01', '2025-11-11 10:00:01'),
(58, 10, 50, 50, 0, '2025-11-11 10:00:01', '2025-11-11 10:00:01'),
(59, 100, 50, 50, 0, '2025-11-11 10:00:01', '2025-11-11 10:00:01'),
(60, 110, 50, 50, 0, '2025-11-11 10:00:01', '2025-11-11 10:00:01'),
(61, 120, 50, 50, 0, '2025-11-11 10:00:01', '2025-11-11 10:00:01'),
(62, 130, 50, 50, 0, '2025-11-11 10:00:01', '2025-11-11 10:00:01'),
(63, 140, 50, 50, 0, '2025-11-11 10:00:01', '2025-11-11 10:00:01'),
(64, 5, 50, 50, 0, '2025-11-11 10:00:01', '2025-11-11 10:00:01'),
(65, 104, 50, 50, 0, '2025-11-11 10:00:01', '2025-11-11 10:00:01'),
(66, 114, 50, 50, 0, '2025-11-11 10:00:01', '2025-11-11 10:00:01'),
(67, 124, 50, 50, 0, '2025-11-11 10:00:01', '2025-11-11 10:00:01'),
(68, 134, 50, 50, 0, '2025-11-11 10:00:01', '2025-11-11 10:00:01'),
(69, 144, 50, 50, 0, '2025-11-11 10:00:01', '2025-11-11 10:00:01'),
(70, 103, 50, 50, 0, '2025-11-11 10:00:01', '2025-11-11 10:00:01'),
(71, 113, 50, 50, 0, '2025-11-11 10:00:01', '2025-11-11 10:00:01'),
(72, 123, 50, 50, 0, '2025-11-11 10:00:01', '2025-11-11 10:00:01'),
(73, 133, 50, 50, 0, '2025-11-11 10:00:01', '2025-11-11 10:00:01'),
(74, 143, 50, 50, 0, '2025-11-11 10:00:01', '2025-11-11 10:00:01'),
(75, 153, 50, 50, 0, '2025-11-11 10:00:01', '2025-11-11 10:00:01'),
(76, 9, 50, 50, 0, '2025-11-11 10:00:01', '2025-11-11 10:00:01'),
(77, 99, 50, 50, 0, '2025-11-11 10:00:01', '2025-11-11 10:00:01'),
(78, 109, 50, 50, 0, '2025-11-11 10:00:01', '2025-11-11 10:00:01'),
(79, 119, 50, 50, 0, '2025-11-11 10:00:01', '2025-11-11 10:00:01'),
(80, 139, 50, 50, 0, '2025-11-11 10:00:01', '2025-11-11 10:00:01'),
(81, 149, 51, 51, 0, '2025-11-11 10:00:01', '2025-11-11 11:02:56');

-- --------------------------------------------------------

--
-- Cấu trúc bảng cho bảng `messages`
--

CREATE TABLE `messages` (
  `id` bigint(20) UNSIGNED NOT NULL,
  `user_id` bigint(20) UNSIGNED DEFAULT NULL,
  `is_admin` tinyint(1) NOT NULL DEFAULT 0,
  `message` text NOT NULL,
  `created_at` timestamp NULL DEFAULT NULL,
  `updated_at` timestamp NULL DEFAULT NULL
) ENGINE=InnoDB DEFAULT CHARSET=utf8mb4 COLLATE=utf8mb4_unicode_ci;

--
-- Đang đổ dữ liệu cho bảng `messages`
--

INSERT INTO `messages` (`id`, `user_id`, `is_admin`, `message`, `created_at`, `updated_at`) VALUES
(6, 2, 0, 'alo', '2025-11-13 07:46:32', '2025-11-13 07:46:32'),
(7, 1, 1, '????', '2025-11-13 07:46:43', '2025-11-13 07:46:43'),
(8, 2, 0, ':)', '2025-11-13 07:57:22', '2025-11-13 07:57:22'),
(9, 2, 1, '?:))', '2025-11-13 07:57:42', '2025-11-13 07:57:42'),
(10, 2, 0, 'moshi moshi', '2025-11-13 07:58:10', '2025-11-13 07:58:10'),
(11, 2, 1, 'send help', '2025-11-13 07:58:31', '2025-11-13 07:58:31'),
(12, 2, 0, 'hú year', '2025-11-13 08:07:38', '2025-11-13 08:07:38'),
(13, 2, 1, 'hmmph', '2025-11-13 08:07:51', '2025-11-13 08:07:51'),
(14, 2, 0, 'solo', '2025-11-13 08:10:21', '2025-11-13 08:10:21'),
(15, 2, 1, 'âsfáâ', '2025-11-13 08:17:07', '2025-11-13 08:17:07'),
(16, 2, 0, ':))))))', '2025-11-13 08:17:19', '2025-11-13 08:17:19'),
(17, 2, 1, ':))))', '2025-11-13 08:17:36', '2025-11-13 08:17:36'),
(18, 2, 1, 'alabama', '2025-11-13 08:18:05', '2025-11-13 08:18:05'),
(19, 2, 0, 'chán vcc', '2025-11-13 08:18:19', '2025-11-13 08:18:19'),
(20, 2, 0, 'ádấda', '2025-11-13 08:18:58', '2025-11-13 08:18:58'),
(21, 2, 1, ':)', '2025-11-13 08:19:09', '2025-11-13 08:19:09'),
(22, 2, 0, 'haizz', '2025-11-13 08:37:34', '2025-11-13 08:37:34'),
(23, 2, 1, 'ok', '2025-11-13 08:37:45', '2025-11-13 08:37:45'),
(24, 2, 1, ':)', '2025-11-13 08:44:49', '2025-11-13 08:44:49'),
(25, 2, 0, ':)))', '2025-11-13 09:03:33', '2025-11-13 09:03:33'),
(26, 16, 0, '==', '2025-11-13 09:04:31', '2025-11-13 09:04:31');

-- --------------------------------------------------------

--
-- Cấu trúc bảng cho bảng `migrations`
--

CREATE TABLE `migrations` (
  `id` int(10) UNSIGNED NOT NULL,
  `migration` varchar(255) NOT NULL,
  `batch` int(11) NOT NULL
) ENGINE=InnoDB DEFAULT CHARSET=utf8mb4 COLLATE=utf8mb4_unicode_ci;

--
-- Đang đổ dữ liệu cho bảng `migrations`
--

INSERT INTO `migrations` (`id`, `migration`, `batch`) VALUES
(1, '0001_01_01_000001_create_cache_table', 1),
(2, '0001_01_01_000002_create_jobs_table', 1),
(3, '2025_10_14_080046_create_taikhoan_table', 1),
(4, '2025_10_14_103119_create_personal_access_tokens_table', 1),
(5, '2025_10_23_133319_create_hangs_table', 1),
(6, '2025_10_23_133512_create_danh_mucs_table', 1),
(7, '2025_10_23_140122_add_hang_danhmuc_to_sanpham_table', 2),
(8, '2025_10_23_143543_add_foreign_keys_to_danhmuc_table', 3),
(9, '2025_10_24_061543_dropunique', 4),
(10, '2025_10_28_102300_chuyenmuc', 5),
(11, '2025_11_06_192033_create_binhluan_table', 6),
(12, '2025_11_08_230836_create_pending_orders_table', 7),
(13, '2025_11_12_190857_create_messages_table', 8);

-- --------------------------------------------------------

--
-- Cấu trúc bảng cho bảng `password_reset_tokens`
--

CREATE TABLE `password_reset_tokens` (
  `email` varchar(255) NOT NULL,
  `token` varchar(255) NOT NULL,
  `created_at` timestamp NULL DEFAULT NULL
) ENGINE=InnoDB DEFAULT CHARSET=utf8mb4 COLLATE=utf8mb4_unicode_ci;

-- --------------------------------------------------------

--
-- Cấu trúc bảng cho bảng `pending_orders`
--

CREATE TABLE `pending_orders` (
  `id` bigint(20) UNSIGNED NOT NULL,
  `txn_ref` varchar(100) NOT NULL,
  `data` longtext CHARACTER SET utf8mb4 COLLATE utf8mb4_bin NOT NULL CHECK (json_valid(`data`)),
  `expires_at` timestamp NOT NULL DEFAULT current_timestamp() ON UPDATE current_timestamp(),
  `created_at` timestamp NULL DEFAULT NULL,
  `updated_at` timestamp NULL DEFAULT NULL
) ENGINE=InnoDB DEFAULT CHARSET=utf8mb4 COLLATE=utf8mb4_unicode_ci;

--
-- Đang đổ dữ liệu cho bảng `pending_orders`
--

INSERT INTO `pending_orders` (`id`, `txn_ref`, `data`, `expires_at`, `created_at`, `updated_at`) VALUES
(1, 'ORD1762618292_GYU68oKeFGwedQIAWRnYEiUChumqMO2P0WRGOChK', '{\"ten_khachhang\":\"TungTungTung Sahur\",\"email\":\"test@example.com\",\"sdt\":\"0975439645\",\"diachi\":\"t\\u1ed5 4 ph\\u01b0\\u1eddng ngh\\u0129a th\\u00e0nh, Ph\\u01b0\\u1eddng 2, Qu\\u1eadn 3, TP. H\\u1ed3 Ch\\u00ed Minh\",\"ghi_chu\":null,\"giohang\":[{\"sanpham_id\":2,\"so_luong\":1,\"don_gia\":20000000},{\"sanpham_id\":5,\"so_luong\":1,\"don_gia\":20000000},{\"sanpham_id\":8,\"so_luong\":1,\"don_gia\":20000000}]}', '2025-11-08 16:41:32', '2025-11-08 16:11:32', '2025-11-08 16:11:32'),
(2, 'ORD1762618437_VWF6zA9wfl9SMHIB0sN85cEEUKbTzdjWiWTEjYOw', '{\"ten_khachhang\":\"TungTungTung Sahur\",\"email\":\"test@example.com\",\"sdt\":\"0975439645\",\"diachi\":\"t\\u1ed5 4 ph\\u01b0\\u1eddng ngh\\u0129a th\\u00e0nh, Ph\\u01b0\\u1eddng 1, Qu\\u1eadn 1, TP. H\\u1ed3 Ch\\u00ed Minh\",\"ghi_chu\":null,\"giohang\":[{\"sanpham_id\":2,\"so_luong\":1,\"don_gia\":20000000},{\"sanpham_id\":5,\"so_luong\":1,\"don_gia\":20000000},{\"sanpham_id\":8,\"so_luong\":1,\"don_gia\":20000000}]}', '2025-11-08 16:43:57', '2025-11-08 16:13:57', '2025-11-08 16:13:57'),
(3, 'ORD1762618632_QZAGcvrYnKwSCAuxVK8XSbxWuZ0SIELdaNLxPipB', '{\"ten_khachhang\":\"TungTungTung Sahur\",\"email\":\"test@example.com\",\"sdt\":\"0975439645\",\"diachi\":\"t\\u1ed5 4 ph\\u01b0\\u1eddng ngh\\u0129a th\\u00e0nh, Ph\\u01b0\\u1eddng 2, Qu\\u1eadn 1, TP. H\\u1ed3 Ch\\u00ed Minh\",\"ghi_chu\":null,\"giohang\":[{\"sanpham_id\":2,\"so_luong\":1,\"don_gia\":20000000},{\"sanpham_id\":5,\"so_luong\":1,\"don_gia\":20000000},{\"sanpham_id\":8,\"so_luong\":1,\"don_gia\":20000000}]}', '2025-11-08 16:47:12', '2025-11-08 16:17:12', '2025-11-08 16:17:12'),
(4, 'ORD1762618900_q3ICmm4VHAByRAG3bxj0s8AkfBFNNaBgBgfVKhrc', '{\"ten_khachhang\":\"TungTungTung Sahur\",\"email\":\"test@example.com\",\"sdt\":\"0975439645\",\"diachi\":\"t\\u1ed5 4 ph\\u01b0\\u1eddng ngh\\u0129a th\\u00e0nh, Ph\\u01b0\\u1eddng 3, Qu\\u1eadn 1, TP. H\\u1ed3 Ch\\u00ed Minh\",\"ghi_chu\":null,\"giohang\":[{\"sanpham_id\":2,\"so_luong\":1,\"don_gia\":20000000},{\"sanpham_id\":5,\"so_luong\":1,\"don_gia\":20000000},{\"sanpham_id\":8,\"so_luong\":1,\"don_gia\":20000000}]}', '2025-11-08 16:51:40', '2025-11-08 16:21:40', '2025-11-08 16:21:40'),
(5, 'ORD1762620249_fpUkERpvyEijzljeqH7uEXZ4ut4WhOjfD5HZ3WIe', '{\"ten_khachhang\":\"TungTungTung Sahur\",\"email\":\"test@example.com\",\"sdt\":\"0975439645\",\"diachi\":\"t\\u1ed5 4 ph\\u01b0\\u1eddng ngh\\u0129a th\\u00e0nh, Ph\\u01b0\\u1eddng 3, Qu\\u1eadn 1, TP. H\\u1ed3 Ch\\u00ed Minh\",\"ghi_chu\":null,\"giohang\":[{\"sanpham_id\":8,\"so_luong\":1,\"don_gia\":20000000}],\"user_id\":2}', '2025-11-08 17:14:09', '2025-11-08 16:44:09', '2025-11-08 16:44:09'),
(6, 'ORD1762620397_Oia0iixdL0XLNGYdw9weyyt54lzC0op4g2rY2K7i', '{\"ten_khachhang\":\"TungTungTung Sahur\",\"email\":\"test@example.com\",\"sdt\":\"0975439645\",\"diachi\":\"t\\u1ed5 4 ph\\u01b0\\u1eddng ngh\\u0129a th\\u00e0nh, Ph\\u01b0\\u1eddng 3, Qu\\u1eadn 5, TP. H\\u1ed3 Ch\\u00ed Minh\",\"ghi_chu\":null,\"giohang\":[{\"sanpham_id\":8,\"so_luong\":1,\"don_gia\":20000000}],\"user_id\":2}', '2025-11-08 17:16:37', '2025-11-08 16:46:37', '2025-11-08 16:46:37'),
(7, 'ORD1762620592_ylN08Ilf8bujJPSuk0Sb5dAFAubhyCZ6QynbdlKd', '{\"ten_khachhang\":\"TungTungTung Sahur\",\"email\":\"test@example.com\",\"sdt\":\"0975439645\",\"diachi\":\"t\\u1ed5 4 ph\\u01b0\\u1eddng ngh\\u0129a th\\u00e0nh, Ph\\u01b0\\u1eddng 3, Qu\\u1eadn 3, TP. H\\u1ed3 Ch\\u00ed Minh\",\"ghi_chu\":null,\"giohang\":[{\"sanpham_id\":8,\"so_luong\":1,\"don_gia\":20000000}],\"user_id\":2}', '2025-11-08 17:19:52', '2025-11-08 16:49:52', '2025-11-08 16:49:52'),
(8, 'ORD1762620714_v33ujTBj5jNHs9EMpQk91MsXI7c71bQ80uTYgx5T', '{\"ten_khachhang\":\"l\\u1ed9c\",\"email\":\"khi1@gmail.com\",\"sdt\":\"0975439645\",\"diachi\":\"t\\u1ed5 4 ph\\u01b0\\u1eddng ngh\\u0129a th\\u00e0nh, Ph\\u01b0\\u1eddng 1, Qu\\u1eadn 5, TP. H\\u1ed3 Ch\\u00ed Minh\",\"ghi_chu\":null,\"giohang\":[{\"sanpham_id\":8,\"so_luong\":1,\"don_gia\":20000000}],\"user_id\":2}', '2025-11-08 17:21:54', '2025-11-08 16:51:54', '2025-11-08 16:51:54'),
(9, 'ORD1762620795_mqydRhbyGsbqvzTwuAeB5CkckjUuDdyRppjhTYA7', '{\"ten_khachhang\":\"TungTungTung Sahur\",\"email\":\"test@example.com\",\"sdt\":\"0975439645\",\"diachi\":\"t\\u1ed5 4 ph\\u01b0\\u1eddng ngh\\u0129a th\\u00e0nh, Ph\\u01b0\\u1eddng 2, Qu\\u1eadn 1, TP. H\\u1ed3 Ch\\u00ed Minh\",\"ghi_chu\":null,\"giohang\":[{\"sanpham_id\":8,\"so_luong\":1,\"don_gia\":20000000}],\"user_id\":2}', '2025-11-08 17:23:15', '2025-11-08 16:53:15', '2025-11-08 16:53:15'),
(10, 'ORD1762620838_eEzMzfd5ym98JJ58H68ns9Z6KYzXciBG057oBX3G', '{\"ten_khachhang\":\"TungTungTung Sahur\",\"email\":\"test@example.com\",\"sdt\":\"0975439645\",\"diachi\":\"t\\u1ed5 4 ph\\u01b0\\u1eddng ngh\\u0129a th\\u00e0nh, Ph\\u01b0\\u1eddng 1, Qu\\u1eadn 1, TP. H\\u1ed3 Ch\\u00ed Minh\",\"ghi_chu\":null,\"giohang\":[{\"sanpham_id\":8,\"so_luong\":1,\"don_gia\":20000000}],\"user_id\":2}', '2025-11-08 17:23:58', '2025-11-08 16:53:58', '2025-11-08 16:53:58'),
(11, 'ORD1762620904_6TMJoYj20sPklK6g28xmcg7Rxt9TxyOx5K1gBpO8', '{\"ten_khachhang\":\"TungTungTung Sahur\",\"email\":\"test@example.com\",\"sdt\":\"0975439645\",\"diachi\":\"t\\u1ed5 4 ph\\u01b0\\u1eddng ngh\\u0129a th\\u00e0nh, Ph\\u01b0\\u1eddng 3, Qu\\u1eadn 1, TP. H\\u1ed3 Ch\\u00ed Minh\",\"ghi_chu\":null,\"giohang\":[{\"sanpham_id\":8,\"so_luong\":1,\"don_gia\":20000000}],\"user_id\":2}', '2025-11-08 17:25:04', '2025-11-08 16:55:04', '2025-11-08 16:55:04'),
(12, 'ORD1762621133_MV7nEiY7Q5vgiKSKOoAbb0ANWDt51dT7hJnTRjd2', '{\"ten_khachhang\":\"TungTungTung Sahur\",\"email\":\"test@example.com\",\"sdt\":\"0975439645\",\"diachi\":\"t\\u1ed5 4 ph\\u01b0\\u1eddng ngh\\u0129a th\\u00e0nh, Ph\\u01b0\\u1eddng 2, Qu\\u1eadn 1, TP. H\\u1ed3 Ch\\u00ed Minh\",\"ghi_chu\":null,\"giohang\":[{\"sanpham_id\":8,\"so_luong\":1,\"don_gia\":20000000}],\"user_id\":2}', '2025-11-08 17:28:53', '2025-11-08 16:58:53', '2025-11-08 16:58:53'),
(13, 'ORD1762621430_kr6xLdAgJg97LsS3J0MEORa9nEDl7UzEKVKZccHN', '{\"ten_khachhang\":\"TungTungTung Sahur\",\"email\":\"test@example.com\",\"sdt\":\"0975439645\",\"diachi\":\"t\\u1ed5 4 ph\\u01b0\\u1eddng ngh\\u0129a th\\u00e0nh, Ph\\u01b0\\u1eddng 2, Qu\\u1eadn 5, TP. H\\u1ed3 Ch\\u00ed Minh\",\"ghi_chu\":null,\"giohang\":[{\"sanpham_id\":8,\"so_luong\":1,\"don_gia\":20000000}],\"user_id\":2}', '2025-11-08 17:33:50', '2025-11-08 17:03:50', '2025-11-08 17:03:50'),
(14, 'ORD1762621591_2X4IbEQEAAeL2qMvx8cx8QXquVfAJusqZgdwNCs1', '{\"ten_khachhang\":\"TungTungTung Sahur\",\"email\":\"test@example.com\",\"sdt\":\"0975439645\",\"diachi\":\"t\\u1ed5 4 ph\\u01b0\\u1eddng ngh\\u0129a th\\u00e0nh, Ph\\u01b0\\u1eddng 1, Qu\\u1eadn 1, TP. H\\u1ed3 Ch\\u00ed Minh\",\"ghi_chu\":null,\"giohang\":[{\"sanpham_id\":8,\"so_luong\":1,\"don_gia\":20000000}],\"user_id\":2}', '2025-11-08 17:36:31', '2025-11-08 17:06:31', '2025-11-08 17:06:31'),
(15, 'ORD1762621802_FfailB3ea91p89fcLohjTFfoah2stBPxrm80N2Bb', '{\"ten_khachhang\":\"Kh\\u1ec9\",\"email\":\"khi1@gmail.com\",\"sdt\":\"0975439645\",\"diachi\":\"t\\u1ed5 4 ph\\u01b0\\u1eddng ngh\\u0129a th\\u00e0nh, Ph\\u01b0\\u1eddng 3, Qu\\u1eadn 3, TP. H\\u1ed3 Ch\\u00ed Minh\",\"ghi_chu\":null,\"giohang\":[{\"sanpham_id\":8,\"so_luong\":1,\"don_gia\":20000000}],\"user_id\":2}', '2025-11-08 17:40:02', '2025-11-08 17:10:02', '2025-11-08 17:10:02'),
(16, 'ORD1762621943_JSKpA0PnUjOtRGopcaTeeEN5njmK8FZNOZE1mwCb', '{\"ten_khachhang\":\"TungTungTung Sahur\",\"email\":\"test@example.com\",\"sdt\":\"0975439645\",\"diachi\":\"t\\u1ed5 4 ph\\u01b0\\u1eddng ngh\\u0129a th\\u00e0nh, Ph\\u01b0\\u1eddng 2, Qu\\u1eadn 1, TP. H\\u1ed3 Ch\\u00ed Minh\",\"ghi_chu\":null,\"giohang\":[{\"sanpham_id\":8,\"so_luong\":1,\"don_gia\":20000000}],\"user_id\":2}', '2025-11-08 17:42:23', '2025-11-08 17:12:23', '2025-11-08 17:12:23'),
(17, 'ORD1762622085_EYK4z60s5I7hu5XbWFUWj2zyMS6rGorsdS7aMQfx', '{\"ten_khachhang\":\"TungTungTung Sahur\",\"email\":\"khi1@gmail.com\",\"sdt\":\"0975439645\",\"diachi\":\"t\\u1ed5 4 ph\\u01b0\\u1eddng ngh\\u0129a th\\u00e0nh, Ph\\u01b0\\u1eddng 3, Qu\\u1eadn 5, TP. H\\u1ed3 Ch\\u00ed Minh\",\"ghi_chu\":null,\"giohang\":[{\"sanpham_id\":8,\"so_luong\":1,\"don_gia\":20000000}]}', '2025-11-08 17:44:45', '2025-11-08 17:14:45', '2025-11-08 17:14:45'),
(18, 'ORD1762622366_ulythelhiR9UjboVG8QqFFnPK1ZLJzt8oRJTTqnd', '{\"ten_khachhang\":\"TungTungTung Sahur\",\"email\":\"test@example.com\",\"sdt\":\"0975439645\",\"diachi\":\"t\\u1ed5 4 ph\\u01b0\\u1eddng ngh\\u0129a th\\u00e0nh, Ph\\u01b0\\u1eddng 3, Qu\\u1eadn 3, TP. H\\u1ed3 Ch\\u00ed Minh\",\"ghi_chu\":null,\"giohang\":[{\"sanpham_id\":8,\"so_luong\":1,\"don_gia\":20000000}],\"user_id\":2}', '2025-11-08 17:49:26', '2025-11-08 17:19:26', '2025-11-08 17:19:26'),
(19, 'ORD1762622491_jMv3RmWhmK1LtQv0fFp8G7MyTE73txtQn4VdIAV4', '{\"ten_khachhang\":\"TungTungTung Sahur\",\"email\":\"test@example.com\",\"sdt\":\"0975439645\",\"diachi\":\"t\\u1ed5 4 ph\\u01b0\\u1eddng ngh\\u0129a th\\u00e0nh, Ph\\u01b0\\u1eddng 3, Qu\\u1eadn 5, TP. H\\u1ed3 Ch\\u00ed Minh\",\"ghi_chu\":null,\"giohang\":[{\"sanpham_id\":8,\"so_luong\":1,\"don_gia\":20000000}],\"user_id\":2}', '2025-11-08 17:51:31', '2025-11-08 17:21:31', '2025-11-08 17:21:31'),
(20, 'ORD1762622770_5EtcvyEe0vPpa4yeCA3CwskWKWZrnyqUgUDBnNkk', '{\"ten_khachhang\":\"Kh\\u1ec9\",\"email\":\"khi1@gmail.com\",\"sdt\":\"0975439645\",\"diachi\":\"t\\u1ed5 4 ph\\u01b0\\u1eddng ngh\\u0129a th\\u00e0nh, Ph\\u01b0\\u1eddng 3, Qu\\u1eadn 3, TP. H\\u1ed3 Ch\\u00ed Minh\",\"ghi_chu\":null,\"giohang\":[{\"sanpham_id\":8,\"so_luong\":1,\"don_gia\":20000000}],\"user_id\":2}', '2025-11-08 17:56:10', '2025-11-08 17:26:10', '2025-11-08 17:26:10'),
(21, 'ORD1762622882_bOaBaWVMtEg6cztRsA20AlZeWE2Qd4hbNnLh9LFo', '{\"ten_khachhang\":\"TungTungTung Sahur\",\"email\":\"test@example.com\",\"sdt\":\"0975439645\",\"diachi\":\"t\\u1ed5 4 ph\\u01b0\\u1eddng ngh\\u0129a th\\u00e0nh, Ph\\u01b0\\u1eddng 2, Qu\\u1eadn 1, TP. H\\u1ed3 Ch\\u00ed Minh\",\"ghi_chu\":null,\"giohang\":[{\"sanpham_id\":8,\"so_luong\":1,\"don_gia\":20000000}],\"user_id\":2}', '2025-11-08 17:58:02', '2025-11-08 17:28:02', '2025-11-08 17:28:02'),
(25, 'ORD1762679247_gaDBq6pvUXcumycr0FryBToZICd2jAFYPYtLZLrE', '{\"ten_khachhang\":\"TungTungTung Sahur\",\"email\":\"test@example.com\",\"sdt\":\"0975439645\",\"diachi\":\"t\\u1ed5 4 ph\\u01b0\\u1eddng ngh\\u0129a th\\u00e0nh, Ph\\u01b0\\u1eddng 1, Qu\\u1eadn 3, TP. H\\u1ed3 Ch\\u00ed Minh\",\"ghi_chu\":null,\"giohang\":[{\"sanpham_id\":2,\"so_luong\":1,\"don_gia\":20000000}],\"user_id\":2}', '2025-11-09 09:37:27', '2025-11-09 09:07:27', '2025-11-09 09:07:27'),
(26, 'ORD1762679248_yt2TQSfJAxlNTGeiC9Ag4gFkKYd3uX9nwn24lzzY', '{\"ten_khachhang\":\"TungTungTung Sahur\",\"email\":\"test@example.com\",\"sdt\":\"0975439645\",\"diachi\":\"t\\u1ed5 4 ph\\u01b0\\u1eddng ngh\\u0129a th\\u00e0nh, Ph\\u01b0\\u1eddng 1, Qu\\u1eadn 3, TP. H\\u1ed3 Ch\\u00ed Minh\",\"ghi_chu\":null,\"giohang\":[{\"sanpham_id\":2,\"so_luong\":1,\"don_gia\":20000000}],\"user_id\":2}', '2025-11-09 09:37:28', '2025-11-09 09:07:28', '2025-11-09 09:07:28');

-- --------------------------------------------------------

--
-- Cấu trúc bảng cho bảng `personal_access_tokens`
--

CREATE TABLE `personal_access_tokens` (
  `id` bigint(20) UNSIGNED NOT NULL,
  `tokenable_type` varchar(255) NOT NULL,
  `tokenable_id` varchar(255) NOT NULL,
  `name` text NOT NULL,
  `token` varchar(64) NOT NULL,
  `abilities` text DEFAULT NULL,
  `last_used_at` timestamp NULL DEFAULT NULL,
  `expires_at` timestamp NULL DEFAULT NULL,
  `created_at` timestamp NULL DEFAULT NULL,
  `updated_at` timestamp NULL DEFAULT NULL
) ENGINE=InnoDB DEFAULT CHARSET=utf8mb4 COLLATE=utf8mb4_unicode_ci;

--
-- Đang đổ dữ liệu cho bảng `personal_access_tokens`
--

INSERT INTO `personal_access_tokens` (`id`, `tokenable_type`, `tokenable_id`, `name`, `token`, `abilities`, `last_used_at`, `expires_at`, `created_at`, `updated_at`) VALUES
(33, 'App\\Models\\TaiKhoan', 'alabama', 'auth_token', 'efce66c6511610ad9d45793e7d714515bb5ccaae5ef87d36845fbe0e3921b140', '[\"*\"]', '2025-11-05 08:26:14', NULL, '2025-11-05 06:32:01', '2025-11-05 08:26:14'),
(34, 'App\\Models\\TaiKhoan', 'alabama', 'auth_token', '1818ac06b8b2e9ebf2d27ad15150a4ba2ec2f6a71fb1e7945e3e786bf5a12b55', '[\"*\"]', '2025-11-05 08:06:43', NULL, '2025-11-05 07:57:46', '2025-11-05 08:06:43'),
(96, 'App\\Models\\TaiKhoan', '1', 'auth_token', '027ad5e1f82caa4f0bbfd52296aa2a6ea07d20a9f6d0ebfa1104be7af2f3e605', '[\"*\"]', '2025-11-18 09:27:54', NULL, '2025-11-18 09:17:04', '2025-11-18 09:27:54');

-- --------------------------------------------------------

--
-- Cấu trúc bảng cho bảng `sanpham`
--

CREATE TABLE `sanpham` (
  `masp` int(11) UNSIGNED NOT NULL,
  `tensp` char(50) NOT NULL,
  `anhdaidien` char(50) NOT NULL,
  `mota` varchar(1000) NOT NULL,
  `hinhanhkhac1` char(50) DEFAULT NULL,
  `giamoi` decimal(15,2) UNSIGNED DEFAULT NULL,
  `giacu` decimal(15,2) UNSIGNED DEFAULT NULL,
  `trangthai` int(11) NOT NULL,
  `hang_id` bigint(20) UNSIGNED DEFAULT NULL,
  `danhmuc_id` bigint(20) UNSIGNED DEFAULT NULL,
  `chuyenmuc_id` bigint(20) UNSIGNED DEFAULT NULL
) ENGINE=InnoDB DEFAULT CHARSET=utf8mb4 COLLATE=utf8mb4_unicode_ci;

--
-- Đang đổ dữ liệu cho bảng `sanpham`
--

INSERT INTO `sanpham` (`masp`, `tensp`, `anhdaidien`, `mota`, `hinhanhkhac1`, `giamoi`, `giacu`, `trangthai`, `hang_id`, `danhmuc_id`, `chuyenmuc_id`) VALUES
(1, 'Asus ROG Strix SCAR 18 (2024) G834JYR', 'rog-scar.jpg', 'Asus ROG Strix SCAR 18 2024 trang bị CPU Ryzen 9 7945HX kết hợp GPU RTX 4080/4090, mang lại hiệu năng hàng đầu cho gaming và đồ họa nặng. Màn hình 18 inch Nebula HDR QHD+ 240Hz cho độ sáng cao và độ mượt vượt trội. Tản nhiệt Tri-Fan và keo kim loại lỏng giúp duy trì hiệu suất ổn định trong thời gian dài. Máy có RAM DDR5 dung lượng lớn và SSD Gen4 tốc độ cao. Thiết kế hầm hố, RGB per-key phù hợp game thủ chuyên nghiệp.', 'rog-scar.jpg', 73990000.00, 85088500.00, 1, 3, 18, 1),
(2, 'Asus TUF Gaming F15 (2023) FX507ZC4', 'TUFGM2.jpg', 'Asus TUF Gaming F15 2023 sử dụng CPU i5-12500H và GPU RTX 3050, mang lại hiệu năng tốt cho gaming tầm trung và đồ họa 2D. Màn hình 15.6 inch FHD 144Hz ổn định trong game eSports. Máy đạt chuẩn bền MIL-STD-810H, RAM DDR5 và SSD NVMe cho tốc độ phản hồi nhanh. Phù hợp sinh viên và game thủ phổ thông.', 'TUFGM2.jpg', 20490000.00, 23563500.00, 1, 3, 18, 1),
(3, 'HP 14-ep0112TU (2023)', 'hp14s.jpg', 'HP 14-ep0112TU dùng CPU i5-1335U tiết kiệm điện, phù hợp cho học tập, văn phòng và giải trí nhẹ. Màn hình 14 inch FHD hiển thị ổn định. SSD NVMe cho tốc độ phản hồi nhanh. Máy gọn nhẹ, dễ mang theo hàng ngày. Lựa chọn tốt cho sinh viên và nhân viên văn phòng.', 'hp14s.jpg', 13590000.00, 15628500.00, 1, 4, 2, 4),
(4, 'HP 15-dw3033dx (2022)', 'hp15s.jpg', 'HP 15-dw3033dx trang bị CPU i5-1135G7 và đồ họa Iris Xe, đáp ứng tốt các tác vụ văn phòng và học tập. Màn hình 15.6 inch rộng rãi, phù hợp đọc tài liệu. SSD NVMe cho tốc độ mở máy nhanh. Thiết kế đơn giản, bền và ổn định.', 'hp15s.jpg', 11490000.00, 13213500.00, 1, 4, 2, 3),
(5, 'Gigabyte G5 KF (2023)', 'gigabyte-g5.jpg', 'Gigabyte G5 KF dùng CPU i5-12500H và RTX 4060, mang lại hiệu năng mạnh trong tầm giá. Màn hình 144Hz cho trải nghiệm game mượt mà. Tản nhiệt WINDFORCE giúp máy hoạt động ổn định. RAM lớn và SSD NVMe cho tốc độ phản hồi nhanh. Thích hợp game thủ phổ thông muốn cấu hình mạnh.', 'gigabyte-g5.jpg', 25490000.00, 29313500.00, 1, 19, 18, 1),
(6, 'Dell G15 5515 (R7 5800H / RTX 3050)', 'dell-g15.jpg', 'Dell G15 5515 sử dụng CPU Ryzen 7 5800H và RTX 3050, đáp ứng tốt game eSports và các tựa game phổ biến. Màn hình 120Hz cho độ mượt ổn định. Tản nhiệt hai quạt giúp duy trì hiệu suất lâu dài. Máy có thiết kế bền bỉ, phù hợp game thủ cần sự ổn định và mát mẻ.', 'dell-g15.jpg', 18990000.00, 21838500.00, 1, 2, 18, 1),
(7, 'Acer Nitro V 15 ANV15-51 (2023)', 'nitro-v.jpg', 'Acer Nitro V 15 dùng CPU i5-13420H và RTX 4050, mang lại hiệu năng mạnh trong phân khúc gaming phổ thông. Màn hình 144Hz ổn định trong game eSports. Máy trang bị tản nhiệt lớn giúp duy trì nhiệt độ tốt. RAM 16GB và SSD NVMe cho đa nhiệm mượt mà. Phù hợp sinh viên và người mới chơi game.', 'nitro-v.jpg', 22990000.00, 26438500.00, 1, 18, 18, 2),
(8, 'HP Victus 16-d0294TX', 'HP-VICTUS-16.jpg', 'HP Victus 16-d0294TX dùng CPU i5-11400H và RTX 3050, đáp ứng tốt gaming eSports và đồ họa nhẹ. Màn hình 16.1 inch 144Hz rộng rãi. Tản nhiệt lớn hơn dòng Pavilion giúp hiệu năng ổn định. Thiết kế đơn giản nhưng bền bỉ, phù hợp game thủ phổ thông.', 'HP-VICTUS-16.jpg', 19990000.00, 22988500.00, 1, 4, 18, 2),
(9, 'MSI Stealth 17 GS77 (2023)', 'MSI-Stealth-17.jpg', 'MSI Stealth 17 GS77 trang bị i7-13700HX và RTX 4070, mang lại hiệu năng mạnh mẽ cho gaming và sáng tạo nội dung. Màn hình 17 inch QHD+ 240Hz sắc nét và mượt. Thiết kế mỏng nhẹ hơn laptop gaming truyền thống, cùng tản nhiệt hiệu quả. RAM và SSD dung lượng lớn cho đa nhiệm tốt.', 'MSI-Stealth-17.jpg', 45990000.00, 52888500.00, 1, 21, 18, 3),
(10, 'Acer Predator Triton 500 SE (2022)', 'Acer-Predator-Triton.jpg', 'Acer Triton 500 SE dùng CPU i7-11800H và RTX 3070, cho hiệu năng mạnh trong khung máy mỏng gọn. Màn hình 16 inch WQXGA 165Hz sắc nét và mượt. Tản nhiệt Vapor Chamber duy trì hiệu suất cao. Thiết kế sang trọng phù hợp cả chơi game và làm việc đồ họa chuyên nghiệp.', 'Acer-Predator-Triton.jpg', 38990000.00, 44838500.00, 1, 18, 18, 2),
(11, 'MacBook Air M2 (2022)', 'Air-M2.jpg', 'MacBook Air M2 có thiết kế mỏng nhẹ, chip Apple M2 mạnh mẽ cho văn phòng và sáng tạo nhẹ. Màn hình Liquid Retina 13.6 inch hiển thị màu sắc chính xác. Máy hoạt động êm, không quạt, pin dùng dài. SSD tốc độ cao cho phản hồi nhanh, phù hợp sinh viên và nhân viên văn phòng.', 'Air-M2.jpg', 24990000.00, 28738500.00, 1, 1, 2, 1),
(98, 'Asus TUF Gaming F15 (2023) FX507ZC4', 'TUF.png', 'Asus TUF Gaming F15 2023 sử dụng CPU i5-12500H và GPU RTX 3050, mang lại hiệu năng tốt cho gaming tầm trung và đồ họa 2D. Màn hình 15.6 inch FHD 144Hz ổn định trong game eSports. Máy đạt chuẩn bền MIL-STD-810H, RAM DDR5 và SSD NVMe cho tốc độ phản hồi nhanh. Phù hợp sinh viên và game thủ phổ thông.', 'tuf-f15.jpg', 20490000.00, 23563500.00, 1, 3, 18, 1),
(99, 'MSI Katana 15 B13V (2023)', 'MSI.jpg', 'MSI Katana 15 B13V dùng CPU i5-13450HX/i7-13620H và RTX 4060, hiệu năng mạnh trong tầm giá. Màn hình 144Hz tối ưu cho eSports. Tản nhiệt Cooler Boost 5 duy trì hiệu suất tốt. RAM và SSD dễ nâng cấp. Đây là lựa chọn gaming phổ thông bán chạy của MSI.', 'katana15.jpg', 25490000.00, 29313500.00, 1, 21, 18, 2),
(100, 'Acer Predator Helios Neo 16 PHN16-71 (2023)', 'image_539.png', 'Acer Helios Neo 16 trang bị i7-13700HX và RTX 4060, cho hiệu năng mạnh trong tầm trung. Màn hình WQXGA 165Hz sắc nét và mượt. Tản nhiệt hai quạt lớn và keo kim loại lỏng duy trì hiệu suất cao. Thiết kế Predator cứng cáp phù hợp game thủ và người làm đồ họa.', 'helios16.jpg', 33990000.00, 39088500.00, 1, 18, 18, 3),
(101, 'Dell G15 5530 (2023)', 'image_271.png', 'Dell G15 5530 dùng CPU i5-13450HX/i7-13650HX và GPU RTX 4050/4060, mang lại hiệu năng tốt cho gaming tầm trung. Màn hình 165Hz mượt mà. Tản nhiệt nâng cấp giúp máy ổn định trong tải cao. Thiết kế bền bỉ, phù hợp người cần laptop gaming tin cậy.', 'g15.jpg', 28490000.00, 32763500.00, 1, 2, 18, 4),
(102, 'HP Omen 16 (2023)', 'image_347.png', 'HP Omen 16 2023 trang bị i7-13700HX và RTX 4060, hiệu năng mạnh cho gaming trung – cao cấp. Màn hình 16.1 inch 165Hz chuẩn màu. Thiết kế tối giản, tản nhiệt hiệu quả. RAM và SSD nhanh giúp xử lý mượt. Phù hợp game thủ và người làm đồ họa.', 'omen16.jpg', 37990000.00, 43688500.00, 1, 4, 18, 1),
(103, 'Lenovo Legion 5 Pro (2022) 16ARH7', 'image_198.png', 'Lenovo Legion 5 Pro 2022 sở hữu Ryzen 7 6800H và RTX 3060, cho hiệu năng mạnh và ổn định. Màn hình 16 inch 2.5K 165Hz chuẩn màu là điểm mạnh lớn. Tản nhiệt ColdFront giữ hiệu suất tốt. Bàn phím TrueStrike cho trải nghiệm gõ tốt. Phù hợp gaming và creator.', 'legion5.jpg', 29990000.00, 34488500.00, 1, 20, 18, 2),
(104, 'Gigabyte Aorus 15 BSF (2023)', 'image_357.png', 'Gigabyte Aorus 15 BSF dùng i7-13700H và RTX 4070, mang lại hiệu năng mạnh cho gaming và đồ họa. Màn hình FHD 360Hz cho độ mượt cực cao. Tản nhiệt WINDFORCE 4 giữ máy ổn định. Thiết kế nam tính, phù hợp game thủ yêu cầu tốc độ quét cao.', 'aorus15.jpg', 43990000.00, 50588500.00, 1, 19, 18, 3),
(105, 'MacBook Air M2 (2022)', 'image_637.png', 'MacBook Air M2 có thiết kế mỏng nhẹ, chip Apple M2 mạnh mẽ cho văn phòng và sáng tạo nhẹ. Màn hình Liquid Retina 13.6 inch hiển thị màu sắc chính xác. Máy hoạt động êm, không quạt, pin dùng dài. SSD tốc độ cao cho phản hồi nhanh, phù hợp sinh viên và nhân viên văn phòng.', 'macbook-air-m2.jpg', 24990000.00, 28738500.00, 1, 1, 2, 4),
(106, 'MacBook Pro 14-inch M3 (2023–2024)', 'image_578.png', 'MacBook Pro M3 mang lại hiệu năng vượt trội cho công việc đồ họa 2D/3D nhẹ và edit video. Màn hình Liquid Retina XDR sáng và chuẩn màu. Pin lâu, máy êm và thiết kế cao cấp. SSD tốc độ cao giúp mở ứng dụng nhanh. Phù hợp người làm sáng tạo cần hiệu năng mạnh trong thân máy nhỏ.', 'macbook-pro-m3.jpg', 38990000.00, 44838500.00, 1, 1, 15, 1),
(107, 'Asus ROG Strix SCAR 18 (2024) G834JYR', 'rog-scar.jpg', 'Asus ROG Strix SCAR 18 2024 trang bị CPU Ryzen 9 7945HX kết hợp GPU RTX 4080/4090, mang lại hiệu năng hàng đầu cho gaming và đồ họa nặng. Màn hình 18 inch Nebula HDR QHD+ 240Hz cho độ sáng cao và độ mượt vượt trội. Tản nhiệt Tri-Fan và keo kim loại lỏng giúp duy trì hiệu suất ổn định trong thời gian dài. Máy có RAM DDR5 dung lượng lớn và SSD Gen4 tốc độ cao. Thiết kế hầm hố, RGB per-key phù hợp game thủ chuyên nghiệp.', 'rog-scar.jpg', 73990000.00, 85088500.00, 1, 3, 18, 4),
(108, 'Asus TUF Gaming F15 (2023) FX507ZC4', 'image_297.png', 'Asus TUF Gaming F15 2023 sử dụng CPU i5-12500H và GPU RTX 3050, mang lại hiệu năng tốt cho gaming tầm trung và đồ họa 2D. Màn hình 15.6 inch FHD 144Hz ổn định trong game eSports. Máy đạt chuẩn bền MIL-STD-810H, RAM DDR5 và SSD NVMe cho tốc độ phản hồi nhanh. Phù hợp sinh viên và game thủ phổ thông.', 'tuf-f15.jpg', 20490000.00, 23563500.00, 1, 3, 18, 3),
(109, 'MSI Katana 15 B13V (2023)', 'image_355.png', 'MSI Katana 15 B13V dùng CPU i5-13450HX/i7-13620H và RTX 4060, hiệu năng mạnh trong tầm giá. Màn hình 144Hz tối ưu cho eSports. Tản nhiệt Cooler Boost 5 duy trì hiệu suất tốt. RAM và SSD dễ nâng cấp. Đây là lựa chọn gaming phổ thông bán chạy của MSI.', 'katana15.jpg', 25490000.00, 29313500.00, 1, 21, 18, 4),
(110, 'Acer Predator Helios Neo 16 PHN16-71 (2023)', 'image_460.png', 'Acer Helios Neo 16 trang bị i7-13700HX và RTX 4060, cho hiệu năng mạnh trong tầm trung. Màn hình WQXGA 165Hz sắc nét và mượt. Tản nhiệt hai quạt lớn và keo kim loại lỏng duy trì hiệu suất cao. Thiết kế Predator cứng cáp phù hợp game thủ và người làm đồ họa.', 'helios16.jpg', 33990000.00, 39088500.00, 1, 18, 18, 1),
(111, 'Dell G15 5530 (2023)', 'image_269.png', 'Dell G15 5530 dùng CPU i5-13450HX/i7-13650HX và GPU RTX 4050/4060, mang lại hiệu năng tốt cho gaming tầm trung. Màn hình 165Hz mượt mà. Tản nhiệt nâng cấp giúp máy ổn định trong tải cao. Thiết kế bền bỉ, phù hợp người cần laptop gaming tin cậy.', 'g15.jpg', 28490000.00, 32763500.00, 1, 2, 18, 2),
(112, 'HP Omen 16 (2023)', 'image_524.png', 'HP Omen 16 2023 trang bị i7-13700HX và RTX 4060, hiệu năng mạnh cho gaming trung – cao cấp. Màn hình 16.1 inch 165Hz chuẩn màu. Thiết kế tối giản, tản nhiệt hiệu quả. RAM và SSD nhanh giúp xử lý mượt. Phù hợp game thủ và người làm đồ họa.', 'omen16.jpg', 37990000.00, 43688500.00, 1, 4, 18, 3),
(113, 'Lenovo Legion 5 Pro (2022) 16ARH7', 'image_490.png', 'Lenovo Legion 5 Pro 2022 sở hữu Ryzen 7 6800H và RTX 3060, cho hiệu năng mạnh và ổn định. Màn hình 16 inch 2.5K 165Hz chuẩn màu là điểm mạnh lớn. Tản nhiệt ColdFront giữ hiệu suất tốt. Bàn phím TrueStrike cho trải nghiệm gõ tốt. Phù hợp gaming và creator.', 'legion5.jpg', 29990000.00, 34488500.00, 1, 20, 18, 4),
(114, 'Gigabyte Aorus 15 BSF (2023)', 'image_517.png', 'Gigabyte Aorus 15 BSF dùng i7-13700H và RTX 4070, mang lại hiệu năng mạnh cho gaming và đồ họa. Màn hình FHD 360Hz cho độ mượt cực cao. Tản nhiệt WINDFORCE 4 giữ máy ổn định. Thiết kế nam tính, phù hợp game thủ yêu cầu tốc độ quét cao.', 'aorus15.jpg', 43990000.00, 50588500.00, 1, 19, 18, 1),
(115, 'MacBook Air M2 (2022)', 'image_602.png', 'MacBook Air M2 có thiết kế mỏng nhẹ, chip Apple M2 mạnh mẽ cho văn phòng và sáng tạo nhẹ. Màn hình Liquid Retina 13.6 inch hiển thị màu sắc chính xác. Máy hoạt động êm, không quạt, pin dùng dài. SSD tốc độ cao cho phản hồi nhanh, phù hợp sinh viên và nhân viên văn phòng.', 'macbook-air-m2.jpg', 24990000.00, 28738500.00, 1, 1, 2, 2),
(116, 'MacBook Pro 14-inch M3 (2023–2024)', 'image_591.png', 'MacBook Pro M3 mang lại hiệu năng vượt trội cho công việc đồ họa 2D/3D nhẹ và edit video. Màn hình Liquid Retina XDR sáng và chuẩn màu. Pin lâu, máy êm và thiết kế cao cấp. SSD tốc độ cao giúp mở ứng dụng nhanh. Phù hợp người làm sáng tạo cần hiệu năng mạnh trong thân máy nhỏ.', 'macbook-pro-m3.jpg', 38990000.00, 44838500.00, 1, 1, 15, 3),
(117, 'Asus ROG Strix SCAR 18 (2024) G834JYR', 'rog-scar.jpg', 'Asus ROG Strix SCAR 18 2024 trang bị CPU Ryzen 9 7945HX kết hợp GPU RTX 4080/4090, mang lại hiệu năng hàng đầu cho gaming và đồ họa nặng. Màn hình 18 inch Nebula HDR QHD+ 240Hz cho độ sáng cao và độ mượt vượt trội. Tản nhiệt Tri-Fan và keo kim loại lỏng giúp duy trì hiệu suất ổn định trong thời gian dài. Máy có RAM DDR5 dung lượng lớn và SSD Gen4 tốc độ cao. Thiết kế hầm hố, RGB per-key phù hợp game thủ chuyên nghiệp.', 'rog-scar.jpg', 73990000.00, 85088500.00, 1, 3, 18, 4),
(118, 'Asus TUF Gaming F15 (2023) FX507ZC4', 'image_596.png', 'Asus TUF Gaming F15 2023 sử dụng CPU i5-12500H và GPU RTX 3050, mang lại hiệu năng tốt cho gaming tầm trung và đồ họa 2D. Màn hình 15.6 inch FHD 144Hz ổn định trong game eSports. Máy đạt chuẩn bền MIL-STD-810H, RAM DDR5 và SSD NVMe cho tốc độ phản hồi nhanh. Phù hợp sinh viên và game thủ phổ thông.', 'tuf-f15.jpg', 20490000.00, 23563500.00, 1, 3, 18, 1),
(119, 'MSI Katana 15 B13V (2023)', 'image_179.png', 'MSI Katana 15 B13V dùng CPU i5-13450HX/i7-13620H và RTX 4060, hiệu năng mạnh trong tầm giá. Màn hình 144Hz tối ưu cho eSports. Tản nhiệt Cooler Boost 5 duy trì hiệu suất tốt. RAM và SSD dễ nâng cấp. Đây là lựa chọn gaming phổ thông bán chạy của MSI.', 'katana15.jpg', 25490000.00, 29313500.00, 1, 21, 18, 2),
(120, 'Acer Predator Helios Neo 16 PHN16-71 (2023)', 'image_538.png', 'Acer Helios Neo 16 trang bị i7-13700HX và RTX 4060, cho hiệu năng mạnh trong tầm trung. Màn hình WQXGA 165Hz sắc nét và mượt. Tản nhiệt hai quạt lớn và keo kim loại lỏng duy trì hiệu suất cao. Thiết kế Predator cứng cáp phù hợp game thủ và người làm đồ họa.', 'helios16.jpg', 33990000.00, 39088500.00, 1, 18, 18, 3),
(121, 'Dell ultra max', 'image_85.png', 'Hiệu năng mạnh mẽ với chip AMD Ryzen 9 hoặc Intel Core i9, RAM 16GB, SSD 1TB, GPU RTX 4070.', 'g15.jpg', 29270626.00, 33661220.00, 1, 2, 18, 4),
(122, 'HP Omen 16 (2023)', 'image_608.png', 'HP Omen 16 2023 trang bị i7-13700HX và RTX 4060, hiệu năng mạnh cho gaming trung – cao cấp. Màn hình 16.1 inch 165Hz chuẩn màu. Thiết kế tối giản, tản nhiệt hiệu quả. RAM và SSD nhanh giúp xử lý mượt. Phù hợp game thủ và người làm đồ họa.', 'omen16.jpg', 37990000.00, 43688500.00, 1, 4, 18, 1),
(123, 'Lenovo Legion 5 Pro (2022) 16ARH7', 'image_91.png', 'Lenovo Legion 5 Pro 2022 sở hữu Ryzen 7 6800H và RTX 3060, cho hiệu năng mạnh và ổn định. Màn hình 16 inch 2.5K 165Hz chuẩn màu là điểm mạnh lớn. Tản nhiệt ColdFront giữ hiệu suất tốt. Bàn phím TrueStrike cho trải nghiệm gõ tốt. Phù hợp gaming và creator.', 'legion5.jpg', 29990000.00, 34488500.00, 1, 20, 18, 2),
(124, 'Gigabyte Aorus 15 BSF (2023)', 'image_653.png', 'Gigabyte Aorus 15 BSF dùng i7-13700H và RTX 4070, mang lại hiệu năng mạnh cho gaming và đồ họa. Màn hình FHD 360Hz cho độ mượt cực cao. Tản nhiệt WINDFORCE 4 giữ máy ổn định. Thiết kế nam tính, phù hợp game thủ yêu cầu tốc độ quét cao.', 'aorus15.jpg', 43990000.00, 50588500.00, 1, 19, 18, 3),
(125, 'MacBook Air M2 (2022)', 'image_423.png', 'MacBook Air M2 có thiết kế mỏng nhẹ, chip Apple M2 mạnh mẽ cho văn phòng và sáng tạo nhẹ. Màn hình Liquid Retina 13.6 inch hiển thị màu sắc chính xác. Máy hoạt động êm, không quạt, pin dùng dài. SSD tốc độ cao cho phản hồi nhanh, phù hợp sinh viên và nhân viên văn phòng.', 'macbook-air-m2.jpg', 24990000.00, 28738500.00, 1, 1, 2, 4),
(126, 'MacBook Pro 14-inch M3 (2023–2024)', 'image_556.png', 'MacBook Pro M3 mang lại hiệu năng vượt trội cho công việc đồ họa 2D/3D nhẹ và edit video. Màn hình Liquid Retina XDR sáng và chuẩn màu. Pin lâu, máy êm và thiết kế cao cấp. SSD tốc độ cao giúp mở ứng dụng nhanh. Phù hợp người làm sáng tạo cần hiệu năng mạnh trong thân máy nhỏ.', 'macbook-pro-m3.jpg', 38990000.00, 44838500.00, 1, 1, 2, 1),
(127, 'Asus ROG Strix SCAR 18 (2024) G834JYR', 'rog-scar.jpg', 'Asus ROG Strix SCAR 18 2024 trang bị CPU Ryzen 9 7945HX kết hợp GPU RTX 4080/4090, mang lại hiệu năng hàng đầu cho gaming và đồ họa nặng. Màn hình 18 inch Nebula HDR QHD+ 240Hz cho độ sáng cao và độ mượt vượt trội. Tản nhiệt Tri-Fan và keo kim loại lỏng giúp duy trì hiệu suất ổn định trong thời gian dài. Máy có RAM DDR5 dung lượng lớn và SSD Gen4 tốc độ cao. Thiết kế hầm hố, RGB per-key phù hợp game thủ chuyên nghiệp.', 'rog-scar.jpg', 73990000.00, 85088500.00, 1, 3, NULL, 2),
(128, 'Asus TUF Gaming F15 (2023) FX507ZC4', 'image_362.png', 'Asus TUF Gaming F15 2023 sử dụng CPU i5-12500H và GPU RTX 3050, mang lại hiệu năng tốt cho gaming tầm trung và đồ họa 2D. Màn hình 15.6 inch FHD 144Hz ổn định trong game eSports. Máy đạt chuẩn bền MIL-STD-810H, RAM DDR5 và SSD NVMe cho tốc độ phản hồi nhanh. Phù hợp sinh viên và game thủ phổ thông.', 'tuf-f15.jpg', 20490000.00, 23563500.00, 1, 3, 18, 3),
(130, 'Acer Predator Helios Neo 16 PHN16-71 (2023)', 'image_538.png', 'Acer Helios Neo 16 trang bị i7-13700HX và RTX 4060, cho hiệu năng mạnh trong tầm trung. Màn hình WQXGA 165Hz sắc nét và mượt. Tản nhiệt hai quạt lớn và keo kim loại lỏng duy trì hiệu suất cao. Thiết kế Predator cứng cáp phù hợp game thủ và người làm đồ họa.', 'helios16.jpg', 33990000.00, 39088500.00, 1, 18, 18, 1),
(131, 'Dell G15 5530 (2023)', 'image_292.png', 'Dell G15 5530 dùng CPU i5-13450HX/i7-13650HX và GPU RTX 4050/4060, mang lại hiệu năng tốt cho gaming tầm trung. Màn hình 165Hz mượt mà. Tản nhiệt nâng cấp giúp máy ổn định trong tải cao. Thiết kế bền bỉ, phù hợp người cần laptop gaming tin cậy.', 'g15.jpg', 28490000.00, 32763500.00, 1, 2, 18, 2),
(132, 'HP Omen 16 (2023)', 'image_282.png', 'HP Omen 16 2023 trang bị i7-13700HX và RTX 4060, hiệu năng mạnh cho gaming trung – cao cấp. Màn hình 16.1 inch 165Hz chuẩn màu. Thiết kế tối giản, tản nhiệt hiệu quả. RAM và SSD nhanh giúp xử lý mượt. Phù hợp game thủ và người làm đồ họa.', 'omen16.jpg', 37990000.00, 43688500.00, 1, 4, 18, 3),
(133, 'Lenovo Legion 5 Pro (2022) 16ARH7', 'image_217.png', 'Lenovo Legion 5 Pro 2022 sở hữu Ryzen 7 6800H và RTX 3060, cho hiệu năng mạnh và ổn định. Màn hình 16 inch 2.5K 165Hz chuẩn màu là điểm mạnh lớn. Tản nhiệt ColdFront giữ hiệu suất tốt. Bàn phím TrueStrike cho trải nghiệm gõ tốt. Phù hợp gaming và creator.', 'legion5.jpg', 29990000.00, 34488500.00, 1, 20, 18, 1),
(134, 'Gigabyte Aorus 15 BSF (2023)', 'image_354.png', 'Gigabyte Aorus 15 BSF dùng i7-13700H và RTX 4070, mang lại hiệu năng mạnh cho gaming và đồ họa. Màn hình FHD 360Hz cho độ mượt cực cao. Tản nhiệt WINDFORCE 4 giữ máy ổn định. Thiết kế nam tính, phù hợp game thủ yêu cầu tốc độ quét cao.', 'aorus15.jpg', 43990000.00, 50588500.00, 1, 19, 18, 1),
(135, 'MacBook Air M2 (2022)', 'Air-M2.jpg', 'MacBook Air M2 có thiết kế mỏng nhẹ, chip Apple M2 mạnh mẽ cho văn phòng và sáng tạo nhẹ. Màn hình Liquid Retina 13.6 inch hiển thị màu sắc chính xác. Máy hoạt động êm, không quạt, pin dùng dài. SSD tốc độ cao cho phản hồi nhanh, phù hợp sinh viên và nhân viên văn phòng.', 'macbook-air-m2.jpg', 24990000.00, 28738500.00, 1, 1, 2, 2),
(136, 'MacBook Pro 14-inch M3 (2023–2024)', 'image_604.png', 'MacBook Pro M3 mang lại hiệu năng vượt trội cho công việc đồ họa 2D/3D nhẹ và edit video. Màn hình Liquid Retina XDR sáng và chuẩn màu. Pin lâu, máy êm và thiết kế cao cấp. SSD tốc độ cao giúp mở ứng dụng nhanh. Phù hợp người làm sáng tạo cần hiệu năng mạnh trong thân máy nhỏ.', 'macbook-pro-m3.jpg', 38990000.00, 44838500.00, 1, 1, 15, 3),
(137, 'Asus ROG Strix SCAR 18 (2024) G834JYR', 'rog-scar.jpg', 'Asus ROG Strix SCAR 18 2024 trang bị CPU Ryzen 9 7945HX kết hợp GPU RTX 4080/4090, mang lại hiệu năng hàng đầu cho gaming và đồ họa nặng. Màn hình 18 inch Nebula HDR QHD+ 240Hz cho độ sáng cao và độ mượt vượt trội. Tản nhiệt Tri-Fan và keo kim loại lỏng giúp duy trì hiệu suất ổn định trong thời gian dài. Máy có RAM DDR5 dung lượng lớn và SSD Gen4 tốc độ cao. Thiết kế hầm hố, RGB per-key phù hợp game thủ chuyên nghiệp.', 'rog-scar.jpg', 73990000.00, 85088500.00, 1, 3, NULL, 4),
(138, 'Asus TUF Gaming F15 (2023) FX507ZC4', 'image_362.png', 'Asus TUF Gaming F15 2023 sử dụng CPU i5-12500H và GPU RTX 3050, mang lại hiệu năng tốt cho gaming tầm trung và đồ họa 2D. Màn hình 15.6 inch FHD 144Hz ổn định trong game eSports. Máy đạt chuẩn bền MIL-STD-810H, RAM DDR5 và SSD NVMe cho tốc độ phản hồi nhanh. Phù hợp sinh viên và game thủ phổ thông.', 'tuf-f15.jpg', 20490000.00, 23563500.00, 1, 3, 18, 1),
(139, 'MSI Katana 15 B13V (2023)', 'image_425.png', 'MSI Katana 15 B13V dùng CPU i5-13450HX/i7-13620H và RTX 4060, hiệu năng mạnh trong tầm giá. Màn hình 144Hz tối ưu cho eSports. Tản nhiệt Cooler Boost 5 duy trì hiệu suất tốt. RAM và SSD dễ nâng cấp. Đây là lựa chọn gaming phổ thông bán chạy của MSI.', 'katana15.jpg', 25490000.00, 29313500.00, 1, 21, 18, 2),
(140, 'Acer Predator Helios Neo 16 PHN16-71 (2023)', 'image_539.png', 'Acer Helios Neo 16 trang bị i7-13700HX và RTX 4060, cho hiệu năng mạnh trong tầm trung. Màn hình WQXGA 165Hz sắc nét và mượt. Tản nhiệt hai quạt lớn và keo kim loại lỏng duy trì hiệu suất cao. Thiết kế Predator cứng cáp phù hợp game thủ và người làm đồ họa.', 'helios16.jpg', 33990000.00, 39088500.00, 1, 18, 18, 3),
(142, 'HP Omen 16 (2023)', 'image_608.png', 'HP Omen 16 2023 trang bị i7-13700HX và RTX 4060, hiệu năng mạnh cho gaming trung – cao cấp. Màn hình 16.1 inch 165Hz chuẩn màu. Thiết kế tối giản, tản nhiệt hiệu quả. RAM và SSD nhanh giúp xử lý mượt. Phù hợp game thủ và người làm đồ họa.', 'omen16.jpg', 37990000.00, 43688500.00, 1, 4, 18, 1),
(143, 'Lenovo Legion 5 Pro (2022) 16ARH7', 'image_101.png', 'Lenovo Legion 5 Pro 2022 sở hữu Ryzen 7 6800H và RTX 3060, cho hiệu năng mạnh và ổn định. Màn hình 16 inch 2.5K 165Hz chuẩn màu là điểm mạnh lớn. Tản nhiệt ColdFront giữ hiệu suất tốt. Bàn phím TrueStrike cho trải nghiệm gõ tốt. Phù hợp gaming và creator.', 'legion5.jpg', 29990000.00, 34488500.00, 1, 20, 18, 2),
(144, 'Gigabyte Aorus 15 BSF (2023)', 'image_353.png', 'Gigabyte Aorus 15 BSF dùng i7-13700H và RTX 4070, mang lại hiệu năng mạnh cho gaming và đồ họa. Màn hình FHD 360Hz cho độ mượt cực cao. Tản nhiệt WINDFORCE 4 giữ máy ổn định. Thiết kế nam tính, phù hợp game thủ yêu cầu tốc độ quét cao.', 'aorus15.jpg', 43990000.00, 50588500.00, 1, 19, 18, 3),
(145, 'MacBook Air M2 (2022)', 'image_423.png', 'MacBook Air M2 có thiết kế mỏng nhẹ, chip Apple M2 mạnh mẽ cho văn phòng và sáng tạo nhẹ. Màn hình Liquid Retina 13.6 inch hiển thị màu sắc chính xác. Máy hoạt động êm, không quạt, pin dùng dài. SSD tốc độ cao cho phản hồi nhanh, phù hợp sinh viên và nhân viên văn phòng.', 'macbook-air-m2.jpg', 24990000.00, 28738500.00, 1, 1, 2, 4),
(146, 'MacBook Pro 14-inch M3 (2023–2024)', 'image_671.png', 'MacBook Pro M3 mang lại hiệu năng vượt trội cho công việc đồ họa 2D/3D nhẹ và edit video. Màn hình Liquid Retina XDR sáng và chuẩn màu. Pin lâu, máy êm và thiết kế cao cấp. SSD tốc độ cao giúp mở ứng dụng nhanh. Phù hợp người làm sáng tạo cần hiệu năng mạnh trong thân máy nhỏ.', 'macbook-pro-m3.jpg', 38990000.00, 44838500.00, 1, 1, NULL, 1),
(147, 'Asus ROG Strix SCAR 18 (2024) G834JYR', 'rog-scar.jpg', 'Asus ROG Strix SCAR 18 2024 trang bị CPU Ryzen 9 7945HX kết hợp GPU RTX 4080/4090, mang lại hiệu năng hàng đầu cho gaming và đồ họa nặng. Màn hình 18 inch Nebula HDR QHD+ 240Hz cho độ sáng cao và độ mượt vượt trội. Tản nhiệt Tri-Fan và keo kim loại lỏng giúp duy trì hiệu suất ổn định trong thời gian dài. Máy có RAM DDR5 dung lượng lớn và SSD Gen4 tốc độ cao. Thiết kế hầm hố, RGB per-key phù hợp game thủ chuyên nghiệp.', 'rog-scar.jpg', 73990000.00, 85088500.00, 1, 3, 18, 2),
(148, 'Asus TUF Gaming F15 (2023) FX507ZC4', 'image_596.png', 'Asus TUF Gaming F15 2023 sử dụng CPU i5-12500H và GPU RTX 3050, mang lại hiệu năng tốt cho gaming tầm trung và đồ họa 2D. Màn hình 15.6 inch FHD 144Hz ổn định trong game eSports. Máy đạt chuẩn bền MIL-STD-810H, RAM DDR5 và SSD NVMe cho tốc độ phản hồi nhanh. Phù hợp sinh viên và game thủ phổ thông.', 'tuf-f15.jpg', 20490000.00, 23563500.00, 1, 3, 18, 3),
(149, 'MSI Katana 15 B13V (2023)', 'image_290.png', 'MSI Katana 15 B13V dùng CPU i5-13450HX/i7-13620H và RTX 4060, hiệu năng mạnh trong tầm giá. Màn hình 144Hz tối ưu cho eSports. Tản nhiệt Cooler Boost 5 duy trì hiệu suất tốt. RAM và SSD dễ nâng cấp. Đây là lựa chọn gaming phổ thông bán chạy của MSI.', 'katana15.jpg', 25490000.00, 29313500.00, 1, 21, 18, 4),
(153, 'Lenovo Legion 5 Pro (2022) 16ARH7', 'image_102.png', 'Lenovo Legion 5 Pro 2022 sở hữu Ryzen 7 6800H và RTX 3060, cho hiệu năng mạnh và ổn định. Màn hình 16 inch 2.5K 165Hz chuẩn màu là điểm mạnh lớn. Tản nhiệt ColdFront giữ hiệu suất tốt. Bàn phím TrueStrike cho trải nghiệm gõ tốt. Phù hợp gaming và creator.', 'legion5.jpg', 29990000.00, 34488500.00, 1, 20, 18, 4),
(155, 'MacBook Air M2 (2022)', 'image_671.png', 'MacBook Air M2 có thiết kế mỏng nhẹ, chip Apple M2 mạnh mẽ cho văn phòng và sáng tạo nhẹ. Màn hình Liquid Retina 13.6 inch hiển thị màu sắc chính xác. Máy hoạt động êm, không quạt, pin dùng dài. SSD tốc độ cao cho phản hồi nhanh, phù hợp sinh viên và nhân viên văn phòng.', 'macbook-air-m2.jpg', 24990000.00, 28738500.00, 1, 1, 2, 2),
(156, 'MacBook Pro 14-inch M3 (2023–2024)', 'image_670.png', 'MacBook Pro M3 mang lại hiệu năng vượt trội cho công việc đồ họa 2D/3D nhẹ và edit video. Màn hình Liquid Retina XDR sáng và chuẩn màu. Pin lâu, máy êm và thiết kế cao cấp. SSD tốc độ cao giúp mở ứng dụng nhanh. Phù hợp người làm sáng tạo cần hiệu năng mạnh trong thân máy nhỏ.', 'macbook-pro-m3.jpg', 38990000.00, 44838500.00, 1, 1, 2, 3),
(157, 'Asus ROG Strix SCAR 18 (2024) G834JYR', 'rog-scar.jpg', 'Asus ROG Strix SCAR 18 2024 trang bị CPU Ryzen 9 7945HX kết hợp GPU RTX 4080/4090, mang lại hiệu năng hàng đầu cho gaming và đồ họa nặng. Màn hình 18 inch Nebula HDR QHD+ 240Hz cho độ sáng cao và độ mượt vượt trội. Tản nhiệt Tri-Fan và keo kim loại lỏng giúp duy trì hiệu suất ổn định trong thời gian dài. Máy có RAM DDR5 dung lượng lớn và SSD Gen4 tốc độ cao. Thiết kế hầm hố, RGB per-key phù hợp game thủ chuyên nghiệp.', 'rog-scar.jpg', 73990000.00, 85088500.00, 1, 3, 18, 4),
(166, 'MacBook Pro 14-inch M3 (2023–2024)', 'image_549.png', 'MacBook Pro M3 mang lại hiệu năng vượt trội cho công việc đồ họa 2D/3D nhẹ và edit video. Màn hình Liquid Retina XDR sáng và chuẩn màu. Pin lâu, máy êm và thiết kế cao cấp. SSD tốc độ cao giúp mở ứng dụng nhanh. Phù hợp người làm sáng tạo cần hiệu năng mạnh trong thân máy nhỏ.', 'macbook-pro-m3.jpg', 38990000.00, 44838500.00, 1, 1, 15, 1),
(167, 'Asus ROG Strix SCAR 18 (2024) G834JYR', 'rog-scar.jpg', 'Asus ROG Strix SCAR 18 2024 trang bị CPU Ryzen 9 7945HX kết hợp GPU RTX 4080/4090, mang lại hiệu năng hàng đầu cho gaming và đồ họa nặng. Màn hình 18 inch Nebula HDR QHD+ 240Hz cho độ sáng cao và độ mượt vượt trội. Tản nhiệt Tri-Fan và keo kim loại lỏng giúp duy trì hiệu suất ổn định trong thời gian dài. Máy có RAM DDR5 dung lượng lớn và SSD Gen4 tốc độ cao. Thiết kế hầm hố, RGB per-key phù hợp game thủ chuyên nghiệp.', 'rog-scar.jpg', 73990000.00, 85088500.00, 1, 3, 18, 2),
(175, 'MacBook Air M2 (2022)', 'image_526.png', 'MacBook Air M2 có thiết kế mỏng nhẹ, chip Apple M2 mạnh mẽ cho văn phòng và sáng tạo nhẹ. Màn hình Liquid Retina 13.6 inch hiển thị màu sắc chính xác. Máy hoạt động êm, không quạt, pin dùng dài. SSD tốc độ cao cho phản hồi nhanh, phù hợp sinh viên và nhân viên văn phòng.', 'macbook-air-m2.jpg', 24990000.00, 28738500.00, 1, 1, 2, 2),
(176, 'MacBook Pro 14-inch M3 (2023–2024)', 'image_585.png', 'MacBook Pro M3 mang lại hiệu năng vượt trội cho công việc đồ họa 2D/3D nhẹ và edit video. Màn hình Liquid Retina XDR sáng và chuẩn màu. Pin lâu, máy êm và thiết kế cao cấp. SSD tốc độ cao giúp mở ứng dụng nhanh. Phù hợp người làm sáng tạo cần hiệu năng mạnh trong thân máy nhỏ.', 'macbook-pro-m3.jpg', 38990000.00, 44838500.00, 1, 1, 2, 3),
(177, 'Asus ROG Strix SCAR 18 (2024) G834JYR', 'rog-scar.jpg', 'Asus ROG Strix SCAR 18 2024 trang bị CPU Ryzen 9 7945HX kết hợp GPU RTX 4080/4090, mang lại hiệu năng hàng đầu cho gaming và đồ họa nặng. Màn hình 18 inch Nebula HDR QHD+ 240Hz cho độ sáng cao và độ mượt vượt trội. Tản nhiệt Tri-Fan và keo kim loại lỏng giúp duy trì hiệu suất ổn định trong thời gian dài. Máy có RAM DDR5 dung lượng lớn và SSD Gen4 tốc độ cao. Thiết kế hầm hố, RGB per-key phù hợp game thủ chuyên nghiệp.', 'rog-scar.jpg', 73990000.00, 85088500.00, 1, 3, 18, 4);

-- --------------------------------------------------------

--
-- Cấu trúc bảng cho bảng `sessions`
--

CREATE TABLE `sessions` (
  `id` varchar(255) NOT NULL,
  `user_id` bigint(20) UNSIGNED DEFAULT NULL,
  `ip_address` varchar(45) DEFAULT NULL,
  `user_agent` text DEFAULT NULL,
  `payload` longtext NOT NULL,
  `last_activity` int(11) NOT NULL
) ENGINE=InnoDB DEFAULT CHARSET=utf8mb4 COLLATE=utf8mb4_unicode_ci;

--
-- Đang đổ dữ liệu cho bảng `sessions`
--

INSERT INTO `sessions` (`id`, `user_id`, `ip_address`, `user_agent`, `payload`, `last_activity`) VALUES
('1PzqWDEh8K9Mjgm3ZK9NUaiUVlS8RpfbWhklMlUC', NULL, '127.0.0.1', 'Mozilla/5.0 (Windows NT 10.0; Win64; x64) AppleWebKit/537.36 (KHTML, like Gecko) Chrome/142.0.0.0 Safari/537.36', 'YTozOntzOjY6Il90b2tlbiI7czo0MDoiU0Q2amVaUmtYZGI3OHo5Wk1HTGs5cXVDRlBKWW9qdVVXald2WDdpOCI7czo5OiJfcHJldmlvdXMiO2E6MTp7czozOiJ1cmwiO3M6MjE6Imh0dHA6Ly9sb2NhbGhvc3Q6ODAwMCI7fXM6NjoiX2ZsYXNoIjthOjI6e3M6Mzoib2xkIjthOjA6e31zOjM6Im5ldyI7YTowOnt9fX0=', 1762852550),
('213JaOyqGJ8TMzBhLQlLLIFThUb6MIiHw1K2KYbH', 2, '127.0.0.1', 'Mozilla/5.0 (Windows NT 10.0; Win64; x64) AppleWebKit/537.36 (KHTML, like Gecko) Chrome/142.0.0.0 Safari/537.36', 'YToyOntzOjU0OiJwZW5kaW5nX29yZGVyXzVYbldOc3lIZWQ2UkFlaWkzNENENU5lejBLaGhIc2RISWs1Y2pnVW8iO2E6Njp7czoxMzoidGVuX2toYWNoaGFuZyI7czoxODoiVHVuZ1R1bmdUdW5nIFNhaHVyIjtzOjU6ImVtYWlsIjtzOjE2OiJ0ZXN0QGV4YW1wbGUuY29tIjtzOjM6InNkdCI7czoxMDoiMDk3NTQzOTY0NSI7czo2OiJkaWFjaGkiO3M6NzM6InThu5UgNCBwaMaw4budbmcgbmdoxKlhIHRow6BuaCwgUGjGsOG7nW5nIDEsIFF14bqtbiAzLCBUUC4gSOG7kyBDaMOtIE1pbmgiO3M6NzoiZ2hpX2NodSI7TjtzOjc6Imdpb2hhbmciO2E6Mzp7aTowO2E6Mzp7czoxMDoic2FucGhhbV9pZCI7aToyO3M6ODoic29fbHVvbmciO2k6MTtzOjc6ImRvbl9naWEiO2k6MjAwMDAwMDA7fWk6MTthOjM6e3M6MTA6InNhbnBoYW1faWQiO2k6NTtzOjg6InNvX2x1b25nIjtpOjE7czo3OiJkb25fZ2lhIjtpOjIwMDAwMDAwO31pOjI7YTozOntzOjEwOiJzYW5waGFtX2lkIjtpOjg7czo4OiJzb19sdW9uZyI7aToxO3M6NzoiZG9uX2dpYSI7aToyMDAwMDAwMDt9fX1zOjY6Il9mbGFzaCI7YToyOntzOjM6Im9sZCI7YTowOnt9czozOiJuZXciO2E6MDp7fX19', 1762617763),
('3bxpw46Vffov9PdLtvKT8rzm7JIPquXauzjr3opO', NULL, '127.0.0.1', 'Mozilla/5.0 (Windows NT 10.0; Win64; x64) AppleWebKit/537.36 (KHTML, like Gecko) Chrome/142.0.0.0 Safari/537.36', 'YTozOntzOjY6Il90b2tlbiI7czo0MDoicTVhSEgyaVg2R0VDcjNDUlIyUmNmUWFmZ0k2ZFhxR1JCWm9zR2xYVSI7czo5OiJfcHJldmlvdXMiO2E6MTp7czozOiJ1cmwiO3M6NTMxOiJodHRwOi8vcGFsZW9wc3ljaGljLW5vbnJoeXRobWljYWwtdXNoYS5uZ3Jvay1mcmVlLmRldi9hcGkvcGF5bWVudC92bnBheS9yZXR1cm4/dm5wX0Ftb3VudD0yMDQ5MDAwMDAwJnZucF9CYW5rQ29kZT1OQ0Imdm5wX0JhbmtUcmFuTm89Vk5QMTUyNTU3OTYmdm5wX0NhcmRUeXBlPUFUTSZ2bnBfT3JkZXJJbmZvPVRoYW5oJTIwdG9hbiUyMGRvbiUyMGhhbmcmdm5wX1BheURhdGU9MjAyNTExMTIxNDM1MDQmdm5wX1Jlc3BvbnNlQ29kZT0wMCZ2bnBfU2VjdXJlSGFzaD1mOGU2YzJhOWE3NjRjOWM3YWY2Y2U5Mjk0YTM1OTE0NGQ3MmQ5YWE1NGY5YWE4YzlmMmM0NDZjMGQ1NDBjOThjZmFjODAxZTQ3NTY3YTZiNzdiNjk4ZjQzMjc5ZDQ4NTJmYzQzZjFmMjE3OTExNDdjZTgyMTc5ZTdlNTdmYWU2NyZ2bnBfVG1uQ29kZT05SE5GUExIVyZ2bnBfVHJhbnNhY3Rpb25Obz0xNTI1NTc5NiZ2bnBfVHJhbnNhY3Rpb25TdGF0dXM9MDAmdm5wX1R4blJlZj1PUkQxNzYyOTMyODg2X1U5ZlNCd1BnTkRtOUpsRWRlN2o0aXFEWTZLNXJ3U1pKSVVXN0JxMk0iO31zOjY6Il9mbGFzaCI7YToyOntzOjM6Im9sZCI7YTowOnt9czozOiJuZXciO2E6MDp7fX19', 1762932921),
('3wW5sXBeUFM2NIMkB1bxMYAsQ1xi6wbw0LEow6Rs', NULL, '127.0.0.1', 'PostmanRuntime/7.50.0', 'YTozOntzOjY6Il90b2tlbiI7czo0MDoiTWxvdDFSMVluZndyTTBFY1N5UXNMeU94MUxKRUNUMXU2eU16aWdlbSI7czo5OiJfcHJldmlvdXMiO2E6MTp7czozOiJ1cmwiO3M6MjE6Imh0dHA6Ly8xMjcuMC4wLjE6ODAwMCI7fXM6NjoiX2ZsYXNoIjthOjI6e3M6Mzoib2xkIjthOjA6e31zOjM6Im5ldyI7YTowOnt9fX0=', 1762969120),
('8GvAhJArN6Sr6tWKveof89rjOrX2ycIvBAFx28HP', NULL, '127.0.0.1', 'Mozilla/5.0 (Windows NT 10.0; Win64; x64) AppleWebKit/537.36 (KHTML, like Gecko) Chrome/141.0.0.0 Safari/537.36', 'YTozOntzOjY6Il90b2tlbiI7czo0MDoiWm5adTVkYzZOZ2xxbmlvcVBuSzl2M25yQU1PNHhYUUlhQnBLV3F5TCI7czo5OiJfcHJldmlvdXMiO2E6MTp7czozOiJ1cmwiO3M6MjE6Imh0dHA6Ly8xMjcuMC4wLjE6ODAwMCI7fXM6NjoiX2ZsYXNoIjthOjI6e3M6Mzoib2xkIjthOjA6e31zOjM6Im5ldyI7YTowOnt9fX0=', 1761919794),
('Aja5rcCxpAjJcFtAMuJv6ymW9ifRu9N4j6310r81', NULL, '127.0.0.1', 'Mozilla/5.0 (Windows NT 10.0; Win64; x64) AppleWebKit/537.36 (KHTML, like Gecko) Chrome/142.0.0.0 Safari/537.36', 'YTozOntzOjY6Il90b2tlbiI7czo0MDoiSE5QMXlnNlhzMW9nUkRTclVTTWljTGJGZnhBMEVVS0hZd2JuWVE5cyI7czo5OiJfcHJldmlvdXMiO2E6MTp7czozOiJ1cmwiO3M6NTMxOiJodHRwOi8vcGFsZW9wc3ljaGljLW5vbnJoeXRobWljYWwtdXNoYS5uZ3Jvay1mcmVlLmRldi9hcGkvcGF5bWVudC92bnBheS9yZXR1cm4/dm5wX0Ftb3VudD03Mzk5MDAwMDAwJnZucF9CYW5rQ29kZT1OQ0Imdm5wX0JhbmtUcmFuTm89Vk5QMTUyNTY2MDQmdm5wX0NhcmRUeXBlPUFUTSZ2bnBfT3JkZXJJbmZvPVRoYW5oJTIwdG9hbiUyMGRvbiUyMGhhbmcmdm5wX1BheURhdGU9MjAyNTExMTIxODM1MTcmdm5wX1Jlc3BvbnNlQ29kZT0wMCZ2bnBfU2VjdXJlSGFzaD1iMzU4ZDViMDdjYjY5ODAzYWYzYTFjYzU3YWQ1ZjljOGMyYWQ0OTJmYmM1NzZjNDg4M2VkMjE0MjViN2I5NjAwZDM2N2ZlMWE2N2IwMzMwNzUyYjMxYzM2YTY5MThiYjIxNjU4ODE3MThhNWEzZDIxZDk0NTQwMjMxZjFhNzEzOSZ2bnBfVG1uQ29kZT05SE5GUExIVyZ2bnBfVHJhbnNhY3Rpb25Obz0xNTI1NjYwNCZ2bnBfVHJhbnNhY3Rpb25TdGF0dXM9MDAmdm5wX1R4blJlZj1PUkQxNzYyOTQ3MjY0XzFrbFhOaGlkVkNsU25xeXVxMGZKeURSODI0N3M5ajFTWEhYVktFUVIiO31zOjY6Il9mbGFzaCI7YToyOntzOjM6Im9sZCI7YTowOnt9czozOiJuZXciO2E6MDp7fX19', 1762947330),
('c5HWXHsLjEXKpYEpoJbYIAHOSoFLiDyJqa8vu2NP', NULL, '127.0.0.1', 'Mozilla/5.0 (Windows NT 10.0; Win64; x64) AppleWebKit/537.36 (KHTML, like Gecko) Chrome/142.0.0.0 Safari/537.36', 'YTozOntzOjY6Il90b2tlbiI7czo0MDoiTVVWSUNpUUdUTFRMVzRuV3FqR09SMzFUcEU4ZUswd294aWNMQ2RtVCI7czo5OiJfcHJldmlvdXMiO2E6MTp7czozOiJ1cmwiO3M6NTMxOiJodHRwOi8vcGFsZW9wc3ljaGljLW5vbnJoeXRobWljYWwtdXNoYS5uZ3Jvay1mcmVlLmRldi9hcGkvcGF5bWVudC92bnBheS9yZXR1cm4/dm5wX0Ftb3VudD0yMDAwMDAwMDAwJnZucF9CYW5rQ29kZT1OQ0Imdm5wX0JhbmtUcmFuTm89Vk5QMTUyNDc0Njgmdm5wX0NhcmRUeXBlPUFUTSZ2bnBfT3JkZXJJbmZvPVRoYW5oJTIwdG9hbiUyMGRvbiUyMGhhbmcmdm5wX1BheURhdGU9MjAyNTExMDkwMDQ2NDcmdm5wX1Jlc3BvbnNlQ29kZT0wMCZ2bnBfU2VjdXJlSGFzaD1jNTk0NjBhMmViYzA4YzkyOWEwMWM0NDM1ODhhZjI4YWUyZTI4YTEzOTcwMjZlNTgzZjczYmVlNDM1NmYwYWEzOTg4NzFhNjE1ZGNjMjgyMjEyYmVhOTE0NTkwN2FjYzFiOWQ3MjBiYThhODU4OWUwZTI0ZGU4MjJkZWE0OWZlZSZ2bnBfVG1uQ29kZT05SE5GUExIVyZ2bnBfVHJhbnNhY3Rpb25Obz0xNTI0NzQ2OCZ2bnBfVHJhbnNhY3Rpb25TdGF0dXM9MDAmdm5wX1R4blJlZj1PUkQxNzYyNjIzOTg2X1lJWEhISjFhOUlQR3VoYXBKVDlGbnhQZlpJV0dWZGFUSWVkZlpIaHkiO31zOjY6Il9mbGFzaCI7YToyOntzOjM6Im9sZCI7YTowOnt9czozOiJuZXciO2E6MDp7fX19', 1762624017),
('DJDk8sw8g4HpkDP10QeW9NKxORZa2HG6OiS5t9CL', NULL, '127.0.0.1', 'Mozilla/5.0 (Windows NT 10.0; Win64; x64) AppleWebKit/537.36 (KHTML, like Gecko) Chrome/142.0.0.0 Safari/537.36', 'YTozOntzOjY6Il90b2tlbiI7czo0MDoiT3JCZ1A2bFl0a1BVOVk5RXFIUXEwSWhabllneHhoZmxBQ283MGVLcyI7czo5OiJfcHJldmlvdXMiO2E6MTp7czozOiJ1cmwiO3M6NDk5OiJodHRwOi8vMTI3LjAuMC4xOjgwMDAvYXBpL3BheW1lbnQvdm5wYXkvcmV0dXJuP3ZucF9BbW91bnQ9NjAwMDAwMDAwMCZ2bnBfQmFua0NvZGU9TkNCJnZucF9CYW5rVHJhbk5vPVZOUDE1MjQ3MzU3JnZucF9DYXJkVHlwZT1BVE0mdm5wX09yZGVySW5mbz1UaGFuaCUyMHRvYW4lMjBkb24lMjBoYW5nJnZucF9QYXlEYXRlPTIwMjUxMTA4MjMyMjAyJnZucF9SZXNwb25zZUNvZGU9MDAmdm5wX1NlY3VyZUhhc2g9MzZjYWI1YjAwNGFjZjgzZGRlNDI3MzI5ZGE2MDExNTdmZDE0YWJkNDYyOTJkNzEyNTExMTlkNDRmY2M2NDc2MjQxYWRlYmZjYjhlMzU0YWZkOWNhYzEzOWE5NDJjY2NlM2Q4Mjk0MGY0NDkzOWNlZTVmOTMwNWUwNjc4NmUwM2Emdm5wX1RtbkNvZGU9OUhORlBMSFcmdm5wX1RyYW5zYWN0aW9uTm89MTUyNDczNTcmdm5wX1RyYW5zYWN0aW9uU3RhdHVzPTAwJnZucF9UeG5SZWY9T1JEMTc2MjYxODkwMF9xM0lDbW00VkhBQnlSQUczYnhqMHM4QWtmQkZOTmFCZ0JnZlZLaHJjIjt9czo2OiJfZmxhc2giO2E6Mjp7czozOiJvbGQiO2E6MDp7fXM6MzoibmV3IjthOjA6e319fQ==', 1762618932),
('dl9v4rwghHjCd6haMuRHAkTFK5H3qhlUkkNSAAe1', 2, '127.0.0.1', 'Mozilla/5.0 (Windows NT 10.0; Win64; x64) AppleWebKit/537.36 (KHTML, like Gecko) Chrome/142.0.0.0 Safari/537.36', 'YToyOntzOjU0OiJwZW5kaW5nX29yZGVyX1NtS1AxSWkwc3gzd0k5U3dXaTdMdElPUnpvbUV3UUI0VkxsbHkydVIiO2E6Njp7czoxMzoidGVuX2toYWNoaGFuZyI7czoxODoiVHVuZ1R1bmdUdW5nIFNhaHVyIjtzOjU6ImVtYWlsIjtzOjE2OiJ0ZXN0QGV4YW1wbGUuY29tIjtzOjM6InNkdCI7czoxMDoiMDk3NTQzOTY0NSI7czo2OiJkaWFjaGkiO3M6NzM6InThu5UgNCBwaMaw4budbmcgbmdoxKlhIHRow6BuaCwgUGjGsOG7nW5nIDIsIFF14bqtbiA1LCBUUC4gSOG7kyBDaMOtIE1pbmgiO3M6NzoiZ2hpX2NodSI7TjtzOjc6Imdpb2hhbmciO2E6Mzp7aTowO2E6Mzp7czoxMDoic2FucGhhbV9pZCI7aToyO3M6ODoic29fbHVvbmciO2k6MTtzOjc6ImRvbl9naWEiO2k6MjAwMDAwMDA7fWk6MTthOjM6e3M6MTA6InNhbnBoYW1faWQiO2k6NTtzOjg6InNvX2x1b25nIjtpOjE7czo3OiJkb25fZ2lhIjtpOjIwMDAwMDAwO31pOjI7YTozOntzOjEwOiJzYW5waGFtX2lkIjtpOjg7czo4OiJzb19sdW9uZyI7aToxO3M6NzoiZG9uX2dpYSI7aToyMDAwMDAwMDt9fX1zOjY6Il9mbGFzaCI7YToyOntzOjM6Im9sZCI7YTowOnt9czozOiJuZXciO2E6MDp7fX19', 1762617381),
('gz6WJjW0qYPQnRfp3yMXwHTf1WtCmVXTpx9BEglm', NULL, '127.0.0.1', 'PostmanRuntime/7.50.0', 'YTozOntzOjY6Il90b2tlbiI7czo0MDoibE1KQ0UxS3NPaFpzN1JHSkVjZWI1MkR1cW5mSW44ZkZzYThUWE9GVSI7czo5OiJfcHJldmlvdXMiO2E6MTp7czozOiJ1cmwiO3M6MjE6Imh0dHA6Ly8xMjcuMC4wLjE6ODAwMCI7fXM6NjoiX2ZsYXNoIjthOjI6e3M6Mzoib2xkIjthOjA6e31zOjM6Im5ldyI7YTowOnt9fX0=', 1763454827),
('hE2h1WooufsJ78KwsfXew14cZnvPNINZVMy4JDO1', NULL, '127.0.0.1', 'Mozilla/5.0 (Windows NT 10.0; Win64; x64) AppleWebKit/537.36 (KHTML, like Gecko) Chrome/141.0.0.0 Safari/537.36', 'YTozOntzOjY6Il90b2tlbiI7czo0MDoiVlBDMXJSNU1tcUdUUExDV0tvalM3Z2JoTUZDd25KUExMdHpzV1BtdyI7czo5OiJfcHJldmlvdXMiO2E6MTp7czozOiJ1cmwiO3M6MjE6Imh0dHA6Ly8xMjcuMC4wLjE6ODAwMCI7fXM6NjoiX2ZsYXNoIjthOjI6e3M6Mzoib2xkIjthOjA6e31zOjM6Im5ldyI7YTowOnt9fX0=', 1761282000),
('HW0pa8m3qgtUFhqoHzrBYmYweivD3lnS09iWAy7L', 2, '127.0.0.1', 'Mozilla/5.0 (Windows NT 10.0; Win64; x64) AppleWebKit/537.36 (KHTML, like Gecko) Chrome/142.0.0.0 Safari/537.36', 'YTozOntzOjE2OiJwZW5kaW5nX29yZGVyX2lkIjtzOjQwOiJIb2VtdmJsR3poREhyVzBDT3pGZDU3TDhlNDlQbnlPQVM2VEpyYm9yIjtzOjU0OiJwZW5kaW5nX29yZGVyX0hvZW12YmxHemhESHJXMENPekZkNTdMOGU0OVBueU9BUzZUSnJib3IiO2E6Njp7czoxMzoidGVuX2toYWNoaGFuZyI7czoxODoiVHVuZ1R1bmdUdW5nIFNhaHVyIjtzOjU6ImVtYWlsIjtzOjE2OiJ0ZXN0QGV4YW1wbGUuY29tIjtzOjM6InNkdCI7czoxMDoiMDk3NTQzOTY0NSI7czo2OiJkaWFjaGkiO3M6NzM6InThu5UgNCBwaMaw4budbmcgbmdoxKlhIHRow6BuaCwgUGjGsOG7nW5nIDMsIFF14bqtbiA1LCBUUC4gSOG7kyBDaMOtIE1pbmgiO3M6NzoiZ2hpX2NodSI7TjtzOjc6Imdpb2hhbmciO2E6Mzp7aTowO2E6Mzp7czoxMDoic2FucGhhbV9pZCI7aToyO3M6ODoic29fbHVvbmciO2k6MTtzOjc6ImRvbl9naWEiO2k6MjAwMDAwMDA7fWk6MTthOjM6e3M6MTA6InNhbnBoYW1faWQiO2k6NTtzOjg6InNvX2x1b25nIjtpOjE7czo3OiJkb25fZ2lhIjtpOjIwMDAwMDAwO31pOjI7YTozOntzOjEwOiJzYW5waGFtX2lkIjtpOjg7czo4OiJzb19sdW9uZyI7aToxO3M6NzoiZG9uX2dpYSI7aToyMDAwMDAwMDt9fX1zOjY6Il9mbGFzaCI7YToyOntzOjM6Im9sZCI7YTowOnt9czozOiJuZXciO2E6MDp7fX19', 1762617100),
('HyieDRIidRiMpSxZ5WZ5049Sp3l7pXJcMpCv3Ndv', NULL, '127.0.0.1', 'Mozilla/5.0 (Windows NT 10.0; Win64; x64) AppleWebKit/537.36 (KHTML, like Gecko) Chrome/141.0.0.0 Safari/537.36', 'YTozOntzOjY6Il90b2tlbiI7czo0MDoiQzFSWDZPOVhIT2J1cVNTbkNXU3BsUjAxN0Q4QTNhbnk1dkRERHF6VCI7czo5OiJfcHJldmlvdXMiO2E6MTp7czozOiJ1cmwiO3M6MjE6Imh0dHA6Ly8xMjcuMC4wLjE6ODAwMCI7fXM6NjoiX2ZsYXNoIjthOjI6e3M6Mzoib2xkIjthOjA6e31zOjM6Im5ldyI7YTowOnt9fX0=', 1761618049),
('kCXbRnq2IdjjzcDVTlkGuNYN0l3Cl6EVgRtIAH3N', NULL, '127.0.0.1', 'Mozilla/5.0 (Windows NT 10.0; Win64; x64) AppleWebKit/537.36 (KHTML, like Gecko) Chrome/141.0.0.0 Safari/537.36', 'YTozOntzOjY6Il90b2tlbiI7czo0MDoiZzJYS0lHa1ZkVkM1S0ltQzR2QWR5aVhEeGlpWlpjQjVWaTk1d0RxNyI7czo5OiJfcHJldmlvdXMiO2E6MTp7czozOiJ1cmwiO3M6MjE6Imh0dHA6Ly8xMjcuMC4wLjE6ODAwMCI7fXM6NjoiX2ZsYXNoIjthOjI6e3M6Mzoib2xkIjthOjA6e31zOjM6Im5ldyI7YTowOnt9fX0=', 1762325771),
('m5X2p7BCzIstXwnJVaHTETz3yuUfJqFSFOuKk3ot', 2, '127.0.0.1', 'Mozilla/5.0 (Windows NT 10.0; Win64; x64) AppleWebKit/537.36 (KHTML, like Gecko) Chrome/142.0.0.0 Safari/537.36', 'YToyOntzOjU0OiJwZW5kaW5nX29yZGVyX0VRcFNWa3NBY0EzNHBYQWlwTTBGVlZuTEZlM0VaVlhFeHNkRjlkT3kiO2E6Njp7czoxMzoidGVuX2toYWNoaGFuZyI7czoxODoiVHVuZ1R1bmdUdW5nIFNhaHVyIjtzOjU6ImVtYWlsIjtzOjE2OiJ0ZXN0QGV4YW1wbGUuY29tIjtzOjM6InNkdCI7czoxMDoiMDk3NTQzOTY0NSI7czo2OiJkaWFjaGkiO3M6NzM6InThu5UgNCBwaMaw4budbmcgbmdoxKlhIHRow6BuaCwgUGjGsOG7nW5nIDEsIFF14bqtbiAxLCBUUC4gSOG7kyBDaMOtIE1pbmgiO3M6NzoiZ2hpX2NodSI7TjtzOjc6Imdpb2hhbmciO2E6Mzp7aTowO2E6Mzp7czoxMDoic2FucGhhbV9pZCI7aToyO3M6ODoic29fbHVvbmciO2k6MTtzOjc6ImRvbl9naWEiO2k6MjAwMDAwMDA7fWk6MTthOjM6e3M6MTA6InNhbnBoYW1faWQiO2k6NTtzOjg6InNvX2x1b25nIjtpOjE7czo3OiJkb25fZ2lhIjtpOjIwMDAwMDAwO31pOjI7YTozOntzOjEwOiJzYW5waGFtX2lkIjtpOjg7czo4OiJzb19sdW9uZyI7aToxO3M6NzoiZG9uX2dpYSI7aToyMDAwMDAwMDt9fX1zOjY6Il9mbGFzaCI7YToyOntzOjM6Im9sZCI7YTowOnt9czozOiJuZXciO2E6MDp7fX19', 1762617477),
('UkH1kXSqEAdcKwt6AbOFEzfdwfs5B6elhlWYzZXs', NULL, '127.0.0.1', 'Mozilla/5.0 (Windows NT 10.0; Win64; x64) AppleWebKit/537.36 (KHTML, like Gecko) Chrome/142.0.0.0 Safari/537.36', 'YTozOntzOjY6Il90b2tlbiI7czo0MDoiQ0hPR2IwQWJKR0gzOEEzbjZLYklrRllNWmlJTVZzanpyajllRFZwaCI7czo5OiJfcHJldmlvdXMiO2E6MTp7czozOiJ1cmwiO3M6MjE6Imh0dHA6Ly8xMjcuMC4wLjE6ODAwMCI7fXM6NjoiX2ZsYXNoIjthOjI6e3M6Mzoib2xkIjthOjA6e31zOjM6Im5ldyI7YTowOnt9fX0=', 1763170370),
('UUrrYDfyUy0rr2phiyQT9SibAEkTc9kibF29moS2', NULL, '127.0.0.1', 'Mozilla/5.0 (Windows NT 10.0; Win64; x64) AppleWebKit/537.36 (KHTML, like Gecko) Chrome/142.0.0.0 Safari/537.36', 'YTozOntzOjY6Il90b2tlbiI7czo0MDoiQURIWlF0NFRGQjYwOU5iY1dwT0NoOEg2dlJjemFKTTFaa3VEREljcSI7czo5OiJfcHJldmlvdXMiO2E6MTp7czozOiJ1cmwiO3M6MjE6Imh0dHA6Ly8xMjcuMC4wLjE6ODAwMCI7fXM6NjoiX2ZsYXNoIjthOjI6e3M6Mzoib2xkIjthOjA6e31zOjM6Im5ldyI7YTowOnt9fX0=', 1763024382);

-- --------------------------------------------------------

--
-- Cấu trúc bảng cho bảng `slideshow`
--

CREATE TABLE `slideshow` (
  `STT` int(11) NOT NULL,
  `tenfile` char(50) NOT NULL,
  `trangthai` int(11) NOT NULL
) ENGINE=InnoDB DEFAULT CHARSET=utf8mb4 COLLATE=utf8mb4_unicode_ci;

--
-- Đang đổ dữ liệu cho bảng `slideshow`
--

INSERT INTO `slideshow` (`STT`, `tenfile`, `trangthai`) VALUES
(1, 'bia_1.jpg', 1),
(2, 'bia_2.jpg', 1),
(3, 'bia_3.jpg', 1);

-- --------------------------------------------------------

--
-- Cấu trúc bảng cho bảng `taikhoan`
--

CREATE TABLE `taikhoan` (
  `id` int(11) NOT NULL,
  `username` varchar(255) NOT NULL,
  `password` varchar(255) NOT NULL,
  `fullname` varchar(255) NOT NULL,
  `sdt` varchar(20) DEFAULT NULL,
  `diachi` varchar(255) DEFAULT NULL,
  `email` varchar(255) NOT NULL,
  `hoatdong` tinyint(1) NOT NULL DEFAULT 1,
  `loaiTK` int(11) NOT NULL DEFAULT 2,
  `trangthai` tinyint(1) NOT NULL DEFAULT 1
) ENGINE=InnoDB DEFAULT CHARSET=utf8mb4 COLLATE=utf8mb4_unicode_ci;

--
-- Đang đổ dữ liệu cho bảng `taikhoan`
--

INSERT INTO `taikhoan` (`id`, `username`, `password`, `fullname`, `sdt`, `diachi`, `email`, `hoatdong`, `loaiTK`, `trangthai`) VALUES
(1, 'admin', '$2y$12$Rv94AQkZp3YctTzRsgYGgO2VxWn6vjUbnfCSwQo6LWnpDPgtu1LbG', 'Quản Trị Viên', '0111111111', 'TP.HCM', 'admin@gmail.com', 1, 1, 1),
(2, 'alabama', '$2y$12$dx4qXJLouXuVf80FlgEQTuRVXuzLkj2ToJIzkEq3H2rJDGsi3NlNW', 'Ngô Duy Tùng', '0123456789', 'hehehehehe', 'khi1@gmail.com', 0, 2, 1),
(3, 'abc', '$2y$12$m4igSI62Ghc7q/k1pOURrecrlZ3DAyMaHwoHCHW6xXe6L3kN//qte', 'Ngô Duy Tùng', NULL, NULL, 'sahur@gmail.com', 1, 2, 1),
(4, 'khachhang2', '$2y$12$CT02PPfdxQhkPLu8c94EQes2e8tDGOFx09V4duZTGWypVgVQNQlca', 'Test tên', '033333333', 'Hà Nội', 'test@gmail.com', 0, 2, 1),
(5, 'duytung9903@gmail.com', '$2y$12$EmJfkOEZ7NrDynMYbZXj9OieDWtx4YCqlbJPPBUmsKGcVHNzwiLim', 'Rai đơ', NULL, NULL, 'duytung9903@gmail.com', 0, 2, 1),
(6, '0neexxchan@gmail.com', '$2y$12$wORKTzMP9K3.1YEYjau4YeYmYwHaB3Kp93mtnRmR/FuOWPUhKrJPG', 'ryuuga akarui', NULL, NULL, '0neexxchan@gmail.com', 0, 2, 1),
(7, 'guest_1762949626121', '$2y$12$eb.jDAvqxATCnFstu0XwK.Rh6gJYBKdjw5Ue9abwcOC9YsLvvFJY6', 'Khách vãng lai', NULL, NULL, 'guest1762949626121@temp.com', 1, 0, 1),
(14, 'guest_guest_1762969205825', '$2y$12$iNtYR2yxJcwvlha98dQUheANOwJm439hdcTuqEvXeXtHM0jIcnMFe', 'Khách vãng lai', NULL, NULL, 'guestguest_1762969205825@temp.com', 1, 0, 1),
(15, 'guest_wHqVWf', '$2y$12$Fjl3arcNwwkpibZn6L2Ik.Dkxy7wStPnhRavaCFIbi5JHvAQCFLfG', 'Khách vãng lai', NULL, NULL, 'guest1762974912@temp.com', 1, 0, 1),
(16, 'guest_Q6VfhZ', '$2y$12$IM6yzt2BnKB2KVFILW7kb.itb/TdXujJ6xCNnXTCaiCIYT/piuk62', 'Khách vãng lai', NULL, NULL, 'guest1763024671@temp.com', 1, 0, 1);

--
-- Chỉ mục cho các bảng đã đổ
--

--
-- Chỉ mục cho bảng `binhluan`
--
ALTER TABLE `binhluan`
  ADD PRIMARY KEY (`id`),
  ADD KEY `binhluan_sanpham_id_foreign` (`sanpham_id`),
  ADD KEY `binhluan_user_id_foreign` (`user_id`);

--
-- Chỉ mục cho bảng `cache`
--
ALTER TABLE `cache`
  ADD PRIMARY KEY (`key`);

--
-- Chỉ mục cho bảng `cache_locks`
--
ALTER TABLE `cache_locks`
  ADD PRIMARY KEY (`key`);

--
-- Chỉ mục cho bảng `chitiet_donhang`
--
ALTER TABLE `chitiet_donhang`
  ADD PRIMARY KEY (`id`),
  ADD KEY `chitiet_donhang_donhang_id_foreign` (`donhang_id`);

--
-- Chỉ mục cho bảng `chuyenmuc`
--
ALTER TABLE `chuyenmuc`
  ADD PRIMARY KEY (`id`);

--
-- Chỉ mục cho bảng `danhmuc`
--
ALTER TABLE `danhmuc`
  ADD PRIMARY KEY (`id`);

--
-- Chỉ mục cho bảng `donhang`
--
ALTER TABLE `donhang`
  ADD PRIMARY KEY (`id`),
  ADD KEY `donhang_user_id_foreign` (`user_id`);

--
-- Chỉ mục cho bảng `failed_jobs`
--
ALTER TABLE `failed_jobs`
  ADD PRIMARY KEY (`id`),
  ADD UNIQUE KEY `failed_jobs_uuid_unique` (`uuid`);

--
-- Chỉ mục cho bảng `hang`
--
ALTER TABLE `hang`
  ADD PRIMARY KEY (`id`),
  ADD UNIQUE KEY `hang_tenhang_unique` (`tenhang`);

--
-- Chỉ mục cho bảng `jobs`
--
ALTER TABLE `jobs`
  ADD PRIMARY KEY (`id`),
  ADD KEY `jobs_queue_index` (`queue`);

--
-- Chỉ mục cho bảng `job_batches`
--
ALTER TABLE `job_batches`
  ADD PRIMARY KEY (`id`);

--
-- Chỉ mục cho bảng `kho`
--
ALTER TABLE `kho`
  ADD PRIMARY KEY (`id`);

--
-- Chỉ mục cho bảng `messages`
--
ALTER TABLE `messages`
  ADD PRIMARY KEY (`id`);

--
-- Chỉ mục cho bảng `migrations`
--
ALTER TABLE `migrations`
  ADD PRIMARY KEY (`id`);

--
-- Chỉ mục cho bảng `password_reset_tokens`
--
ALTER TABLE `password_reset_tokens`
  ADD PRIMARY KEY (`email`);

--
-- Chỉ mục cho bảng `pending_orders`
--
ALTER TABLE `pending_orders`
  ADD PRIMARY KEY (`id`),
  ADD UNIQUE KEY `pending_orders_txn_ref_unique` (`txn_ref`);

--
-- Chỉ mục cho bảng `personal_access_tokens`
--
ALTER TABLE `personal_access_tokens`
  ADD PRIMARY KEY (`id`),
  ADD UNIQUE KEY `personal_access_tokens_token_unique` (`token`),
  ADD KEY `personal_access_tokens_tokenable_type_tokenable_id_index` (`tokenable_type`,`tokenable_id`);

--
-- Chỉ mục cho bảng `sanpham`
--
ALTER TABLE `sanpham`
  ADD PRIMARY KEY (`masp`),
  ADD KEY `fk_sanpham_hang` (`hang_id`),
  ADD KEY `fk_sanpham_danhmuc` (`danhmuc_id`),
  ADD KEY `fk_sanpham_chuyenmuc` (`chuyenmuc_id`);

--
-- Chỉ mục cho bảng `sessions`
--
ALTER TABLE `sessions`
  ADD PRIMARY KEY (`id`),
  ADD KEY `sessions_user_id_index` (`user_id`),
  ADD KEY `sessions_last_activity_index` (`last_activity`);

--
-- Chỉ mục cho bảng `slideshow`
--
ALTER TABLE `slideshow`
  ADD PRIMARY KEY (`STT`);

--
-- Chỉ mục cho bảng `taikhoan`
--
ALTER TABLE `taikhoan`
  ADD PRIMARY KEY (`id`),
  ADD UNIQUE KEY `taikhoan_email_unique` (`email`);

--
-- AUTO_INCREMENT cho các bảng đã đổ
--

--
-- AUTO_INCREMENT cho bảng `binhluan`
--
ALTER TABLE `binhluan`
  MODIFY `id` bigint(20) UNSIGNED NOT NULL AUTO_INCREMENT, AUTO_INCREMENT=2;

--
-- AUTO_INCREMENT cho bảng `chitiet_donhang`
--
ALTER TABLE `chitiet_donhang`
  MODIFY `id` bigint(20) UNSIGNED NOT NULL AUTO_INCREMENT, AUTO_INCREMENT=27;

--
-- AUTO_INCREMENT cho bảng `chuyenmuc`
--
ALTER TABLE `chuyenmuc`
  MODIFY `id` bigint(20) UNSIGNED NOT NULL AUTO_INCREMENT, AUTO_INCREMENT=5;

--
-- AUTO_INCREMENT cho bảng `danhmuc`
--
ALTER TABLE `danhmuc`
  MODIFY `id` bigint(20) UNSIGNED NOT NULL AUTO_INCREMENT, AUTO_INCREMENT=53;

--
-- AUTO_INCREMENT cho bảng `donhang`
--
ALTER TABLE `donhang`
  MODIFY `id` bigint(20) UNSIGNED NOT NULL AUTO_INCREMENT, AUTO_INCREMENT=34;

--
-- AUTO_INCREMENT cho bảng `failed_jobs`
--
ALTER TABLE `failed_jobs`
  MODIFY `id` bigint(20) UNSIGNED NOT NULL AUTO_INCREMENT, AUTO_INCREMENT=3;

--
-- AUTO_INCREMENT cho bảng `hang`
--
ALTER TABLE `hang`
  MODIFY `id` bigint(20) UNSIGNED NOT NULL AUTO_INCREMENT, AUTO_INCREMENT=22;

--
-- AUTO_INCREMENT cho bảng `jobs`
--
ALTER TABLE `jobs`
  MODIFY `id` bigint(20) UNSIGNED NOT NULL AUTO_INCREMENT, AUTO_INCREMENT=44;

--
-- AUTO_INCREMENT cho bảng `kho`
--
ALTER TABLE `kho`
  MODIFY `id` int(11) NOT NULL AUTO_INCREMENT, AUTO_INCREMENT=82;

--
-- AUTO_INCREMENT cho bảng `messages`
--
ALTER TABLE `messages`
  MODIFY `id` bigint(20) UNSIGNED NOT NULL AUTO_INCREMENT, AUTO_INCREMENT=27;

--
-- AUTO_INCREMENT cho bảng `migrations`
--
ALTER TABLE `migrations`
  MODIFY `id` int(10) UNSIGNED NOT NULL AUTO_INCREMENT, AUTO_INCREMENT=14;

--
-- AUTO_INCREMENT cho bảng `pending_orders`
--
ALTER TABLE `pending_orders`
  MODIFY `id` bigint(20) UNSIGNED NOT NULL AUTO_INCREMENT, AUTO_INCREMENT=29;

--
-- AUTO_INCREMENT cho bảng `personal_access_tokens`
--
ALTER TABLE `personal_access_tokens`
  MODIFY `id` bigint(20) UNSIGNED NOT NULL AUTO_INCREMENT, AUTO_INCREMENT=97;

--
-- AUTO_INCREMENT cho bảng `sanpham`
--
ALTER TABLE `sanpham`
  MODIFY `masp` int(11) UNSIGNED NOT NULL AUTO_INCREMENT, AUTO_INCREMENT=179;

--
-- AUTO_INCREMENT cho bảng `taikhoan`
--
ALTER TABLE `taikhoan`
  MODIFY `id` int(11) NOT NULL AUTO_INCREMENT, AUTO_INCREMENT=17;

--
-- Các ràng buộc cho các bảng đã đổ
--

--
-- Các ràng buộc cho bảng `binhluan`
--
ALTER TABLE `binhluan`
  ADD CONSTRAINT `binhluan_sanpham_id_foreign` FOREIGN KEY (`sanpham_id`) REFERENCES `sanpham` (`masp`) ON DELETE CASCADE,
  ADD CONSTRAINT `binhluan_user_id_foreign` FOREIGN KEY (`user_id`) REFERENCES `taikhoan` (`id`) ON DELETE CASCADE;

--
-- Các ràng buộc cho bảng `chitiet_donhang`
--
ALTER TABLE `chitiet_donhang`
  ADD CONSTRAINT `chitiet_donhang_donhang_id_foreign` FOREIGN KEY (`donhang_id`) REFERENCES `donhang` (`id`) ON DELETE CASCADE;

--
-- Các ràng buộc cho bảng `donhang`
--
ALTER TABLE `donhang`
  ADD CONSTRAINT `donhang_user_id_foreign` FOREIGN KEY (`user_id`) REFERENCES `taikhoan` (`id`) ON DELETE CASCADE;

--
-- Các ràng buộc cho bảng `sanpham`
--
ALTER TABLE `sanpham`
  ADD CONSTRAINT `fk_sanpham_chuyenmuc` FOREIGN KEY (`chuyenmuc_id`) REFERENCES `chuyenmuc` (`id`) ON DELETE SET NULL,
  ADD CONSTRAINT `fk_sanpham_danhmuc` FOREIGN KEY (`danhmuc_id`) REFERENCES `danhmuc` (`id`) ON DELETE SET NULL,
  ADD CONSTRAINT `fk_sanpham_hang` FOREIGN KEY (`hang_id`) REFERENCES `hang` (`id`) ON DELETE SET NULL;
COMMIT;

/*!40101 SET CHARACTER_SET_CLIENT=@OLD_CHARACTER_SET_CLIENT */;
/*!40101 SET CHARACTER_SET_RESULTS=@OLD_CHARACTER_SET_RESULTS */;
/*!40101 SET COLLATION_CONNECTION=@OLD_COLLATION_CONNECTION */;
